SET session_replication_role = replica;

--
-- PostgreSQL database dump
--

-- \restrict mtPqWPYD8IsoYRKrgnSWPagzzdIuVyUzS9ecJoe2uWJmjTWdmfkVKVOCQj9FYEh

-- Dumped from database version 17.6
-- Dumped by pg_dump version 17.6

SET statement_timeout = 0;
SET lock_timeout = 0;
SET idle_in_transaction_session_timeout = 0;
SET transaction_timeout = 0;
SET client_encoding = 'UTF8';
SET standard_conforming_strings = on;
SELECT pg_catalog.set_config('search_path', '', false);
SET check_function_bodies = false;
SET xmloption = content;
SET client_min_messages = warning;
SET row_security = off;

--
-- Data for Name: audit_log_entries; Type: TABLE DATA; Schema: auth; Owner: supabase_auth_admin
--



--
-- Data for Name: custom_oauth_providers; Type: TABLE DATA; Schema: auth; Owner: supabase_auth_admin
--



--
-- Data for Name: flow_state; Type: TABLE DATA; Schema: auth; Owner: supabase_auth_admin
--



--
-- Data for Name: users; Type: TABLE DATA; Schema: auth; Owner: supabase_auth_admin
--

INSERT INTO "auth"."users" ("instance_id", "id", "aud", "role", "email", "encrypted_password", "email_confirmed_at", "invited_at", "confirmation_token", "confirmation_sent_at", "recovery_token", "recovery_sent_at", "email_change_token_new", "email_change", "email_change_sent_at", "last_sign_in_at", "raw_app_meta_data", "raw_user_meta_data", "is_super_admin", "created_at", "updated_at", "phone", "phone_confirmed_at", "phone_change", "phone_change_token", "phone_change_sent_at", "email_change_token_current", "email_change_confirm_status", "banned_until", "reauthentication_token", "reauthentication_sent_at", "is_sso_user", "deleted_at", "is_anonymous") VALUES
	('00000000-0000-0000-0000-000000000000', '28701cc0-5ea5-4083-8953-65493a8a05d0', 'authenticated', 'authenticated', 'chrysenheight@gmail.com', '$2a$10$tTx3Wimgtnlx4Nj8pEitEugDJrEoRYHNCEZ51Ig3jPjIxFV8ZpKAy', '2026-03-04 08:40:51.787809+00', '2026-03-04 08:40:21.945942+00', '', NULL, '', NULL, '', '', NULL, '2026-03-04 08:40:51.790436+00', '{"provider": "email", "providers": ["email"]}', '{"email_verified": true}', NULL, '2026-03-04 08:40:21.943043+00', '2026-04-20 16:35:46.170692+00', NULL, NULL, '', '', NULL, '', 0, NULL, '', NULL, false, NULL, false),
	('00000000-0000-0000-0000-000000000000', 'bc5a6bea-7a6b-4946-990f-ef2ba0ad78bc', 'authenticated', 'authenticated', 'tuoasty@gmail.com', '$2a$10$QoBNScfgWVO8v/5UhGBjbu1pwBQVpyfp8YJhu9URKwIw2/WVxVP2u', '2026-02-05 07:08:40.885964+00', NULL, '', NULL, '', NULL, '', '', NULL, '2026-04-02 05:26:17.906703+00', '{"provider": "email", "providers": ["email"]}', '{"email_verified": true}', NULL, '2026-02-05 07:08:40.872105+00', '2026-04-21 01:16:14.772529+00', NULL, NULL, '', '', NULL, '', 0, NULL, '', NULL, false, NULL, false),
	('00000000-0000-0000-0000-000000000000', 'ede4f9c4-2f56-431e-b6fc-6b420dabc1d1', 'authenticated', 'authenticated', 'kevinhendarto05@gmail.com', '$2a$10$NgMQVFjh1EOjoRu9uSMnBem6682XgVrIwbXV6qUoWyRaN4QJSGowe', '2026-03-04 08:39:47.152111+00', '2026-03-04 08:39:28.953814+00', '', NULL, '', NULL, '', '', NULL, '2026-03-04 08:39:47.155708+00', '{"provider": "email", "providers": ["email"]}', '{"email_verified": true}', NULL, '2026-03-04 08:39:28.942451+00', '2026-04-19 11:17:56.749228+00', NULL, NULL, '', '', NULL, '', 0, NULL, '', NULL, false, NULL, false);


--
-- Data for Name: identities; Type: TABLE DATA; Schema: auth; Owner: supabase_auth_admin
--

INSERT INTO "auth"."identities" ("provider_id", "user_id", "identity_data", "provider", "last_sign_in_at", "created_at", "updated_at", "id") VALUES
	('bc5a6bea-7a6b-4946-990f-ef2ba0ad78bc', 'bc5a6bea-7a6b-4946-990f-ef2ba0ad78bc', '{"sub": "bc5a6bea-7a6b-4946-990f-ef2ba0ad78bc", "email": "tuoasty@gmail.com", "email_verified": false, "phone_verified": false}', 'email', '2026-02-05 07:08:40.880728+00', '2026-02-05 07:08:40.880785+00', '2026-02-05 07:08:40.880785+00', '4405ba92-57fd-4fac-8c0d-29b71ef20b3f'),
	('ede4f9c4-2f56-431e-b6fc-6b420dabc1d1', 'ede4f9c4-2f56-431e-b6fc-6b420dabc1d1', '{"sub": "ede4f9c4-2f56-431e-b6fc-6b420dabc1d1", "email": "kevinhendarto05@gmail.com", "email_verified": true, "phone_verified": false}', 'email', '2026-03-04 08:39:28.951228+00', '2026-03-04 08:39:28.951271+00', '2026-03-04 08:39:28.951271+00', 'fa3aadea-3ee5-4c29-ab7d-21e119871a1c'),
	('28701cc0-5ea5-4083-8953-65493a8a05d0', '28701cc0-5ea5-4083-8953-65493a8a05d0', '{"sub": "28701cc0-5ea5-4083-8953-65493a8a05d0", "email": "chrysenheight@gmail.com", "email_verified": true, "phone_verified": false}', 'email', '2026-03-04 08:40:21.945078+00', '2026-03-04 08:40:21.945118+00', '2026-03-04 08:40:21.945118+00', 'b4752d9f-034f-4e38-a048-538422907c00');


--
-- Data for Name: instances; Type: TABLE DATA; Schema: auth; Owner: supabase_auth_admin
--



--
-- Data for Name: oauth_clients; Type: TABLE DATA; Schema: auth; Owner: supabase_auth_admin
--



--
-- Data for Name: sessions; Type: TABLE DATA; Schema: auth; Owner: supabase_auth_admin
--

INSERT INTO "auth"."sessions" ("id", "user_id", "created_at", "updated_at", "factor_id", "aal", "not_after", "refreshed_at", "user_agent", "ip", "tag", "oauth_client_id", "refresh_token_hmac_key", "refresh_token_counter", "scopes") VALUES
	('6df62791-1c4a-41da-b77f-3c572e288d10', '28701cc0-5ea5-4083-8953-65493a8a05d0', '2026-03-04 08:40:51.790517+00', '2026-04-20 16:35:46.191072+00', NULL, 'aal1', NULL, '2026-04-20 16:35:46.190964', 'node', '47.129.190.196', NULL, NULL, NULL, NULL, NULL),
	('955e92e0-ae24-4b37-9242-9efff05afde8', 'bc5a6bea-7a6b-4946-990f-ef2ba0ad78bc', '2026-03-09 05:11:34.259823+00', '2026-04-21 01:16:14.790758+00', NULL, 'aal1', NULL, '2026-04-21 01:16:14.789978', 'node', '54.179.179.59', NULL, NULL, NULL, NULL, NULL),
	('bbc376c7-4bf0-43b2-848c-1d9d4faf27f8', 'bc5a6bea-7a6b-4946-990f-ef2ba0ad78bc', '2026-03-08 11:54:27.09157+00', '2026-04-17 07:58:16.353663+00', NULL, 'aal1', NULL, '2026-04-17 07:58:16.353576', 'node', '202.58.180.100', NULL, NULL, NULL, NULL, NULL),
	('ffb5020d-7698-4952-a8cb-d681c87fd21a', 'ede4f9c4-2f56-431e-b6fc-6b420dabc1d1', '2026-03-04 08:39:47.15579+00', '2026-04-19 11:17:59.462681+00', NULL, 'aal1', NULL, '2026-04-19 11:17:59.46258', 'node', '65.1.108.63', NULL, NULL, NULL, NULL, NULL),
	('daeb1fc6-c6cf-446f-b7aa-627f64b2ecd4', 'bc5a6bea-7a6b-4946-990f-ef2ba0ad78bc', '2026-04-02 05:26:17.906794+00', '2026-04-16 09:46:36.313217+00', NULL, 'aal1', NULL, '2026-04-16 09:46:36.313131', 'node', '3.110.75.5', NULL, NULL, NULL, NULL, NULL);


--
-- Data for Name: mfa_amr_claims; Type: TABLE DATA; Schema: auth; Owner: supabase_auth_admin
--

INSERT INTO "auth"."mfa_amr_claims" ("session_id", "created_at", "updated_at", "authentication_method", "id") VALUES
	('ffb5020d-7698-4952-a8cb-d681c87fd21a', '2026-03-04 08:39:47.159003+00', '2026-03-04 08:39:47.159003+00', 'otp', '2eec0d9a-0f56-474b-8ae9-4797fd0048c6'),
	('6df62791-1c4a-41da-b77f-3c572e288d10', '2026-03-04 08:40:51.795555+00', '2026-03-04 08:40:51.795555+00', 'otp', '159baabd-4b88-4e7f-bb2c-a707bb848151'),
	('bbc376c7-4bf0-43b2-848c-1d9d4faf27f8', '2026-03-08 11:54:27.154256+00', '2026-03-08 11:54:27.154256+00', 'password', '53b8cf88-c56f-441f-8b22-ca9119f48eba'),
	('955e92e0-ae24-4b37-9242-9efff05afde8', '2026-03-09 05:11:34.292537+00', '2026-03-09 05:11:34.292537+00', 'password', 'ce728947-d155-4097-b515-63adb876252e'),
	('daeb1fc6-c6cf-446f-b7aa-627f64b2ecd4', '2026-04-02 05:26:17.940375+00', '2026-04-02 05:26:17.940375+00', 'password', 'f680de32-8c45-4d36-ad2c-99c7204a0f7c');


--
-- Data for Name: mfa_factors; Type: TABLE DATA; Schema: auth; Owner: supabase_auth_admin
--



--
-- Data for Name: mfa_challenges; Type: TABLE DATA; Schema: auth; Owner: supabase_auth_admin
--



--
-- Data for Name: oauth_authorizations; Type: TABLE DATA; Schema: auth; Owner: supabase_auth_admin
--



--
-- Data for Name: oauth_client_states; Type: TABLE DATA; Schema: auth; Owner: supabase_auth_admin
--



--
-- Data for Name: oauth_consents; Type: TABLE DATA; Schema: auth; Owner: supabase_auth_admin
--



--
-- Data for Name: one_time_tokens; Type: TABLE DATA; Schema: auth; Owner: supabase_auth_admin
--



--
-- Data for Name: refresh_tokens; Type: TABLE DATA; Schema: auth; Owner: supabase_auth_admin
--

INSERT INTO "auth"."refresh_tokens" ("instance_id", "id", "token", "user_id", "revoked", "created_at", "updated_at", "parent", "session_id") VALUES
	('00000000-0000-0000-0000-000000000000', 162, 'zhi2gpzdczyh', '28701cc0-5ea5-4083-8953-65493a8a05d0', true, '2026-03-09 05:46:30.864267+00', '2026-04-14 04:25:54.406568+00', '45doflunzmwj', '6df62791-1c4a-41da-b77f-3c572e288d10'),
	('00000000-0000-0000-0000-000000000000', 157, 'z6i4gcw6jf3v', 'bc5a6bea-7a6b-4946-990f-ef2ba0ad78bc', true, '2026-03-08 11:54:27.126598+00', '2026-03-08 15:28:14.351438+00', NULL, 'bbc376c7-4bf0-43b2-848c-1d9d4faf27f8'),
	('00000000-0000-0000-0000-000000000000', 159, '3xr43w5ix5n7', 'ede4f9c4-2f56-431e-b6fc-6b420dabc1d1', true, '2026-03-09 03:31:23.472562+00', '2026-04-18 17:00:12.404918+00', 'nbo6d3tplwof', 'ffb5020d-7698-4952-a8cb-d681c87fd21a'),
	('00000000-0000-0000-0000-000000000000', 89, 'nbo6d3tplwof', 'ede4f9c4-2f56-431e-b6fc-6b420dabc1d1', true, '2026-03-04 08:39:47.157563+00', '2026-03-09 03:31:23.453259+00', NULL, 'ffb5020d-7698-4952-a8cb-d681c87fd21a'),
	('00000000-0000-0000-0000-000000000000', 158, 'dst4gev5gw6e', 'bc5a6bea-7a6b-4946-990f-ef2ba0ad78bc', true, '2026-03-08 15:28:14.378902+00', '2026-03-09 04:44:04.20577+00', 'z6i4gcw6jf3v', 'bbc376c7-4bf0-43b2-848c-1d9d4faf27f8'),
	('00000000-0000-0000-0000-000000000000', 93, '45doflunzmwj', '28701cc0-5ea5-4083-8953-65493a8a05d0', true, '2026-03-04 10:02:26.533596+00', '2026-03-09 05:46:30.849268+00', 'laf5qi7yb34r', '6df62791-1c4a-41da-b77f-3c572e288d10'),
	('00000000-0000-0000-0000-000000000000', 160, 'su2qpxip56zx', 'bc5a6bea-7a6b-4946-990f-ef2ba0ad78bc', true, '2026-03-09 04:44:04.220124+00', '2026-03-09 05:59:43.728038+00', 'dst4gev5gw6e', 'bbc376c7-4bf0-43b2-848c-1d9d4faf27f8'),
	('00000000-0000-0000-0000-000000000000', 161, 'k72folkmgcvc', 'bc5a6bea-7a6b-4946-990f-ef2ba0ad78bc', true, '2026-03-09 05:11:34.277805+00', '2026-03-09 06:09:50.909616+00', NULL, '955e92e0-ae24-4b37-9242-9efff05afde8'),
	('00000000-0000-0000-0000-000000000000', 90, 'laf5qi7yb34r', '28701cc0-5ea5-4083-8953-65493a8a05d0', true, '2026-03-04 08:40:51.792691+00', '2026-03-04 10:02:26.517644+00', NULL, '6df62791-1c4a-41da-b77f-3c572e288d10'),
	('00000000-0000-0000-0000-000000000000', 163, 'otwsmsnzvgts', 'bc5a6bea-7a6b-4946-990f-ef2ba0ad78bc', true, '2026-03-09 05:59:43.734733+00', '2026-03-09 07:05:02.206506+00', 'su2qpxip56zx', 'bbc376c7-4bf0-43b2-848c-1d9d4faf27f8'),
	('00000000-0000-0000-0000-000000000000', 164, 'y67xw2y5tm7c', 'bc5a6bea-7a6b-4946-990f-ef2ba0ad78bc', true, '2026-03-09 06:09:50.923489+00', '2026-03-09 07:09:37.142548+00', 'k72folkmgcvc', '955e92e0-ae24-4b37-9242-9efff05afde8'),
	('00000000-0000-0000-0000-000000000000', 166, 'nguw5pe6bmva', 'bc5a6bea-7a6b-4946-990f-ef2ba0ad78bc', true, '2026-03-09 07:09:37.146821+00', '2026-03-09 08:09:40.844042+00', 'y67xw2y5tm7c', '955e92e0-ae24-4b37-9242-9efff05afde8'),
	('00000000-0000-0000-0000-000000000000', 165, 'oehvnguab6iw', 'bc5a6bea-7a6b-4946-990f-ef2ba0ad78bc', true, '2026-03-09 07:05:02.21876+00', '2026-03-09 08:27:14.85179+00', 'otwsmsnzvgts', 'bbc376c7-4bf0-43b2-848c-1d9d4faf27f8'),
	('00000000-0000-0000-0000-000000000000', 167, 'etpaymteqjts', 'bc5a6bea-7a6b-4946-990f-ef2ba0ad78bc', true, '2026-03-09 08:09:40.855382+00', '2026-03-09 11:42:11.857388+00', 'nguw5pe6bmva', '955e92e0-ae24-4b37-9242-9efff05afde8'),
	('00000000-0000-0000-0000-000000000000', 169, 'rmj7actx2dss', 'bc5a6bea-7a6b-4946-990f-ef2ba0ad78bc', true, '2026-03-09 11:42:11.882023+00', '2026-03-09 13:19:57.147836+00', 'etpaymteqjts', '955e92e0-ae24-4b37-9242-9efff05afde8'),
	('00000000-0000-0000-0000-000000000000', 170, 'uue5tgu4ryxa', 'bc5a6bea-7a6b-4946-990f-ef2ba0ad78bc', true, '2026-03-09 13:19:57.169486+00', '2026-03-09 14:34:56.155973+00', 'rmj7actx2dss', '955e92e0-ae24-4b37-9242-9efff05afde8'),
	('00000000-0000-0000-0000-000000000000', 168, '7bdekz6jvswd', 'bc5a6bea-7a6b-4946-990f-ef2ba0ad78bc', true, '2026-03-09 08:27:14.874544+00', '2026-03-09 14:43:36.997085+00', 'oehvnguab6iw', 'bbc376c7-4bf0-43b2-848c-1d9d4faf27f8'),
	('00000000-0000-0000-0000-000000000000', 171, 'kijcn2yfyqi6', 'bc5a6bea-7a6b-4946-990f-ef2ba0ad78bc', true, '2026-03-09 14:34:56.181411+00', '2026-03-09 15:50:48.316322+00', 'uue5tgu4ryxa', '955e92e0-ae24-4b37-9242-9efff05afde8'),
	('00000000-0000-0000-0000-000000000000', 172, 'xgt4syu4o4rf', 'bc5a6bea-7a6b-4946-990f-ef2ba0ad78bc', true, '2026-03-09 14:43:37.001843+00', '2026-03-09 16:33:15.333977+00', '7bdekz6jvswd', 'bbc376c7-4bf0-43b2-848c-1d9d4faf27f8'),
	('00000000-0000-0000-0000-000000000000', 173, 'pxd4cmdfuy43', 'bc5a6bea-7a6b-4946-990f-ef2ba0ad78bc', true, '2026-03-09 15:50:48.343894+00', '2026-03-10 02:19:29.009286+00', 'kijcn2yfyqi6', '955e92e0-ae24-4b37-9242-9efff05afde8'),
	('00000000-0000-0000-0000-000000000000', 174, '5dtqqrokj6dw', 'bc5a6bea-7a6b-4946-990f-ef2ba0ad78bc', true, '2026-03-09 16:33:15.348885+00', '2026-03-10 02:31:43.595012+00', 'xgt4syu4o4rf', 'bbc376c7-4bf0-43b2-848c-1d9d4faf27f8'),
	('00000000-0000-0000-0000-000000000000', 175, 'nfkfhcqfgssu', 'bc5a6bea-7a6b-4946-990f-ef2ba0ad78bc', true, '2026-03-10 02:19:29.040798+00', '2026-03-10 03:19:53.565839+00', 'pxd4cmdfuy43', '955e92e0-ae24-4b37-9242-9efff05afde8'),
	('00000000-0000-0000-0000-000000000000', 176, 'kwza23ydxvbn', 'bc5a6bea-7a6b-4946-990f-ef2ba0ad78bc', true, '2026-03-10 02:31:43.606691+00', '2026-03-10 03:38:08.78102+00', '5dtqqrokj6dw', 'bbc376c7-4bf0-43b2-848c-1d9d4faf27f8'),
	('00000000-0000-0000-0000-000000000000', 177, 'tvl6xg4v6ug3', 'bc5a6bea-7a6b-4946-990f-ef2ba0ad78bc', true, '2026-03-10 03:19:53.592929+00', '2026-03-10 04:26:01.572887+00', 'nfkfhcqfgssu', '955e92e0-ae24-4b37-9242-9efff05afde8'),
	('00000000-0000-0000-0000-000000000000', 179, 'e5kjiy7zdizs', 'bc5a6bea-7a6b-4946-990f-ef2ba0ad78bc', true, '2026-03-10 04:26:01.595044+00', '2026-03-10 06:19:48.365351+00', 'tvl6xg4v6ug3', '955e92e0-ae24-4b37-9242-9efff05afde8'),
	('00000000-0000-0000-0000-000000000000', 178, '47q3qnlitwl2', 'bc5a6bea-7a6b-4946-990f-ef2ba0ad78bc', true, '2026-03-10 03:38:08.80122+00', '2026-03-10 06:50:17.217904+00', 'kwza23ydxvbn', 'bbc376c7-4bf0-43b2-848c-1d9d4faf27f8'),
	('00000000-0000-0000-0000-000000000000', 180, 'ybjuri2kbpbp', 'bc5a6bea-7a6b-4946-990f-ef2ba0ad78bc', true, '2026-03-10 06:19:48.386781+00', '2026-03-10 10:58:29.028298+00', 'e5kjiy7zdizs', '955e92e0-ae24-4b37-9242-9efff05afde8'),
	('00000000-0000-0000-0000-000000000000', 182, 'k5yjeo3txxla', 'bc5a6bea-7a6b-4946-990f-ef2ba0ad78bc', true, '2026-03-10 10:58:29.04712+00', '2026-03-10 15:25:16.646808+00', 'ybjuri2kbpbp', '955e92e0-ae24-4b37-9242-9efff05afde8'),
	('00000000-0000-0000-0000-000000000000', 183, 'k4jv7zo75vfi', 'bc5a6bea-7a6b-4946-990f-ef2ba0ad78bc', true, '2026-03-10 15:25:16.670391+00', '2026-03-11 02:14:06.273419+00', 'k5yjeo3txxla', '955e92e0-ae24-4b37-9242-9efff05afde8'),
	('00000000-0000-0000-0000-000000000000', 184, '2uzzsgaig47o', 'bc5a6bea-7a6b-4946-990f-ef2ba0ad78bc', true, '2026-03-11 02:14:06.304686+00', '2026-03-11 03:12:13.913331+00', 'k4jv7zo75vfi', '955e92e0-ae24-4b37-9242-9efff05afde8'),
	('00000000-0000-0000-0000-000000000000', 185, '3wig3rmrgveh', 'bc5a6bea-7a6b-4946-990f-ef2ba0ad78bc', true, '2026-03-11 03:12:13.941628+00', '2026-03-11 16:07:39.567692+00', '2uzzsgaig47o', '955e92e0-ae24-4b37-9242-9efff05afde8'),
	('00000000-0000-0000-0000-000000000000', 186, '7oyskyv3cqv5', 'bc5a6bea-7a6b-4946-990f-ef2ba0ad78bc', true, '2026-03-11 16:07:39.588989+00', '2026-03-12 03:19:59.486041+00', '3wig3rmrgveh', '955e92e0-ae24-4b37-9242-9efff05afde8'),
	('00000000-0000-0000-0000-000000000000', 187, '7zrqg4j6zu3g', 'bc5a6bea-7a6b-4946-990f-ef2ba0ad78bc', true, '2026-03-12 03:19:59.512063+00', '2026-03-12 08:44:21.210725+00', '7oyskyv3cqv5', '955e92e0-ae24-4b37-9242-9efff05afde8'),
	('00000000-0000-0000-0000-000000000000', 188, 'rjoyhcbnynrv', 'bc5a6bea-7a6b-4946-990f-ef2ba0ad78bc', true, '2026-03-12 08:44:21.236046+00', '2026-03-12 11:40:43.560046+00', '7zrqg4j6zu3g', '955e92e0-ae24-4b37-9242-9efff05afde8'),
	('00000000-0000-0000-0000-000000000000', 189, 'uqktl5yreaxz', 'bc5a6bea-7a6b-4946-990f-ef2ba0ad78bc', true, '2026-03-12 11:40:43.589056+00', '2026-03-12 16:44:37.954664+00', 'rjoyhcbnynrv', '955e92e0-ae24-4b37-9242-9efff05afde8'),
	('00000000-0000-0000-0000-000000000000', 190, 'vwkolwn74sra', 'bc5a6bea-7a6b-4946-990f-ef2ba0ad78bc', true, '2026-03-12 16:44:37.980131+00', '2026-03-13 00:09:29.599442+00', 'uqktl5yreaxz', '955e92e0-ae24-4b37-9242-9efff05afde8'),
	('00000000-0000-0000-0000-000000000000', 181, 'nf7grnkbxpls', 'bc5a6bea-7a6b-4946-990f-ef2ba0ad78bc', true, '2026-03-10 06:50:17.22827+00', '2026-03-13 01:49:49.330894+00', '47q3qnlitwl2', 'bbc376c7-4bf0-43b2-848c-1d9d4faf27f8'),
	('00000000-0000-0000-0000-000000000000', 191, '3kpsn7nllkz6', 'bc5a6bea-7a6b-4946-990f-ef2ba0ad78bc', true, '2026-03-13 00:09:29.627374+00', '2026-03-13 02:12:58.14589+00', 'vwkolwn74sra', '955e92e0-ae24-4b37-9242-9efff05afde8'),
	('00000000-0000-0000-0000-000000000000', 193, 'w4l5cu5ux3o5', 'bc5a6bea-7a6b-4946-990f-ef2ba0ad78bc', true, '2026-03-13 02:12:58.176791+00', '2026-03-13 03:38:16.685274+00', '3kpsn7nllkz6', '955e92e0-ae24-4b37-9242-9efff05afde8'),
	('00000000-0000-0000-0000-000000000000', 194, 'uvc5cg4tio7v', 'bc5a6bea-7a6b-4946-990f-ef2ba0ad78bc', true, '2026-03-13 03:38:16.712867+00', '2026-03-13 13:11:35.12659+00', 'w4l5cu5ux3o5', '955e92e0-ae24-4b37-9242-9efff05afde8'),
	('00000000-0000-0000-0000-000000000000', 195, 'b5pn4q66j3fr', 'bc5a6bea-7a6b-4946-990f-ef2ba0ad78bc', true, '2026-03-13 13:11:35.149022+00', '2026-03-14 04:05:36.863617+00', 'uvc5cg4tio7v', '955e92e0-ae24-4b37-9242-9efff05afde8'),
	('00000000-0000-0000-0000-000000000000', 196, 'w4fx4pdqzpr6', 'bc5a6bea-7a6b-4946-990f-ef2ba0ad78bc', true, '2026-03-14 04:05:36.89535+00', '2026-03-14 08:17:58.236228+00', 'b5pn4q66j3fr', '955e92e0-ae24-4b37-9242-9efff05afde8'),
	('00000000-0000-0000-0000-000000000000', 197, '3jciaf36kbrx', 'bc5a6bea-7a6b-4946-990f-ef2ba0ad78bc', true, '2026-03-14 08:17:58.262246+00', '2026-03-14 11:19:42.490704+00', 'w4fx4pdqzpr6', '955e92e0-ae24-4b37-9242-9efff05afde8'),
	('00000000-0000-0000-0000-000000000000', 198, '5jfhobnjbzuo', 'bc5a6bea-7a6b-4946-990f-ef2ba0ad78bc', true, '2026-03-14 11:19:42.515514+00', '2026-03-14 12:20:35.476546+00', '3jciaf36kbrx', '955e92e0-ae24-4b37-9242-9efff05afde8'),
	('00000000-0000-0000-0000-000000000000', 199, '7w5lmswxhrok', 'bc5a6bea-7a6b-4946-990f-ef2ba0ad78bc', true, '2026-03-14 12:20:35.496512+00', '2026-03-14 13:33:13.742854+00', '5jfhobnjbzuo', '955e92e0-ae24-4b37-9242-9efff05afde8'),
	('00000000-0000-0000-0000-000000000000', 200, 'd3ip27jpxibq', 'bc5a6bea-7a6b-4946-990f-ef2ba0ad78bc', true, '2026-03-14 13:33:13.761702+00', '2026-03-14 17:57:46.1877+00', '7w5lmswxhrok', '955e92e0-ae24-4b37-9242-9efff05afde8'),
	('00000000-0000-0000-0000-000000000000', 201, 'vzda47z2ee6f', 'bc5a6bea-7a6b-4946-990f-ef2ba0ad78bc', true, '2026-03-14 17:57:46.21473+00', '2026-03-15 15:55:14.711943+00', 'd3ip27jpxibq', '955e92e0-ae24-4b37-9242-9efff05afde8'),
	('00000000-0000-0000-0000-000000000000', 202, 'k5ay4d5ibt54', 'bc5a6bea-7a6b-4946-990f-ef2ba0ad78bc', true, '2026-03-15 15:55:14.740796+00', '2026-03-15 18:37:02.152761+00', 'vzda47z2ee6f', '955e92e0-ae24-4b37-9242-9efff05afde8'),
	('00000000-0000-0000-0000-000000000000', 203, 'e7jjwss2mtmd', 'bc5a6bea-7a6b-4946-990f-ef2ba0ad78bc', true, '2026-03-15 18:37:02.178304+00', '2026-03-16 03:29:15.113225+00', 'k5ay4d5ibt54', '955e92e0-ae24-4b37-9242-9efff05afde8'),
	('00000000-0000-0000-0000-000000000000', 192, 'jfueclfjlyqt', 'bc5a6bea-7a6b-4946-990f-ef2ba0ad78bc', true, '2026-03-13 01:49:49.364125+00', '2026-03-17 10:04:53.73425+00', 'nf7grnkbxpls', 'bbc376c7-4bf0-43b2-848c-1d9d4faf27f8'),
	('00000000-0000-0000-0000-000000000000', 219, 't7qxkwgrrn67', 'bc5a6bea-7a6b-4946-990f-ef2ba0ad78bc', true, '2026-03-19 10:44:57.498645+00', '2026-03-20 02:35:52.717466+00', 'tdbwsmukorwq', '955e92e0-ae24-4b37-9242-9efff05afde8'),
	('00000000-0000-0000-0000-000000000000', 204, 'fitkemherqmc', 'bc5a6bea-7a6b-4946-990f-ef2ba0ad78bc', true, '2026-03-16 03:29:15.142548+00', '2026-03-16 07:41:09.947003+00', 'e7jjwss2mtmd', '955e92e0-ae24-4b37-9242-9efff05afde8'),
	('00000000-0000-0000-0000-000000000000', 220, 'lknha2s72t36', 'bc5a6bea-7a6b-4946-990f-ef2ba0ad78bc', true, '2026-03-20 02:35:52.744664+00', '2026-03-20 14:41:00.005047+00', 't7qxkwgrrn67', '955e92e0-ae24-4b37-9242-9efff05afde8'),
	('00000000-0000-0000-0000-000000000000', 205, 'khl3bb6k4h63', 'bc5a6bea-7a6b-4946-990f-ef2ba0ad78bc', true, '2026-03-16 07:41:09.97105+00', '2026-03-16 18:11:33.804724+00', 'fitkemherqmc', '955e92e0-ae24-4b37-9242-9efff05afde8'),
	('00000000-0000-0000-0000-000000000000', 206, 'kdt77zxodufe', 'bc5a6bea-7a6b-4946-990f-ef2ba0ad78bc', true, '2026-03-16 18:11:33.828962+00', '2026-03-17 02:49:48.943446+00', 'khl3bb6k4h63', '955e92e0-ae24-4b37-9242-9efff05afde8'),
	('00000000-0000-0000-0000-000000000000', 221, '64xk3s33pv5p', 'bc5a6bea-7a6b-4946-990f-ef2ba0ad78bc', true, '2026-03-20 14:41:00.035278+00', '2026-03-20 17:15:00.597451+00', 'lknha2s72t36', '955e92e0-ae24-4b37-9242-9efff05afde8'),
	('00000000-0000-0000-0000-000000000000', 207, 'dyox2loksadj', 'bc5a6bea-7a6b-4946-990f-ef2ba0ad78bc', true, '2026-03-17 02:49:48.970985+00', '2026-03-17 06:24:44.896103+00', 'kdt77zxodufe', '955e92e0-ae24-4b37-9242-9efff05afde8'),
	('00000000-0000-0000-0000-000000000000', 222, 'lxqw4b6t5d4v', 'bc5a6bea-7a6b-4946-990f-ef2ba0ad78bc', true, '2026-03-20 17:15:00.62226+00', '2026-03-21 02:49:50.11174+00', '64xk3s33pv5p', '955e92e0-ae24-4b37-9242-9efff05afde8'),
	('00000000-0000-0000-0000-000000000000', 208, '3l4ajx4u3emt', 'bc5a6bea-7a6b-4946-990f-ef2ba0ad78bc', true, '2026-03-17 06:24:44.926104+00', '2026-03-17 09:02:15.158058+00', 'dyox2loksadj', '955e92e0-ae24-4b37-9242-9efff05afde8'),
	('00000000-0000-0000-0000-000000000000', 231, 'ckl5ij4gbmem', 'bc5a6bea-7a6b-4946-990f-ef2ba0ad78bc', true, '2026-03-22 16:16:50.946837+00', '2026-04-16 09:46:36.048373+00', 'owzcdo4vjhom', 'bbc376c7-4bf0-43b2-848c-1d9d4faf27f8'),
	('00000000-0000-0000-0000-000000000000', 209, 'rcs34z7mnper', 'bc5a6bea-7a6b-4946-990f-ef2ba0ad78bc', true, '2026-03-17 09:02:15.175286+00', '2026-03-17 10:09:18.7073+00', '3l4ajx4u3emt', '955e92e0-ae24-4b37-9242-9efff05afde8'),
	('00000000-0000-0000-0000-000000000000', 223, 'uy2faxwqof5u', 'bc5a6bea-7a6b-4946-990f-ef2ba0ad78bc', true, '2026-03-21 02:49:50.149755+00', '2026-03-21 17:21:56.748144+00', 'lxqw4b6t5d4v', '955e92e0-ae24-4b37-9242-9efff05afde8'),
	('00000000-0000-0000-0000-000000000000', 211, 'fpubitmbfi5c', 'bc5a6bea-7a6b-4946-990f-ef2ba0ad78bc', true, '2026-03-17 10:09:18.713494+00', '2026-03-17 12:03:16.546802+00', 'rcs34z7mnper', '955e92e0-ae24-4b37-9242-9efff05afde8'),
	('00000000-0000-0000-0000-000000000000', 224, 'sdmrn35ipx3r', 'bc5a6bea-7a6b-4946-990f-ef2ba0ad78bc', true, '2026-03-21 17:21:56.78049+00', '2026-03-22 09:58:18.439336+00', 'uy2faxwqof5u', '955e92e0-ae24-4b37-9242-9efff05afde8'),
	('00000000-0000-0000-0000-000000000000', 212, 'xi6bxiqqzzyh', 'bc5a6bea-7a6b-4946-990f-ef2ba0ad78bc', true, '2026-03-17 12:03:16.570809+00', '2026-03-17 18:00:20.333916+00', 'fpubitmbfi5c', '955e92e0-ae24-4b37-9242-9efff05afde8'),
	('00000000-0000-0000-0000-000000000000', 213, 'e6ys2l7v4tdq', 'bc5a6bea-7a6b-4946-990f-ef2ba0ad78bc', true, '2026-03-17 18:00:20.360405+00', '2026-03-18 03:28:44.228029+00', 'xi6bxiqqzzyh', '955e92e0-ae24-4b37-9242-9efff05afde8'),
	('00000000-0000-0000-0000-000000000000', 225, 'hc726r6y4h7i', 'bc5a6bea-7a6b-4946-990f-ef2ba0ad78bc', true, '2026-03-22 09:58:18.476728+00', '2026-03-22 12:02:10.475002+00', 'sdmrn35ipx3r', '955e92e0-ae24-4b37-9242-9efff05afde8'),
	('00000000-0000-0000-0000-000000000000', 214, 'uuhwhmvdm746', 'bc5a6bea-7a6b-4946-990f-ef2ba0ad78bc', true, '2026-03-18 03:28:44.249322+00', '2026-03-18 09:58:49.210198+00', 'e6ys2l7v4tdq', '955e92e0-ae24-4b37-9242-9efff05afde8'),
	('00000000-0000-0000-0000-000000000000', 226, '5qyxz6jzgga5', 'bc5a6bea-7a6b-4946-990f-ef2ba0ad78bc', true, '2026-03-22 12:02:10.50015+00', '2026-03-22 13:53:27.316411+00', 'hc726r6y4h7i', '955e92e0-ae24-4b37-9242-9efff05afde8'),
	('00000000-0000-0000-0000-000000000000', 215, 'obxkoidsx2kc', 'bc5a6bea-7a6b-4946-990f-ef2ba0ad78bc', true, '2026-03-18 09:58:49.23711+00', '2026-03-18 14:15:44.1061+00', 'uuhwhmvdm746', '955e92e0-ae24-4b37-9242-9efff05afde8'),
	('00000000-0000-0000-0000-000000000000', 216, 'jcir7fibxnhi', 'bc5a6bea-7a6b-4946-990f-ef2ba0ad78bc', true, '2026-03-18 14:15:44.136062+00', '2026-03-19 01:45:16.251442+00', 'obxkoidsx2kc', '955e92e0-ae24-4b37-9242-9efff05afde8'),
	('00000000-0000-0000-0000-000000000000', 227, 'se3ofr5w4f7f', 'bc5a6bea-7a6b-4946-990f-ef2ba0ad78bc', true, '2026-03-22 13:53:27.344901+00', '2026-03-22 15:04:54.184288+00', '5qyxz6jzgga5', '955e92e0-ae24-4b37-9242-9efff05afde8'),
	('00000000-0000-0000-0000-000000000000', 217, 'ez2qdmidibhq', 'bc5a6bea-7a6b-4946-990f-ef2ba0ad78bc', true, '2026-03-19 01:45:16.281011+00', '2026-03-19 09:17:11.109533+00', 'jcir7fibxnhi', '955e92e0-ae24-4b37-9242-9efff05afde8'),
	('00000000-0000-0000-0000-000000000000', 210, 'cb7va2ttxz67', 'bc5a6bea-7a6b-4946-990f-ef2ba0ad78bc', true, '2026-03-17 10:04:53.75874+00', '2026-03-22 15:10:53.653534+00', 'jfueclfjlyqt', 'bbc376c7-4bf0-43b2-848c-1d9d4faf27f8'),
	('00000000-0000-0000-0000-000000000000', 218, 'tdbwsmukorwq', 'bc5a6bea-7a6b-4946-990f-ef2ba0ad78bc', true, '2026-03-19 09:17:11.134194+00', '2026-03-19 10:44:57.473519+00', 'ez2qdmidibhq', '955e92e0-ae24-4b37-9242-9efff05afde8'),
	('00000000-0000-0000-0000-000000000000', 228, '5m4vng2nfkqq', 'bc5a6bea-7a6b-4946-990f-ef2ba0ad78bc', true, '2026-03-22 15:04:54.191957+00', '2026-03-22 16:06:36.745716+00', 'se3ofr5w4f7f', '955e92e0-ae24-4b37-9242-9efff05afde8'),
	('00000000-0000-0000-0000-000000000000', 229, 'owzcdo4vjhom', 'bc5a6bea-7a6b-4946-990f-ef2ba0ad78bc', true, '2026-03-22 15:10:53.662888+00', '2026-03-22 16:16:50.925397+00', 'cb7va2ttxz67', 'bbc376c7-4bf0-43b2-848c-1d9d4faf27f8'),
	('00000000-0000-0000-0000-000000000000', 230, 's3dyhz2nqtlw', 'bc5a6bea-7a6b-4946-990f-ef2ba0ad78bc', true, '2026-03-22 16:06:36.761182+00', '2026-03-23 01:43:34.317479+00', '5m4vng2nfkqq', '955e92e0-ae24-4b37-9242-9efff05afde8'),
	('00000000-0000-0000-0000-000000000000', 232, 'x4errsctx27t', 'bc5a6bea-7a6b-4946-990f-ef2ba0ad78bc', true, '2026-03-23 01:43:34.35249+00', '2026-03-23 03:40:39.225241+00', 's3dyhz2nqtlw', '955e92e0-ae24-4b37-9242-9efff05afde8'),
	('00000000-0000-0000-0000-000000000000', 233, '7pow7e2vzvms', 'bc5a6bea-7a6b-4946-990f-ef2ba0ad78bc', true, '2026-03-23 03:40:39.24565+00', '2026-03-23 04:50:32.50912+00', 'x4errsctx27t', '955e92e0-ae24-4b37-9242-9efff05afde8'),
	('00000000-0000-0000-0000-000000000000', 234, 'tbo7pcrpyyex', 'bc5a6bea-7a6b-4946-990f-ef2ba0ad78bc', true, '2026-03-23 04:50:32.542475+00', '2026-03-23 10:07:09.243735+00', '7pow7e2vzvms', '955e92e0-ae24-4b37-9242-9efff05afde8'),
	('00000000-0000-0000-0000-000000000000', 235, 'yzple3xrzh67', 'bc5a6bea-7a6b-4946-990f-ef2ba0ad78bc', true, '2026-03-23 10:07:09.265666+00', '2026-03-24 04:59:32.800109+00', 'tbo7pcrpyyex', '955e92e0-ae24-4b37-9242-9efff05afde8'),
	('00000000-0000-0000-0000-000000000000', 236, '6noieuutycau', 'bc5a6bea-7a6b-4946-990f-ef2ba0ad78bc', true, '2026-03-24 04:59:32.815545+00', '2026-03-24 07:24:50.284929+00', 'yzple3xrzh67', '955e92e0-ae24-4b37-9242-9efff05afde8'),
	('00000000-0000-0000-0000-000000000000', 237, '6oam6x7m4rpi', 'bc5a6bea-7a6b-4946-990f-ef2ba0ad78bc', true, '2026-03-24 07:24:50.306557+00', '2026-03-24 12:01:43.588177+00', '6noieuutycau', '955e92e0-ae24-4b37-9242-9efff05afde8'),
	('00000000-0000-0000-0000-000000000000', 238, 'tzskc4pze5xz', 'bc5a6bea-7a6b-4946-990f-ef2ba0ad78bc', true, '2026-03-24 12:01:43.615622+00', '2026-03-24 15:01:22.02457+00', '6oam6x7m4rpi', '955e92e0-ae24-4b37-9242-9efff05afde8'),
	('00000000-0000-0000-0000-000000000000', 239, 'zfdcogumdfkz', 'bc5a6bea-7a6b-4946-990f-ef2ba0ad78bc', true, '2026-03-24 15:01:22.048625+00', '2026-03-25 03:39:31.260008+00', 'tzskc4pze5xz', '955e92e0-ae24-4b37-9242-9efff05afde8'),
	('00000000-0000-0000-0000-000000000000', 240, 'ylu6cgfil7jm', 'bc5a6bea-7a6b-4946-990f-ef2ba0ad78bc', true, '2026-03-25 03:39:31.293184+00', '2026-03-25 11:23:15.795628+00', 'zfdcogumdfkz', '955e92e0-ae24-4b37-9242-9efff05afde8'),
	('00000000-0000-0000-0000-000000000000', 241, 'mlvxrzns4hvi', 'bc5a6bea-7a6b-4946-990f-ef2ba0ad78bc', true, '2026-03-25 11:23:15.812885+00', '2026-03-25 17:17:46.360527+00', 'ylu6cgfil7jm', '955e92e0-ae24-4b37-9242-9efff05afde8'),
	('00000000-0000-0000-0000-000000000000', 242, 'bpnjgmjdnw6p', 'bc5a6bea-7a6b-4946-990f-ef2ba0ad78bc', true, '2026-03-25 17:17:46.390993+00', '2026-03-26 00:15:13.364041+00', 'mlvxrzns4hvi', '955e92e0-ae24-4b37-9242-9efff05afde8'),
	('00000000-0000-0000-0000-000000000000', 243, 'fv6ethmtm6ip', 'bc5a6bea-7a6b-4946-990f-ef2ba0ad78bc', true, '2026-03-26 00:15:13.387437+00', '2026-03-26 07:43:22.644231+00', 'bpnjgmjdnw6p', '955e92e0-ae24-4b37-9242-9efff05afde8'),
	('00000000-0000-0000-0000-000000000000', 244, 'jgryb7s7qylq', 'bc5a6bea-7a6b-4946-990f-ef2ba0ad78bc', true, '2026-03-26 07:43:22.667248+00', '2026-03-26 12:50:08.504913+00', 'fv6ethmtm6ip', '955e92e0-ae24-4b37-9242-9efff05afde8'),
	('00000000-0000-0000-0000-000000000000', 245, 'ob2bblhytbyk', 'bc5a6bea-7a6b-4946-990f-ef2ba0ad78bc', true, '2026-03-26 12:50:08.527003+00', '2026-03-26 16:39:55.682119+00', 'jgryb7s7qylq', '955e92e0-ae24-4b37-9242-9efff05afde8'),
	('00000000-0000-0000-0000-000000000000', 246, 'qb5x2s7ui553', 'bc5a6bea-7a6b-4946-990f-ef2ba0ad78bc', true, '2026-03-26 16:39:55.703097+00', '2026-03-27 02:43:46.903998+00', 'ob2bblhytbyk', '955e92e0-ae24-4b37-9242-9efff05afde8'),
	('00000000-0000-0000-0000-000000000000', 247, 'vmxrknwkisu2', 'bc5a6bea-7a6b-4946-990f-ef2ba0ad78bc', true, '2026-03-27 02:43:46.937219+00', '2026-03-30 09:31:00.439039+00', 'qb5x2s7ui553', '955e92e0-ae24-4b37-9242-9efff05afde8'),
	('00000000-0000-0000-0000-000000000000', 248, 'lrlgao7qxcmr', 'bc5a6bea-7a6b-4946-990f-ef2ba0ad78bc', true, '2026-03-30 09:31:00.47111+00', '2026-03-30 11:36:22.098724+00', 'vmxrknwkisu2', '955e92e0-ae24-4b37-9242-9efff05afde8'),
	('00000000-0000-0000-0000-000000000000', 249, 'ttcgpzgvqwvo', 'bc5a6bea-7a6b-4946-990f-ef2ba0ad78bc', true, '2026-03-30 11:36:22.125518+00', '2026-03-30 13:37:32.236095+00', 'lrlgao7qxcmr', '955e92e0-ae24-4b37-9242-9efff05afde8'),
	('00000000-0000-0000-0000-000000000000', 250, 'ia63icldg737', 'bc5a6bea-7a6b-4946-990f-ef2ba0ad78bc', true, '2026-03-30 13:37:32.262568+00', '2026-03-31 02:05:54.420676+00', 'ttcgpzgvqwvo', '955e92e0-ae24-4b37-9242-9efff05afde8'),
	('00000000-0000-0000-0000-000000000000', 251, 'urjg2msmc4up', 'bc5a6bea-7a6b-4946-990f-ef2ba0ad78bc', true, '2026-03-31 02:05:54.449389+00', '2026-03-31 13:59:17.147267+00', 'ia63icldg737', '955e92e0-ae24-4b37-9242-9efff05afde8'),
	('00000000-0000-0000-0000-000000000000', 252, 'vkpyt7i2ji7n', 'bc5a6bea-7a6b-4946-990f-ef2ba0ad78bc', true, '2026-03-31 13:59:17.182706+00', '2026-03-31 16:30:40.599728+00', 'urjg2msmc4up', '955e92e0-ae24-4b37-9242-9efff05afde8'),
	('00000000-0000-0000-0000-000000000000', 253, 'wu73xrhnj2tf', 'bc5a6bea-7a6b-4946-990f-ef2ba0ad78bc', true, '2026-03-31 16:30:40.624764+00', '2026-04-01 01:57:11.900131+00', 'vkpyt7i2ji7n', '955e92e0-ae24-4b37-9242-9efff05afde8'),
	('00000000-0000-0000-0000-000000000000', 294, 'eg7aenqj7uz6', 'bc5a6bea-7a6b-4946-990f-ef2ba0ad78bc', true, '2026-04-06 07:18:41.879649+00', '2026-04-06 12:50:10.745818+00', 'hqn3ldjfcl4t', 'daeb1fc6-c6cf-446f-b7aa-627f64b2ecd4'),
	('00000000-0000-0000-0000-000000000000', 254, 'cj5ds4x6f37j', 'bc5a6bea-7a6b-4946-990f-ef2ba0ad78bc', true, '2026-04-01 01:57:11.920363+00', '2026-04-01 06:28:51.867496+00', 'wu73xrhnj2tf', '955e92e0-ae24-4b37-9242-9efff05afde8'),
	('00000000-0000-0000-0000-000000000000', 295, 'aftxdz62zs2k', 'bc5a6bea-7a6b-4946-990f-ef2ba0ad78bc', true, '2026-04-06 07:18:50.695089+00', '2026-04-06 12:50:16.803075+00', 'bqozhesde6a4', '955e92e0-ae24-4b37-9242-9efff05afde8'),
	('00000000-0000-0000-0000-000000000000', 255, 'b3davmirlstz', 'bc5a6bea-7a6b-4946-990f-ef2ba0ad78bc', true, '2026-04-01 06:28:51.900133+00', '2026-04-01 08:26:31.357253+00', 'cj5ds4x6f37j', '955e92e0-ae24-4b37-9242-9efff05afde8'),
	('00000000-0000-0000-0000-000000000000', 297, 'lplmnxunmm7d', 'bc5a6bea-7a6b-4946-990f-ef2ba0ad78bc', true, '2026-04-06 12:50:16.803466+00', '2026-04-06 16:25:29.480953+00', 'aftxdz62zs2k', '955e92e0-ae24-4b37-9242-9efff05afde8'),
	('00000000-0000-0000-0000-000000000000', 256, 'kztlqmnjygno', 'bc5a6bea-7a6b-4946-990f-ef2ba0ad78bc', true, '2026-04-01 08:26:31.375155+00', '2026-04-01 09:25:13.146617+00', 'b3davmirlstz', '955e92e0-ae24-4b37-9242-9efff05afde8'),
	('00000000-0000-0000-0000-000000000000', 257, 'e6krg5nwwxam', 'bc5a6bea-7a6b-4946-990f-ef2ba0ad78bc', true, '2026-04-01 09:25:13.169839+00', '2026-04-01 11:53:12.608749+00', 'kztlqmnjygno', '955e92e0-ae24-4b37-9242-9efff05afde8'),
	('00000000-0000-0000-0000-000000000000', 296, 'p7lrpquu7fy3', 'bc5a6bea-7a6b-4946-990f-ef2ba0ad78bc', true, '2026-04-06 12:50:10.768505+00', '2026-04-06 16:25:31.228135+00', 'eg7aenqj7uz6', 'daeb1fc6-c6cf-446f-b7aa-627f64b2ecd4'),
	('00000000-0000-0000-0000-000000000000', 258, 'kqzjqfpaeqad', 'bc5a6bea-7a6b-4946-990f-ef2ba0ad78bc', true, '2026-04-01 11:53:12.639354+00', '2026-04-01 15:39:05.057022+00', 'e6krg5nwwxam', '955e92e0-ae24-4b37-9242-9efff05afde8'),
	('00000000-0000-0000-0000-000000000000', 259, 'bhhwo722qd7k', 'bc5a6bea-7a6b-4946-990f-ef2ba0ad78bc', true, '2026-04-01 15:39:05.079108+00', '2026-04-01 16:56:39.392588+00', 'kqzjqfpaeqad', '955e92e0-ae24-4b37-9242-9efff05afde8'),
	('00000000-0000-0000-0000-000000000000', 298, 'w7l24naeueij', 'bc5a6bea-7a6b-4946-990f-ef2ba0ad78bc', true, '2026-04-06 16:25:29.499865+00', '2026-04-07 04:25:59.862267+00', 'lplmnxunmm7d', '955e92e0-ae24-4b37-9242-9efff05afde8'),
	('00000000-0000-0000-0000-000000000000', 260, 'pavabjxn2uoe', 'bc5a6bea-7a6b-4946-990f-ef2ba0ad78bc', true, '2026-04-01 16:56:39.41291+00', '2026-04-02 02:08:10.912257+00', 'bhhwo722qd7k', '955e92e0-ae24-4b37-9242-9efff05afde8'),
	('00000000-0000-0000-0000-000000000000', 299, 'ubunauh75z3o', 'bc5a6bea-7a6b-4946-990f-ef2ba0ad78bc', true, '2026-04-06 16:25:31.228595+00', '2026-04-07 04:25:59.86166+00', 'p7lrpquu7fy3', 'daeb1fc6-c6cf-446f-b7aa-627f64b2ecd4'),
	('00000000-0000-0000-0000-000000000000', 261, 'mrd4rlcettsq', 'bc5a6bea-7a6b-4946-990f-ef2ba0ad78bc', true, '2026-04-02 02:08:10.939783+00', '2026-04-02 05:14:54.524992+00', 'pavabjxn2uoe', '955e92e0-ae24-4b37-9242-9efff05afde8'),
	('00000000-0000-0000-0000-000000000000', 301, 'snuwydy7hc7e', 'bc5a6bea-7a6b-4946-990f-ef2ba0ad78bc', true, '2026-04-07 04:25:59.891929+00', '2026-04-07 09:17:32.257507+00', 'ubunauh75z3o', 'daeb1fc6-c6cf-446f-b7aa-627f64b2ecd4'),
	('00000000-0000-0000-0000-000000000000', 263, 'fxi4nf7pugwc', 'bc5a6bea-7a6b-4946-990f-ef2ba0ad78bc', true, '2026-04-02 05:26:17.923985+00', '2026-04-02 08:41:25.509529+00', NULL, 'daeb1fc6-c6cf-446f-b7aa-627f64b2ecd4'),
	('00000000-0000-0000-0000-000000000000', 262, 'qy5qxk2cbcdh', 'bc5a6bea-7a6b-4946-990f-ef2ba0ad78bc', true, '2026-04-02 05:14:54.541116+00', '2026-04-02 08:41:52.498705+00', 'mrd4rlcettsq', '955e92e0-ae24-4b37-9242-9efff05afde8'),
	('00000000-0000-0000-0000-000000000000', 300, 'udexggxga5ud', 'bc5a6bea-7a6b-4946-990f-ef2ba0ad78bc', true, '2026-04-07 04:25:59.893388+00', '2026-04-07 09:17:34.602473+00', 'w7l24naeueij', '955e92e0-ae24-4b37-9242-9efff05afde8'),
	('00000000-0000-0000-0000-000000000000', 265, 'gw7ezvbramgo', 'bc5a6bea-7a6b-4946-990f-ef2ba0ad78bc', true, '2026-04-02 08:41:52.499697+00', '2026-04-02 11:07:16.537648+00', 'qy5qxk2cbcdh', '955e92e0-ae24-4b37-9242-9efff05afde8'),
	('00000000-0000-0000-0000-000000000000', 264, 'szuasu4xpqpj', 'bc5a6bea-7a6b-4946-990f-ef2ba0ad78bc', true, '2026-04-02 08:41:25.542352+00', '2026-04-02 12:48:07.821613+00', 'fxi4nf7pugwc', 'daeb1fc6-c6cf-446f-b7aa-627f64b2ecd4'),
	('00000000-0000-0000-0000-000000000000', 303, 'fxnws3pjvfw4', 'bc5a6bea-7a6b-4946-990f-ef2ba0ad78bc', true, '2026-04-07 09:17:34.602868+00', '2026-04-07 13:19:33.68596+00', 'udexggxga5ud', '955e92e0-ae24-4b37-9242-9efff05afde8'),
	('00000000-0000-0000-0000-000000000000', 266, 'i6hoy5mtyvsw', 'bc5a6bea-7a6b-4946-990f-ef2ba0ad78bc', true, '2026-04-02 11:07:16.564822+00', '2026-04-02 12:48:37.434333+00', 'gw7ezvbramgo', '955e92e0-ae24-4b37-9242-9efff05afde8'),
	('00000000-0000-0000-0000-000000000000', 267, 'sdhzaxv2rfkq', 'bc5a6bea-7a6b-4946-990f-ef2ba0ad78bc', true, '2026-04-02 12:48:07.852132+00', '2026-04-03 08:23:47.095943+00', 'szuasu4xpqpj', 'daeb1fc6-c6cf-446f-b7aa-627f64b2ecd4'),
	('00000000-0000-0000-0000-000000000000', 268, 'qt6tjtv6fcit', 'bc5a6bea-7a6b-4946-990f-ef2ba0ad78bc', true, '2026-04-02 12:48:37.434742+00', '2026-04-03 08:24:10.228829+00', 'i6hoy5mtyvsw', '955e92e0-ae24-4b37-9242-9efff05afde8'),
	('00000000-0000-0000-0000-000000000000', 269, 'pdxuqj4idwjx', 'bc5a6bea-7a6b-4946-990f-ef2ba0ad78bc', true, '2026-04-03 08:23:47.13099+00', '2026-04-03 09:55:45.480676+00', 'sdhzaxv2rfkq', 'daeb1fc6-c6cf-446f-b7aa-627f64b2ecd4'),
	('00000000-0000-0000-0000-000000000000', 270, 'vcb7h6alvy5w', 'bc5a6bea-7a6b-4946-990f-ef2ba0ad78bc', true, '2026-04-03 08:24:10.229218+00', '2026-04-03 09:56:13.822535+00', 'qt6tjtv6fcit', '955e92e0-ae24-4b37-9242-9efff05afde8'),
	('00000000-0000-0000-0000-000000000000', 272, 'mengrfbv56fw', 'bc5a6bea-7a6b-4946-990f-ef2ba0ad78bc', true, '2026-04-03 09:56:13.822939+00', '2026-04-03 15:08:34.998032+00', 'vcb7h6alvy5w', '955e92e0-ae24-4b37-9242-9efff05afde8'),
	('00000000-0000-0000-0000-000000000000', 271, 'dtinh6swfgof', 'bc5a6bea-7a6b-4946-990f-ef2ba0ad78bc', true, '2026-04-03 09:55:45.512892+00', '2026-04-03 15:09:11.423045+00', 'pdxuqj4idwjx', 'daeb1fc6-c6cf-446f-b7aa-627f64b2ecd4'),
	('00000000-0000-0000-0000-000000000000', 273, 'raktkjxrssnp', 'bc5a6bea-7a6b-4946-990f-ef2ba0ad78bc', true, '2026-04-03 15:08:35.025346+00', '2026-04-04 03:23:46.477415+00', 'mengrfbv56fw', '955e92e0-ae24-4b37-9242-9efff05afde8'),
	('00000000-0000-0000-0000-000000000000', 274, 'iqfcqsst2vfh', 'bc5a6bea-7a6b-4946-990f-ef2ba0ad78bc', true, '2026-04-03 15:09:11.423788+00', '2026-04-04 03:24:10.034722+00', 'dtinh6swfgof', 'daeb1fc6-c6cf-446f-b7aa-627f64b2ecd4'),
	('00000000-0000-0000-0000-000000000000', 275, 'nxkncfjxgyu3', 'bc5a6bea-7a6b-4946-990f-ef2ba0ad78bc', true, '2026-04-04 03:23:46.513503+00', '2026-04-04 07:27:34.185324+00', 'raktkjxrssnp', '955e92e0-ae24-4b37-9242-9efff05afde8'),
	('00000000-0000-0000-0000-000000000000', 276, 'vinclmpldtm5', 'bc5a6bea-7a6b-4946-990f-ef2ba0ad78bc', true, '2026-04-04 03:24:10.03513+00', '2026-04-04 07:28:05.428943+00', 'iqfcqsst2vfh', 'daeb1fc6-c6cf-446f-b7aa-627f64b2ecd4'),
	('00000000-0000-0000-0000-000000000000', 277, 'qupnyvzf6gvx', 'bc5a6bea-7a6b-4946-990f-ef2ba0ad78bc', true, '2026-04-04 07:27:34.206697+00', '2026-04-04 10:16:47.805403+00', 'nxkncfjxgyu3', '955e92e0-ae24-4b37-9242-9efff05afde8'),
	('00000000-0000-0000-0000-000000000000', 279, 'ki4v5cg7mide', 'bc5a6bea-7a6b-4946-990f-ef2ba0ad78bc', true, '2026-04-04 10:16:47.820377+00', '2026-04-04 12:35:19.147829+00', 'qupnyvzf6gvx', '955e92e0-ae24-4b37-9242-9efff05afde8'),
	('00000000-0000-0000-0000-000000000000', 278, '6vgxtozdvx3f', 'bc5a6bea-7a6b-4946-990f-ef2ba0ad78bc', true, '2026-04-04 07:28:05.429414+00', '2026-04-04 12:36:17.259629+00', 'vinclmpldtm5', 'daeb1fc6-c6cf-446f-b7aa-627f64b2ecd4'),
	('00000000-0000-0000-0000-000000000000', 280, '5z577pr3eosg', 'bc5a6bea-7a6b-4946-990f-ef2ba0ad78bc', true, '2026-04-04 12:35:19.174923+00', '2026-04-04 14:31:38.421833+00', 'ki4v5cg7mide', '955e92e0-ae24-4b37-9242-9efff05afde8'),
	('00000000-0000-0000-0000-000000000000', 282, 'o76jxqdhjwwr', 'bc5a6bea-7a6b-4946-990f-ef2ba0ad78bc', true, '2026-04-04 14:31:38.444226+00', '2026-04-04 18:42:40.093379+00', '5z577pr3eosg', '955e92e0-ae24-4b37-9242-9efff05afde8'),
	('00000000-0000-0000-0000-000000000000', 281, 'e2kkctblzytj', 'bc5a6bea-7a6b-4946-990f-ef2ba0ad78bc', true, '2026-04-04 12:36:17.261293+00', '2026-04-04 18:43:55.46489+00', '6vgxtozdvx3f', 'daeb1fc6-c6cf-446f-b7aa-627f64b2ecd4'),
	('00000000-0000-0000-0000-000000000000', 283, 'rhhljauxxybw', 'bc5a6bea-7a6b-4946-990f-ef2ba0ad78bc', true, '2026-04-04 18:42:40.120593+00', '2026-04-04 19:43:58.266463+00', 'o76jxqdhjwwr', '955e92e0-ae24-4b37-9242-9efff05afde8'),
	('00000000-0000-0000-0000-000000000000', 284, 'xpeom5u53rli', 'bc5a6bea-7a6b-4946-990f-ef2ba0ad78bc', true, '2026-04-04 18:43:55.465884+00', '2026-04-04 19:44:37.429935+00', 'e2kkctblzytj', 'daeb1fc6-c6cf-446f-b7aa-627f64b2ecd4'),
	('00000000-0000-0000-0000-000000000000', 285, '6xvwjvbf6d37', 'bc5a6bea-7a6b-4946-990f-ef2ba0ad78bc', true, '2026-04-04 19:43:58.282946+00', '2026-04-05 04:39:51.823932+00', 'rhhljauxxybw', '955e92e0-ae24-4b37-9242-9efff05afde8'),
	('00000000-0000-0000-0000-000000000000', 286, 'fc5wxzc777ze', 'bc5a6bea-7a6b-4946-990f-ef2ba0ad78bc', true, '2026-04-04 19:44:37.430329+00', '2026-04-05 04:40:54.210695+00', 'xpeom5u53rli', 'daeb1fc6-c6cf-446f-b7aa-627f64b2ecd4'),
	('00000000-0000-0000-0000-000000000000', 287, 'tqynyrcwisqz', 'bc5a6bea-7a6b-4946-990f-ef2ba0ad78bc', true, '2026-04-05 04:39:51.84956+00', '2026-04-05 10:31:14.041297+00', '6xvwjvbf6d37', '955e92e0-ae24-4b37-9242-9efff05afde8'),
	('00000000-0000-0000-0000-000000000000', 288, 'ffgcva7gonbk', 'bc5a6bea-7a6b-4946-990f-ef2ba0ad78bc', true, '2026-04-05 04:40:54.211295+00', '2026-04-05 10:32:06.442594+00', 'fc5wxzc777ze', 'daeb1fc6-c6cf-446f-b7aa-627f64b2ecd4'),
	('00000000-0000-0000-0000-000000000000', 289, 'ighck6edhvr2', 'bc5a6bea-7a6b-4946-990f-ef2ba0ad78bc', true, '2026-04-05 10:31:14.074741+00', '2026-04-05 17:24:51.750723+00', 'tqynyrcwisqz', '955e92e0-ae24-4b37-9242-9efff05afde8'),
	('00000000-0000-0000-0000-000000000000', 291, 'nba33maf6i2g', 'bc5a6bea-7a6b-4946-990f-ef2ba0ad78bc', true, '2026-04-05 17:24:51.780363+00', '2026-04-06 02:45:51.043247+00', 'ighck6edhvr2', '955e92e0-ae24-4b37-9242-9efff05afde8'),
	('00000000-0000-0000-0000-000000000000', 290, '4wqcl7iz2qg5', 'bc5a6bea-7a6b-4946-990f-ef2ba0ad78bc', true, '2026-04-05 10:32:06.462954+00', '2026-04-06 02:46:32.215154+00', 'ffgcva7gonbk', 'daeb1fc6-c6cf-446f-b7aa-627f64b2ecd4'),
	('00000000-0000-0000-0000-000000000000', 293, 'hqn3ldjfcl4t', 'bc5a6bea-7a6b-4946-990f-ef2ba0ad78bc', true, '2026-04-06 02:46:32.21574+00', '2026-04-06 07:18:41.857927+00', '4wqcl7iz2qg5', 'daeb1fc6-c6cf-446f-b7aa-627f64b2ecd4'),
	('00000000-0000-0000-0000-000000000000', 292, 'bqozhesde6a4', 'bc5a6bea-7a6b-4946-990f-ef2ba0ad78bc', true, '2026-04-06 02:45:51.070629+00', '2026-04-06 07:18:50.694668+00', 'nba33maf6i2g', '955e92e0-ae24-4b37-9242-9efff05afde8'),
	('00000000-0000-0000-0000-000000000000', 302, '4qej6wcqo7d5', 'bc5a6bea-7a6b-4946-990f-ef2ba0ad78bc', true, '2026-04-07 09:17:32.274138+00', '2026-04-07 13:19:33.686551+00', 'snuwydy7hc7e', 'daeb1fc6-c6cf-446f-b7aa-627f64b2ecd4'),
	('00000000-0000-0000-0000-000000000000', 304, 'dlosakrvrdsl', 'bc5a6bea-7a6b-4946-990f-ef2ba0ad78bc', true, '2026-04-07 13:19:33.722636+00', '2026-04-08 04:54:48.586742+00', '4qej6wcqo7d5', 'daeb1fc6-c6cf-446f-b7aa-627f64b2ecd4'),
	('00000000-0000-0000-0000-000000000000', 305, 'fu2rpp6ngry5', 'bc5a6bea-7a6b-4946-990f-ef2ba0ad78bc', true, '2026-04-07 13:19:33.72264+00', '2026-04-08 04:54:48.586191+00', 'fxnws3pjvfw4', '955e92e0-ae24-4b37-9242-9efff05afde8'),
	('00000000-0000-0000-0000-000000000000', 306, 'il7acjuiqjz6', 'bc5a6bea-7a6b-4946-990f-ef2ba0ad78bc', true, '2026-04-08 04:54:48.622953+00', '2026-04-09 02:15:36.1636+00', 'dlosakrvrdsl', 'daeb1fc6-c6cf-446f-b7aa-627f64b2ecd4'),
	('00000000-0000-0000-0000-000000000000', 307, 'lczzgo2dy544', 'bc5a6bea-7a6b-4946-990f-ef2ba0ad78bc', true, '2026-04-08 04:54:48.622953+00', '2026-04-09 02:15:36.20481+00', 'fu2rpp6ngry5', '955e92e0-ae24-4b37-9242-9efff05afde8'),
	('00000000-0000-0000-0000-000000000000', 309, 'gvlxghbn44qb', 'bc5a6bea-7a6b-4946-990f-ef2ba0ad78bc', true, '2026-04-09 02:15:36.206779+00', '2026-04-09 03:42:03.441135+00', 'lczzgo2dy544', '955e92e0-ae24-4b37-9242-9efff05afde8'),
	('00000000-0000-0000-0000-000000000000', 308, 'l3qja5wxwbj2', 'bc5a6bea-7a6b-4946-990f-ef2ba0ad78bc', true, '2026-04-09 02:15:36.193528+00', '2026-04-09 15:58:56.002196+00', 'il7acjuiqjz6', 'daeb1fc6-c6cf-446f-b7aa-627f64b2ecd4'),
	('00000000-0000-0000-0000-000000000000', 310, 'hvnftdxqvbbp', 'bc5a6bea-7a6b-4946-990f-ef2ba0ad78bc', true, '2026-04-09 03:42:03.459678+00', '2026-04-09 17:29:03.196044+00', 'gvlxghbn44qb', '955e92e0-ae24-4b37-9242-9efff05afde8'),
	('00000000-0000-0000-0000-000000000000', 311, 'lh5ygktlciaf', 'bc5a6bea-7a6b-4946-990f-ef2ba0ad78bc', true, '2026-04-09 15:58:56.012458+00', '2026-04-09 17:29:19.726319+00', 'l3qja5wxwbj2', 'daeb1fc6-c6cf-446f-b7aa-627f64b2ecd4'),
	('00000000-0000-0000-0000-000000000000', 312, 'lbzncsl5iduu', 'bc5a6bea-7a6b-4946-990f-ef2ba0ad78bc', true, '2026-04-09 17:29:03.222542+00', '2026-04-10 01:22:21.942958+00', 'hvnftdxqvbbp', '955e92e0-ae24-4b37-9242-9efff05afde8'),
	('00000000-0000-0000-0000-000000000000', 313, 'rvy7xxsve5t3', 'bc5a6bea-7a6b-4946-990f-ef2ba0ad78bc', true, '2026-04-09 17:29:19.726976+00', '2026-04-10 01:22:57.554722+00', 'lh5ygktlciaf', 'daeb1fc6-c6cf-446f-b7aa-627f64b2ecd4'),
	('00000000-0000-0000-0000-000000000000', 314, '6ytvqdofnmft', 'bc5a6bea-7a6b-4946-990f-ef2ba0ad78bc', true, '2026-04-10 01:22:21.973027+00', '2026-04-10 05:12:43.871506+00', 'lbzncsl5iduu', '955e92e0-ae24-4b37-9242-9efff05afde8'),
	('00000000-0000-0000-0000-000000000000', 315, 'wh7mmsaihbj2', 'bc5a6bea-7a6b-4946-990f-ef2ba0ad78bc', true, '2026-04-10 01:22:57.555112+00', '2026-04-10 05:12:44.51146+00', 'rvy7xxsve5t3', 'daeb1fc6-c6cf-446f-b7aa-627f64b2ecd4'),
	('00000000-0000-0000-0000-000000000000', 317, 'julhv7mtt2ck', 'bc5a6bea-7a6b-4946-990f-ef2ba0ad78bc', true, '2026-04-10 05:12:44.512502+00', '2026-04-10 12:16:35.397201+00', 'wh7mmsaihbj2', 'daeb1fc6-c6cf-446f-b7aa-627f64b2ecd4'),
	('00000000-0000-0000-0000-000000000000', 316, 'ulraj4mtlklz', 'bc5a6bea-7a6b-4946-990f-ef2ba0ad78bc', true, '2026-04-10 05:12:43.897221+00', '2026-04-10 12:16:36.971221+00', '6ytvqdofnmft', '955e92e0-ae24-4b37-9242-9efff05afde8'),
	('00000000-0000-0000-0000-000000000000', 319, '4eg3ki5gjgqw', 'bc5a6bea-7a6b-4946-990f-ef2ba0ad78bc', true, '2026-04-10 12:16:36.971614+00', '2026-04-10 16:06:14.833382+00', 'ulraj4mtlklz', '955e92e0-ae24-4b37-9242-9efff05afde8'),
	('00000000-0000-0000-0000-000000000000', 318, 'uqomdzz2ap6a', 'bc5a6bea-7a6b-4946-990f-ef2ba0ad78bc', true, '2026-04-10 12:16:35.433447+00', '2026-04-10 16:48:11.474888+00', 'julhv7mtt2ck', 'daeb1fc6-c6cf-446f-b7aa-627f64b2ecd4'),
	('00000000-0000-0000-0000-000000000000', 320, 'udpycznekse7', 'bc5a6bea-7a6b-4946-990f-ef2ba0ad78bc', true, '2026-04-10 16:06:14.859761+00', '2026-04-10 17:36:59.541023+00', '4eg3ki5gjgqw', '955e92e0-ae24-4b37-9242-9efff05afde8'),
	('00000000-0000-0000-0000-000000000000', 322, '5axquvl7yh5d', 'bc5a6bea-7a6b-4946-990f-ef2ba0ad78bc', true, '2026-04-10 17:36:59.561875+00', '2026-04-11 04:10:20.370548+00', 'udpycznekse7', '955e92e0-ae24-4b37-9242-9efff05afde8'),
	('00000000-0000-0000-0000-000000000000', 321, 'szi52puozaiy', 'bc5a6bea-7a6b-4946-990f-ef2ba0ad78bc', true, '2026-04-10 16:48:11.490912+00', '2026-04-11 04:10:37.32871+00', 'uqomdzz2ap6a', 'daeb1fc6-c6cf-446f-b7aa-627f64b2ecd4'),
	('00000000-0000-0000-0000-000000000000', 323, '2sdt2rbwrpsi', 'bc5a6bea-7a6b-4946-990f-ef2ba0ad78bc', true, '2026-04-11 04:10:20.392911+00', '2026-04-11 16:56:21.84552+00', '5axquvl7yh5d', '955e92e0-ae24-4b37-9242-9efff05afde8'),
	('00000000-0000-0000-0000-000000000000', 324, 'ucommgtjnljn', 'bc5a6bea-7a6b-4946-990f-ef2ba0ad78bc', true, '2026-04-11 04:10:37.329081+00', '2026-04-11 16:56:36.091405+00', 'szi52puozaiy', 'daeb1fc6-c6cf-446f-b7aa-627f64b2ecd4'),
	('00000000-0000-0000-0000-000000000000', 325, 'up2evc4tmlys', 'bc5a6bea-7a6b-4946-990f-ef2ba0ad78bc', true, '2026-04-11 16:56:21.879544+00', '2026-04-12 04:09:21.002975+00', '2sdt2rbwrpsi', '955e92e0-ae24-4b37-9242-9efff05afde8'),
	('00000000-0000-0000-0000-000000000000', 326, 'w4dgusiocsot', 'bc5a6bea-7a6b-4946-990f-ef2ba0ad78bc', true, '2026-04-11 16:56:36.095386+00', '2026-04-12 04:09:29.138411+00', 'ucommgtjnljn', 'daeb1fc6-c6cf-446f-b7aa-627f64b2ecd4'),
	('00000000-0000-0000-0000-000000000000', 327, 'hvzzvyak7myf', 'bc5a6bea-7a6b-4946-990f-ef2ba0ad78bc', true, '2026-04-12 04:09:21.027068+00', '2026-04-12 05:20:46.110773+00', 'up2evc4tmlys', '955e92e0-ae24-4b37-9242-9efff05afde8'),
	('00000000-0000-0000-0000-000000000000', 328, '7fdfhaxz6prg', 'bc5a6bea-7a6b-4946-990f-ef2ba0ad78bc', true, '2026-04-12 04:09:29.139068+00', '2026-04-12 05:20:49.572869+00', 'w4dgusiocsot', 'daeb1fc6-c6cf-446f-b7aa-627f64b2ecd4'),
	('00000000-0000-0000-0000-000000000000', 329, 'gb2qfekqif37', 'bc5a6bea-7a6b-4946-990f-ef2ba0ad78bc', true, '2026-04-12 05:20:46.129653+00', '2026-04-13 01:26:06.112438+00', 'hvzzvyak7myf', '955e92e0-ae24-4b37-9242-9efff05afde8'),
	('00000000-0000-0000-0000-000000000000', 330, 'jfaz2gqchx65', 'bc5a6bea-7a6b-4946-990f-ef2ba0ad78bc', true, '2026-04-12 05:20:49.573276+00', '2026-04-13 01:26:11.343928+00', '7fdfhaxz6prg', 'daeb1fc6-c6cf-446f-b7aa-627f64b2ecd4'),
	('00000000-0000-0000-0000-000000000000', 331, '2bbaietbbqka', 'bc5a6bea-7a6b-4946-990f-ef2ba0ad78bc', true, '2026-04-13 01:26:06.140306+00', '2026-04-13 07:23:03.227598+00', 'gb2qfekqif37', '955e92e0-ae24-4b37-9242-9efff05afde8'),
	('00000000-0000-0000-0000-000000000000', 332, 'pmwve7seqxkb', 'bc5a6bea-7a6b-4946-990f-ef2ba0ad78bc', true, '2026-04-13 01:26:11.344862+00', '2026-04-13 07:23:06.148691+00', 'jfaz2gqchx65', 'daeb1fc6-c6cf-446f-b7aa-627f64b2ecd4'),
	('00000000-0000-0000-0000-000000000000', 333, 'kyhw4leslrqk', 'bc5a6bea-7a6b-4946-990f-ef2ba0ad78bc', true, '2026-04-13 07:23:03.250637+00', '2026-04-13 15:35:37.867541+00', '2bbaietbbqka', '955e92e0-ae24-4b37-9242-9efff05afde8'),
	('00000000-0000-0000-0000-000000000000', 334, 'eg4htsqoyopr', 'bc5a6bea-7a6b-4946-990f-ef2ba0ad78bc', true, '2026-04-13 07:23:06.149309+00', '2026-04-13 15:35:37.953406+00', 'pmwve7seqxkb', 'daeb1fc6-c6cf-446f-b7aa-627f64b2ecd4'),
	('00000000-0000-0000-0000-000000000000', 335, 'xg7qphxgyeye', 'bc5a6bea-7a6b-4946-990f-ef2ba0ad78bc', true, '2026-04-13 15:35:37.90096+00', '2026-04-14 01:06:14.337394+00', 'kyhw4leslrqk', '955e92e0-ae24-4b37-9242-9efff05afde8'),
	('00000000-0000-0000-0000-000000000000', 336, 'yhpnjavod4bu', 'bc5a6bea-7a6b-4946-990f-ef2ba0ad78bc', true, '2026-04-13 15:35:37.954199+00', '2026-04-14 01:06:20.151521+00', 'eg4htsqoyopr', 'daeb1fc6-c6cf-446f-b7aa-627f64b2ecd4'),
	('00000000-0000-0000-0000-000000000000', 337, '4a7d4cwo5eyw', 'bc5a6bea-7a6b-4946-990f-ef2ba0ad78bc', true, '2026-04-14 01:06:14.357616+00', '2026-04-14 04:24:21.433834+00', 'xg7qphxgyeye', '955e92e0-ae24-4b37-9242-9efff05afde8'),
	('00000000-0000-0000-0000-000000000000', 340, 'fkm7keyvdq5k', '28701cc0-5ea5-4083-8953-65493a8a05d0', true, '2026-04-14 04:25:54.421818+00', '2026-04-14 05:54:57.735073+00', 'zhi2gpzdczyh', '6df62791-1c4a-41da-b77f-3c572e288d10'),
	('00000000-0000-0000-0000-000000000000', 339, '7ac37yrl6pt6', 'bc5a6bea-7a6b-4946-990f-ef2ba0ad78bc', true, '2026-04-14 04:24:21.458967+00', '2026-04-14 13:10:27.283694+00', '4a7d4cwo5eyw', '955e92e0-ae24-4b37-9242-9efff05afde8'),
	('00000000-0000-0000-0000-000000000000', 338, 'sja5nf6e2p7q', 'bc5a6bea-7a6b-4946-990f-ef2ba0ad78bc', true, '2026-04-14 01:06:20.154286+00', '2026-04-14 13:10:47.213791+00', 'yhpnjavod4bu', 'daeb1fc6-c6cf-446f-b7aa-627f64b2ecd4'),
	('00000000-0000-0000-0000-000000000000', 342, 'ej7r4mpx43nt', 'bc5a6bea-7a6b-4946-990f-ef2ba0ad78bc', true, '2026-04-14 13:10:27.304143+00', '2026-04-15 01:51:22.79449+00', '7ac37yrl6pt6', '955e92e0-ae24-4b37-9242-9efff05afde8'),
	('00000000-0000-0000-0000-000000000000', 343, 'z6tdwn2yrbci', 'bc5a6bea-7a6b-4946-990f-ef2ba0ad78bc', true, '2026-04-14 13:10:47.21417+00', '2026-04-15 01:51:43.461012+00', 'sja5nf6e2p7q', 'daeb1fc6-c6cf-446f-b7aa-627f64b2ecd4'),
	('00000000-0000-0000-0000-000000000000', 344, 'fpii2lt6325e', 'bc5a6bea-7a6b-4946-990f-ef2ba0ad78bc', true, '2026-04-15 01:51:22.816638+00', '2026-04-15 06:24:35.61979+00', 'ej7r4mpx43nt', '955e92e0-ae24-4b37-9242-9efff05afde8'),
	('00000000-0000-0000-0000-000000000000', 345, 'zp3spcrwkmup', 'bc5a6bea-7a6b-4946-990f-ef2ba0ad78bc', true, '2026-04-15 01:51:43.461448+00', '2026-04-15 06:24:46.091556+00', 'z6tdwn2yrbci', 'daeb1fc6-c6cf-446f-b7aa-627f64b2ecd4'),
	('00000000-0000-0000-0000-000000000000', 346, 'fgtfvl3alxah', 'bc5a6bea-7a6b-4946-990f-ef2ba0ad78bc', true, '2026-04-15 06:24:35.638805+00', '2026-04-15 09:11:30.183112+00', 'fpii2lt6325e', '955e92e0-ae24-4b37-9242-9efff05afde8'),
	('00000000-0000-0000-0000-000000000000', 348, 'jsbyf3jrpl6v', 'bc5a6bea-7a6b-4946-990f-ef2ba0ad78bc', true, '2026-04-15 09:11:30.212794+00', '2026-04-15 14:56:36.710526+00', 'fgtfvl3alxah', '955e92e0-ae24-4b37-9242-9efff05afde8'),
	('00000000-0000-0000-0000-000000000000', 347, 'ojsmcth6kygw', 'bc5a6bea-7a6b-4946-990f-ef2ba0ad78bc', true, '2026-04-15 06:24:46.091981+00', '2026-04-15 14:57:23.18259+00', 'zp3spcrwkmup', 'daeb1fc6-c6cf-446f-b7aa-627f64b2ecd4'),
	('00000000-0000-0000-0000-000000000000', 349, 'kggquwpcqqij', 'bc5a6bea-7a6b-4946-990f-ef2ba0ad78bc', true, '2026-04-15 14:56:36.741262+00', '2026-04-16 01:11:09.882892+00', 'jsbyf3jrpl6v', '955e92e0-ae24-4b37-9242-9efff05afde8'),
	('00000000-0000-0000-0000-000000000000', 350, 'mctug3qwudkc', 'bc5a6bea-7a6b-4946-990f-ef2ba0ad78bc', true, '2026-04-15 14:57:23.183629+00', '2026-04-16 01:11:34.686294+00', 'ojsmcth6kygw', 'daeb1fc6-c6cf-446f-b7aa-627f64b2ecd4'),
	('00000000-0000-0000-0000-000000000000', 351, 't4udpn7unjwh', 'bc5a6bea-7a6b-4946-990f-ef2ba0ad78bc', true, '2026-04-16 01:11:09.903633+00', '2026-04-16 02:10:33.56+00', 'kggquwpcqqij', '955e92e0-ae24-4b37-9242-9efff05afde8'),
	('00000000-0000-0000-0000-000000000000', 352, '2ih22uqmb6rx', 'bc5a6bea-7a6b-4946-990f-ef2ba0ad78bc', true, '2026-04-16 01:11:34.687307+00', '2026-04-16 04:39:19.684278+00', 'mctug3qwudkc', 'daeb1fc6-c6cf-446f-b7aa-627f64b2ecd4'),
	('00000000-0000-0000-0000-000000000000', 341, 'dchgm3ci4p63', '28701cc0-5ea5-4083-8953-65493a8a05d0', true, '2026-04-14 05:54:57.769673+00', '2026-04-20 09:00:22.035326+00', 'fkm7keyvdq5k', '6df62791-1c4a-41da-b77f-3c572e288d10'),
	('00000000-0000-0000-0000-000000000000', 353, 'iu622vgevfus', 'bc5a6bea-7a6b-4946-990f-ef2ba0ad78bc', true, '2026-04-16 02:10:33.565996+00', '2026-04-16 04:38:40.745185+00', 't4udpn7unjwh', '955e92e0-ae24-4b37-9242-9efff05afde8'),
	('00000000-0000-0000-0000-000000000000', 354, 'u7sxz6dcuxc2', 'bc5a6bea-7a6b-4946-990f-ef2ba0ad78bc', true, '2026-04-16 04:38:40.775545+00', '2026-04-16 08:41:01.725782+00', 'iu622vgevfus', '955e92e0-ae24-4b37-9242-9efff05afde8'),
	('00000000-0000-0000-0000-000000000000', 355, 'y545ht22yqp5', 'bc5a6bea-7a6b-4946-990f-ef2ba0ad78bc', true, '2026-04-16 04:39:19.684974+00', '2026-04-16 08:41:30.449579+00', '2ih22uqmb6rx', 'daeb1fc6-c6cf-446f-b7aa-627f64b2ecd4'),
	('00000000-0000-0000-0000-000000000000', 357, '5vgu6kkjgrpr', 'bc5a6bea-7a6b-4946-990f-ef2ba0ad78bc', true, '2026-04-16 08:41:30.475477+00', '2026-04-16 09:46:33.92028+00', 'y545ht22yqp5', 'daeb1fc6-c6cf-446f-b7aa-627f64b2ecd4'),
	('00000000-0000-0000-0000-000000000000', 358, '5tfmyjxu3fgw', 'bc5a6bea-7a6b-4946-990f-ef2ba0ad78bc', false, '2026-04-16 09:46:33.949934+00', '2026-04-16 09:46:33.949934+00', '5vgu6kkjgrpr', 'daeb1fc6-c6cf-446f-b7aa-627f64b2ecd4'),
	('00000000-0000-0000-0000-000000000000', 356, 't4ze725nsasq', 'bc5a6bea-7a6b-4946-990f-ef2ba0ad78bc', true, '2026-04-16 08:41:01.74338+00', '2026-04-16 13:39:45.42345+00', 'u7sxz6dcuxc2', '955e92e0-ae24-4b37-9242-9efff05afde8'),
	('00000000-0000-0000-0000-000000000000', 360, 'zvsiu7rlnjpp', 'bc5a6bea-7a6b-4946-990f-ef2ba0ad78bc', true, '2026-04-16 13:39:45.447312+00', '2026-04-17 01:21:56.544279+00', 't4ze725nsasq', '955e92e0-ae24-4b37-9242-9efff05afde8'),
	('00000000-0000-0000-0000-000000000000', 361, 'pxhmefw3pulj', 'bc5a6bea-7a6b-4946-990f-ef2ba0ad78bc', true, '2026-04-17 01:21:56.563026+00', '2026-04-17 03:16:38.283148+00', 'zvsiu7rlnjpp', '955e92e0-ae24-4b37-9242-9efff05afde8'),
	('00000000-0000-0000-0000-000000000000', 362, 'dachilxtv7as', 'bc5a6bea-7a6b-4946-990f-ef2ba0ad78bc', true, '2026-04-17 03:16:38.298949+00', '2026-04-17 06:38:48.409095+00', 'pxhmefw3pulj', '955e92e0-ae24-4b37-9242-9efff05afde8'),
	('00000000-0000-0000-0000-000000000000', 359, 'ae3paxy6ipjn', 'bc5a6bea-7a6b-4946-990f-ef2ba0ad78bc', true, '2026-04-16 09:46:36.05197+00', '2026-04-17 06:38:52.613581+00', 'ckl5ij4gbmem', 'bbc376c7-4bf0-43b2-848c-1d9d4faf27f8'),
	('00000000-0000-0000-0000-000000000000', 364, 'fhddazrgwors', 'bc5a6bea-7a6b-4946-990f-ef2ba0ad78bc', true, '2026-04-17 06:38:52.614554+00', '2026-04-17 07:56:21.401383+00', 'ae3paxy6ipjn', 'bbc376c7-4bf0-43b2-848c-1d9d4faf27f8'),
	('00000000-0000-0000-0000-000000000000', 365, 'nqgizvumpyrx', 'bc5a6bea-7a6b-4946-990f-ef2ba0ad78bc', false, '2026-04-17 07:56:21.433058+00', '2026-04-17 07:56:21.433058+00', 'fhddazrgwors', 'bbc376c7-4bf0-43b2-848c-1d9d4faf27f8'),
	('00000000-0000-0000-0000-000000000000', 363, 'mugo6qi4y3t3', 'bc5a6bea-7a6b-4946-990f-ef2ba0ad78bc', true, '2026-04-17 06:38:48.436662+00', '2026-04-17 13:48:35.466505+00', 'dachilxtv7as', '955e92e0-ae24-4b37-9242-9efff05afde8'),
	('00000000-0000-0000-0000-000000000000', 366, 'onmrlhwzfo3d', 'bc5a6bea-7a6b-4946-990f-ef2ba0ad78bc', true, '2026-04-17 13:48:35.489145+00', '2026-04-18 03:49:02.612413+00', 'mugo6qi4y3t3', '955e92e0-ae24-4b37-9242-9efff05afde8'),
	('00000000-0000-0000-0000-000000000000', 367, 'or4y6lze4dyx', 'bc5a6bea-7a6b-4946-990f-ef2ba0ad78bc', true, '2026-04-18 03:49:02.643512+00', '2026-04-18 07:18:30.673276+00', 'onmrlhwzfo3d', '955e92e0-ae24-4b37-9242-9efff05afde8'),
	('00000000-0000-0000-0000-000000000000', 368, 'gqrmninofgo7', 'bc5a6bea-7a6b-4946-990f-ef2ba0ad78bc', true, '2026-04-18 07:18:30.698512+00', '2026-04-18 15:18:09.639226+00', 'or4y6lze4dyx', '955e92e0-ae24-4b37-9242-9efff05afde8'),
	('00000000-0000-0000-0000-000000000000', 369, 'c62fful335lj', 'bc5a6bea-7a6b-4946-990f-ef2ba0ad78bc', true, '2026-04-18 15:18:09.66723+00', '2026-04-18 17:33:00.424803+00', 'gqrmninofgo7', '955e92e0-ae24-4b37-9242-9efff05afde8'),
	('00000000-0000-0000-0000-000000000000', 371, '7rluodoto2kx', 'bc5a6bea-7a6b-4946-990f-ef2ba0ad78bc', true, '2026-04-18 17:33:00.4443+00', '2026-04-19 07:30:35.793564+00', 'c62fful335lj', '955e92e0-ae24-4b37-9242-9efff05afde8'),
	('00000000-0000-0000-0000-000000000000', 370, 'yrqofa7vxy3i', 'ede4f9c4-2f56-431e-b6fc-6b420dabc1d1', true, '2026-04-18 17:00:12.432299+00', '2026-04-19 08:08:23.077349+00', '3xr43w5ix5n7', 'ffb5020d-7698-4952-a8cb-d681c87fd21a'),
	('00000000-0000-0000-0000-000000000000', 373, 'bqecjwknyfhz', 'ede4f9c4-2f56-431e-b6fc-6b420dabc1d1', true, '2026-04-19 08:08:23.097825+00', '2026-04-19 11:17:56.706529+00', 'yrqofa7vxy3i', 'ffb5020d-7698-4952-a8cb-d681c87fd21a'),
	('00000000-0000-0000-0000-000000000000', 374, 'd2g7w4rth4tm', 'ede4f9c4-2f56-431e-b6fc-6b420dabc1d1', false, '2026-04-19 11:17:56.733175+00', '2026-04-19 11:17:56.733175+00', 'bqecjwknyfhz', 'ffb5020d-7698-4952-a8cb-d681c87fd21a'),
	('00000000-0000-0000-0000-000000000000', 372, '52c43m3ftvyo', 'bc5a6bea-7a6b-4946-990f-ef2ba0ad78bc', true, '2026-04-19 07:30:35.827469+00', '2026-04-20 01:10:34.011699+00', '7rluodoto2kx', '955e92e0-ae24-4b37-9242-9efff05afde8'),
	('00000000-0000-0000-0000-000000000000', 375, 'm4zt6wtmmuhp', 'bc5a6bea-7a6b-4946-990f-ef2ba0ad78bc', true, '2026-04-20 01:10:34.044468+00', '2026-04-20 05:05:57.889166+00', '52c43m3ftvyo', '955e92e0-ae24-4b37-9242-9efff05afde8'),
	('00000000-0000-0000-0000-000000000000', 376, 'hs2muuz6ier2', 'bc5a6bea-7a6b-4946-990f-ef2ba0ad78bc', true, '2026-04-20 05:05:57.921149+00', '2026-04-20 08:53:17.458304+00', 'm4zt6wtmmuhp', '955e92e0-ae24-4b37-9242-9efff05afde8'),
	('00000000-0000-0000-0000-000000000000', 378, 'vum5wnz6nqd3', '28701cc0-5ea5-4083-8953-65493a8a05d0', true, '2026-04-20 09:00:22.047144+00', '2026-04-20 11:12:22.089759+00', 'dchgm3ci4p63', '6df62791-1c4a-41da-b77f-3c572e288d10'),
	('00000000-0000-0000-0000-000000000000', 377, 'q754unnfzusd', 'bc5a6bea-7a6b-4946-990f-ef2ba0ad78bc', true, '2026-04-20 08:53:17.480524+00', '2026-04-20 13:30:24.526799+00', 'hs2muuz6ier2', '955e92e0-ae24-4b37-9242-9efff05afde8'),
	('00000000-0000-0000-0000-000000000000', 379, 'rk5mwr3qtrde', '28701cc0-5ea5-4083-8953-65493a8a05d0', true, '2026-04-20 11:12:22.119573+00', '2026-04-20 14:35:41.110713+00', 'vum5wnz6nqd3', '6df62791-1c4a-41da-b77f-3c572e288d10'),
	('00000000-0000-0000-0000-000000000000', 380, 'xofjwvprdcfh', 'bc5a6bea-7a6b-4946-990f-ef2ba0ad78bc', true, '2026-04-20 13:30:24.535635+00', '2026-04-20 15:07:21.613896+00', 'q754unnfzusd', '955e92e0-ae24-4b37-9242-9efff05afde8'),
	('00000000-0000-0000-0000-000000000000', 381, 'qtxi2rwz7kn5', '28701cc0-5ea5-4083-8953-65493a8a05d0', true, '2026-04-20 14:35:41.131396+00', '2026-04-20 16:35:46.117119+00', 'rk5mwr3qtrde', '6df62791-1c4a-41da-b77f-3c572e288d10'),
	('00000000-0000-0000-0000-000000000000', 383, 'ianlocirnqkh', '28701cc0-5ea5-4083-8953-65493a8a05d0', false, '2026-04-20 16:35:46.150251+00', '2026-04-20 16:35:46.150251+00', 'qtxi2rwz7kn5', '6df62791-1c4a-41da-b77f-3c572e288d10'),
	('00000000-0000-0000-0000-000000000000', 382, 't2lkpwuwv5hi', 'bc5a6bea-7a6b-4946-990f-ef2ba0ad78bc', true, '2026-04-20 15:07:21.62793+00', '2026-04-21 01:16:14.733635+00', 'xofjwvprdcfh', '955e92e0-ae24-4b37-9242-9efff05afde8'),
	('00000000-0000-0000-0000-000000000000', 384, '35s5dtd52bcj', 'bc5a6bea-7a6b-4946-990f-ef2ba0ad78bc', false, '2026-04-21 01:16:14.755634+00', '2026-04-21 01:16:14.755634+00', 't2lkpwuwv5hi', '955e92e0-ae24-4b37-9242-9efff05afde8');


--
-- Data for Name: sso_providers; Type: TABLE DATA; Schema: auth; Owner: supabase_auth_admin
--



--
-- Data for Name: saml_providers; Type: TABLE DATA; Schema: auth; Owner: supabase_auth_admin
--



--
-- Data for Name: saml_relay_states; Type: TABLE DATA; Schema: auth; Owner: supabase_auth_admin
--



--
-- Data for Name: sso_domains; Type: TABLE DATA; Schema: auth; Owner: supabase_auth_admin
--



--
-- Data for Name: webauthn_challenges; Type: TABLE DATA; Schema: auth; Owner: supabase_auth_admin
--



--
-- Data for Name: webauthn_credentials; Type: TABLE DATA; Schema: auth; Owner: supabase_auth_admin
--



--
-- Data for Name: players; Type: TABLE DATA; Schema: public; Owner: postgres
--

INSERT INTO "public"."players" ("id", "roblox_user_id", "username", "avatar_url", "display_name", "jersey_number", "position", "created_at", "updated_at", "last_synced_at") VALUES
	('ecd67385-d50e-4031-beb6-9fb11841126f', 2685800583, 'plebissospedd', 'https://tr.rbxcdn.com/30DAY-AvatarHeadshot-88DC07FAE123B148D3498914ED4BE17C-Png/150/150/AvatarHeadshot/Png/noFilter', 'kanyeeast', NULL, NULL, '2026-03-05 02:15:34.415199+00', '2026-03-05 02:15:34.415199+00', '2026-04-18 15:21:16.73+00'),
	('dbdedb0e-2492-428d-ba22-589a361ee6e3', 567841538, 'tuoasty', 'https://tr.rbxcdn.com/30DAY-AvatarHeadshot-0D46F4D481685558FE7C9B6D36A0F989-Png/150/150/AvatarHeadshot/Png/noFilter', 'toast', NULL, NULL, '2026-03-01 06:44:17.774634+00', '2026-03-01 06:44:17.774634+00', '2026-04-18 15:21:16.738+00'),
	('61e673b6-b3c1-4b9e-938b-62bd86ca7eac', 1809417245, 'Kibsent', 'https://tr.rbxcdn.com/30DAY-AvatarHeadshot-93BE3C946E4A1EC9D42C979C97792074-Png/150/150/AvatarHeadshot/Png/noFilter', 'Kibsent', NULL, NULL, '2026-03-04 05:52:42.837536+00', '2026-03-04 05:52:42.837536+00', '2026-04-21 01:16:21.31+00'),
	('40249a50-e4fa-407e-8618-ddf119484438', 25350124, 'lVJorene', 'https://tr.rbxcdn.com/30DAY-AvatarHeadshot-F16710D18A78DEBCFD1FA7BD53F7E123-Png/150/150/AvatarHeadshot/Png/noFilter', 'jorene', NULL, NULL, '2026-03-05 03:02:19.496593+00', '2026-03-05 03:02:19.496593+00', '2026-04-18 15:21:15.354+00'),
	('406be0c8-c715-419c-a882-6d23f16c1fb6', 402224957, 'yoshcdj', 'https://tr.rbxcdn.com/30DAY-AvatarHeadshot-935EC8517D5593869C613BAAD16F2D6C-Png/150/150/AvatarHeadshot/Png/noFilter', 'yosh', NULL, NULL, '2026-03-05 03:02:12.132546+00', '2026-03-05 03:02:12.132546+00', '2026-04-18 15:21:15.343+00'),
	('0c13159e-d6d5-4e12-b43a-ca4ea8d06191', 1074070609, 'Hilxioss', 'https://tr.rbxcdn.com/30DAY-AvatarHeadshot-412D5FF84D607A78F3AAEE00014C18D4-Png/150/150/AvatarHeadshot/Png/noFilter', 'Sylviaa', NULL, NULL, '2026-03-09 05:55:58.879633+00', '2026-03-09 05:55:58.879633+00', '2026-04-18 15:21:15.312+00'),
	('7e2834c3-e194-4483-916f-8ccf40b36eb9', 542011700, 'Reignly_role', 'https://tr.rbxcdn.com/30DAY-AvatarHeadshot-60226B118ED1CC11531E2CE390820D93-Png/150/150/AvatarHeadshot/Png/noFilter', 'steph', NULL, NULL, '2026-03-09 05:56:10.093505+00', '2026-03-09 05:56:10.093505+00', '2026-04-18 15:21:15.556+00'),
	('89bae889-29be-4743-bd11-d8bf0744e313', 3902364176, 'Heavenzt', 'https://tr.rbxcdn.com/30DAY-AvatarHeadshot-ECE556A7E993689CB4D19A18701F08CD-Png/150/150/AvatarHeadshot/Png/noFilter', 'D4z', NULL, NULL, '2026-03-05 03:01:40.232386+00', '2026-03-05 03:01:40.232386+00', '2026-04-18 15:21:15.32+00'),
	('3d83a3b5-c850-4e4d-8e6d-9b901cfb19cb', 8295143866, 'vizardrush7', 'https://tr.rbxcdn.com/30DAY-AvatarHeadshot-AC4BB53677A180FF289535F8CC947580-Png/150/150/AvatarHeadshot/Png/noFilter', 'Kyoor', NULL, NULL, '2026-03-04 07:15:55.223448+00', '2026-03-04 07:15:55.223448+00', '2026-04-18 15:21:16.714+00'),
	('38c09c2a-62b7-4f73-9ba5-96c401ae6857', 2320801579, 'Veryagilefriend', 'https://tr.rbxcdn.com/30DAY-AvatarHeadshot-65797AA3031B534B6E982DEE4E1C3640-Png/150/150/AvatarHeadshot/Png/noFilter', 'Hairo', NULL, NULL, '2026-03-05 03:01:03.221235+00', '2026-03-05 03:01:03.221235+00', '2026-04-18 15:21:15.339+00'),
	('ff825124-e58c-4b2c-8dba-aa3036027d8d', 1568332720, 'DG_tin', 'https://tr.rbxcdn.com/30DAY-AvatarHeadshot-48699A7DBA47922DEB73AC16BAEAD437-Png/150/150/AvatarHeadshot/Png/noFilter', 'ChanBoMayDe', NULL, NULL, '2026-03-09 06:00:20.09526+00', '2026-03-09 06:00:20.09526+00', '2026-03-22 15:48:54.877+00'),
	('e6958fe2-c85a-48a1-a106-020617908c65', 8214176344, 'Suna_WY', 'https://tr.rbxcdn.com/30DAY-AvatarHeadshot-E0A4B8BBC82B3EDD83E1CF616EBCEB1D-Png/150/150/AvatarHeadshot/Png/noFilter', 'Hyu', NULL, NULL, '2026-04-18 07:25:22.223494+00', '2026-04-18 07:25:22.223494+00', '2026-04-18 07:25:22.183+00'),
	('433685a2-2152-43a9-b176-a6732cea96e0', 1049710421, 'Ardmair', 'https://tr.rbxcdn.com/30DAY-AvatarHeadshot-D4299086ACDEC8C0AF670E27D0B313D6-Png/150/150/AvatarHeadshot/Png/noFilter', 'ard', NULL, NULL, '2026-03-01 16:50:49.40548+00', '2026-03-01 16:50:49.40548+00', '2026-04-18 15:21:15.353+00'),
	('08cadacc-e363-4235-8f94-f949186cbd16', 948488832, 'AnkaaMGL0804', 'https://tr.rbxcdn.com/30DAY-AvatarHeadshot-F35E9FCB0BD84DE883A2984B66873C24-Png/150/150/AvatarHeadshot/Png/noFilter', 'Anando', NULL, NULL, '2026-03-05 03:02:04.266759+00', '2026-03-05 03:02:04.266759+00', '2026-04-18 15:21:15.351+00'),
	('eda9568f-8b2a-4d0b-b19f-39f888ff5878', 1682218492, 'Bocahtidur21', 'https://tr.rbxcdn.com/30DAY-AvatarHeadshot-E096B0C827089E94F288EB240DCA1D4F-Png/150/150/AvatarHeadshot/Png/noFilter', 'Suyya', NULL, NULL, '2026-03-05 04:56:50.756362+00', '2026-03-05 04:56:50.756362+00', '2026-04-18 15:21:16.724+00'),
	('02d7c05f-6e48-468c-9fc0-fb6a4a2c4ff8', 3611017785, 'NotJadenXD123', 'https://tr.rbxcdn.com/30DAY-AvatarHeadshot-9DB70D60C2CFEC684AC846929E734B68-Png/150/150/AvatarHeadshot/Png/noFilter', 'noodles', NULL, NULL, '2026-03-05 04:56:30.703471+00', '2026-03-05 04:56:30.703471+00', '2026-04-18 15:21:16.718+00'),
	('cc61e118-9418-4a54-a05e-4e8f4fd5a67a', 405799299, 'walkinginseoulwinter', 'https://tr.rbxcdn.com/30DAY-AvatarHeadshot-0C36340CF8CA22562879DB236B6FEC53-Png/150/150/AvatarHeadshot/Png/noFilter', 'caramel', NULL, NULL, '2026-03-05 03:00:47.518003+00', '2026-03-05 03:00:47.518003+00', '2026-04-18 15:21:15.349+00'),
	('81538979-e979-4e40-8741-ea9ee76b7001', 1210299906, 'Everraid915', 'https://tr.rbxcdn.com/30DAY-AvatarHeadshot-EE62C6C19876031D4091B5EA5F5F773B-Png/150/150/AvatarHeadshot/Png/noFilter', 'Eve', NULL, NULL, '2026-03-07 09:07:06.666472+00', '2026-03-07 09:07:06.666472+00', '2026-03-22 15:42:02.235+00'),
	('89abc7da-529a-407b-afea-e014c981f7dd', 3146144561, 'bob1943altacc', 'https://tr.rbxcdn.com/30DAY-AvatarHeadshot-147A8256470052518685AF71B4232EF4-Png/150/150/AvatarHeadshot/Png/noFilter', 'SarahDiscaya', NULL, NULL, '2026-03-09 05:55:25.443627+00', '2026-03-09 05:55:25.443627+00', '2026-04-18 15:21:15.347+00'),
	('bce8c20a-1359-4215-a8cc-26518a9acc67', 152094019, 'smhsans', 'https://tr.rbxcdn.com/30DAY-AvatarHeadshot-F6FBE9BB016A8DF144AB79BF61F84217-Png/150/150/AvatarHeadshot/Png/noFilter', 'hotmonkey', NULL, NULL, '2026-03-07 09:04:29.32007+00', '2026-03-07 09:04:29.32007+00', '2026-03-09 16:10:44.71+00'),
	('6c26c388-f704-42a0-a6e9-6198ada23148', 223060675, 'MAOMIldes', 'https://tr.rbxcdn.com/30DAY-AvatarHeadshot-F3BB9933596DB7C48AA278A8E32D7BB8-Png/150/150/AvatarHeadshot/Png/noFilter', 'MaochineGun', NULL, NULL, '2026-03-09 05:56:45.359465+00', '2026-03-09 05:56:45.359465+00', '2026-04-18 15:21:15.337+00'),
	('57db7ee1-7dce-44e4-8430-0d9a7aa69638', 2488363276, 'Ricky_carry', 'https://tr.rbxcdn.com/30DAY-AvatarHeadshot-9C186F007747F02FDD41128D19C032B2-Png/150/150/AvatarHeadshot/Png/noFilter', 'R1cky', NULL, NULL, '2026-03-09 05:56:31.709243+00', '2026-03-09 05:56:31.709243+00', '2026-04-18 15:21:15.335+00'),
	('19bb4627-b1c1-4d24-8e55-1a95400cf782', 3558917123, 'Nayruto1234', 'https://tr.rbxcdn.com/30DAY-AvatarHeadshot-0B0DA9C24D8F2EE153C9ECFF6C478577-Png/150/150/AvatarHeadshot/Png/noFilter', 'Nay', NULL, NULL, '2026-03-09 06:00:11.495242+00', '2026-03-09 06:00:11.495242+00', '2026-03-22 15:48:54.269+00'),
	('cf8367fb-c774-4e22-943a-c6b297d8dd39', 1822464749, 'LiteraINub', 'https://tr.rbxcdn.com/30DAY-AvatarHeadshot-75AA2BB81C2DFB66B7D29F07E1088306-Png/150/150/AvatarHeadshot/Png/noFilter', 'GoodmorningKiko', NULL, NULL, '2026-03-09 06:00:33.156471+00', '2026-03-09 06:00:33.156471+00', '2026-03-22 15:48:55.491+00'),
	('f31759b2-7f18-4734-a27b-e49235d1963e', 858747730, 'bhosjai678', 'https://tr.rbxcdn.com/30DAY-AvatarHeadshot-E0B2A7903D0A21250A6A2E64EFB459DE-Png/150/150/AvatarHeadshot/Png/noFilter', 'Axis', NULL, NULL, '2026-03-09 06:00:40.959715+00', '2026-03-09 06:00:40.959715+00', '2026-03-22 15:48:56.098+00'),
	('08c0d81e-af1a-47ee-b878-a1b35f3de3fd', 2709689951, 'Saratedbutter', 'https://tr.rbxcdn.com/30DAY-AvatarHeadshot-4B3B7AEDCF9CB18EC3640AE0E31BFA67-Png/150/150/AvatarHeadshot/Png/noFilter', 'L4R', NULL, NULL, '2026-03-09 06:00:50.762635+00', '2026-03-09 06:00:50.762635+00', '2026-03-22 15:48:56.707+00'),
	('ca6b6ce3-fbd7-49ea-9ca0-6797cd62a77e', 1000661894, 'pkkill12', 'https://tr.rbxcdn.com/30DAY-AvatarHeadshot-FB2E31D27DFBE7A080BDB2BAC91AA0D1-Png/150/150/AvatarHeadshot/Png/noFilter', 'jkya', NULL, NULL, '2026-03-09 06:00:58.752783+00', '2026-03-09 06:00:58.752783+00', '2026-03-22 15:48:57.315+00'),
	('c09ad332-5d1d-43bf-826d-254c3313389f', 103298396, 'Pxdzs', 'https://tr.rbxcdn.com/30DAY-AvatarHeadshot-2A394422D7D038039B5B633421025835-Png/150/150/AvatarHeadshot/Png/noFilter', 'crashman', NULL, NULL, '2026-03-05 03:01:57.357993+00', '2026-03-05 03:01:57.357993+00', '2026-04-18 15:21:15.359+00'),
	('6414812f-fc2e-4707-b239-effad79f1146', 539265668, 'itscoolguys2007', 'https://tr.rbxcdn.com/30DAY-AvatarHeadshot-3D1D1715CDA09761772A6406F35E7F97-Png/150/150/AvatarHeadshot/Png/noFilter', 'Grimlock', NULL, NULL, '2026-04-18 07:25:26.27022+00', '2026-04-18 07:25:26.27022+00', '2026-04-18 07:25:26.236+00'),
	('02e7b446-6275-42ec-892d-a29520531fb6', 171319267, 'ChessEvanDik', 'https://tr.rbxcdn.com/30DAY-AvatarHeadshot-2983E2506DC92DE702C56AE3347D08C7-Png/150/150/AvatarHeadshot/Png/noFilter', 'Chez', NULL, NULL, '2026-03-04 05:52:23.644729+00', '2026-03-04 05:52:23.644729+00', '2026-03-22 15:48:52.406+00'),
	('f2dc37d4-63c6-4df5-924a-0c6e39e6d5d4', 2473944963, 'Panda_playz947', 'https://tr.rbxcdn.com/30DAY-AvatarHeadshot-29D7CC379D7A722BB5B2AD9C7D99FFDD-Png/150/150/AvatarHeadshot/Png/noFilter', '3Inches', NULL, NULL, '2026-03-09 05:59:35.111854+00', '2026-03-09 05:59:35.111854+00', '2026-03-22 15:48:53.041+00'),
	('48642772-d148-4556-ab08-e98c03249acd', 2453765754, 'Beatrice_VN', 'https://tr.rbxcdn.com/30DAY-AvatarHeadshot-253DC5C431055DCADD3CF54ADCA99D1B-Png/150/150/AvatarHeadshot/Png/noFilter', '240kmhPEEK_Beatrice', NULL, NULL, '2026-03-09 05:59:54.794544+00', '2026-03-09 05:59:54.794544+00', '2026-03-22 15:48:53.649+00'),
	('de85d5d9-1e2d-4ea6-a417-9a6b1d7ef286', 5112928562, 'Bullabrass', 'https://tr.rbxcdn.com/30DAY-AvatarHeadshot-612C0F51988ECB2E35D7E8E041656A24-Png/150/150/AvatarHeadshot/Png/noFilter', 'Bullabrass', NULL, NULL, '2026-04-18 07:25:31.390013+00', '2026-04-18 07:25:31.390013+00', '2026-04-18 07:25:30.902+00'),
	('93f6b1cc-070f-4c82-a8fb-655093d9eff3', 3997249540, 'Sudowzo', 'https://tr.rbxcdn.com/30DAY-AvatarHeadshot-6D85688BF768D2A6965E8FE0B1AF9638-Png/150/150/AvatarHeadshot/Png/noFilter', 'Dangair', NULL, NULL, '2026-04-18 07:25:39.27754+00', '2026-04-18 07:25:39.27754+00', '2026-04-18 07:25:39.244+00'),
	('c7e3ed86-788c-46f8-8de9-b8aafd9e3540', 2643869264, 'ArigatoGyra2', 'https://tr.rbxcdn.com/30DAY-AvatarHeadshot-159785BECB35AA92A40A30AC2473E95E-Png/150/150/AvatarHeadshot/Png/noFilter', 'Kuze', NULL, NULL, '2026-03-07 09:03:58.340062+00', '2026-03-07 09:03:58.340062+00', '2026-03-09 16:11:58.382+00'),
	('f4cafe92-f281-46fe-98c2-57b8c1ffb30f', 2559619644, 'newb166', 'https://tr.rbxcdn.com/30DAY-AvatarHeadshot-B0E65B1992A1A03504252236DF732C97-Png/150/150/AvatarHeadshot/Png/noFilter', 'red', NULL, NULL, '2026-03-09 06:02:21.653082+00', '2026-03-09 06:02:21.653082+00', '2026-03-09 16:11:58.969+00'),
	('6c64aa6d-25f5-41f7-8494-15eaf18006cf', 541095250, 'Stuba88', 'https://tr.rbxcdn.com/30DAY-AvatarHeadshot-30549533D9D818ADB3C760036C8CA9FD-Png/150/150/AvatarHeadshot/Png/noFilter', 'Stuba88', NULL, NULL, '2026-04-18 07:25:42.855625+00', '2026-04-18 07:25:42.855625+00', '2026-04-18 07:25:42.817+00'),
	('6f3482c7-06d9-4e69-9e27-074a0de0242e', 8527088244, 'Astrixuee', 'https://tr.rbxcdn.com/30DAY-AvatarHeadshot-69F41C3492111935B77CCBD4BA35D11E-Png/150/150/AvatarHeadshot/Png/noFilter', 'Yotsuba', NULL, NULL, '2026-04-18 07:25:46.988881+00', '2026-04-18 07:25:46.988881+00', '2026-04-18 07:25:46.955+00'),
	('e0d2b52b-6856-436c-a77d-e5d26a717373', 1978625216, 'Soul_DeathHD', 'https://tr.rbxcdn.com/30DAY-AvatarHeadshot-585FED0B0264AAE8156658DCC59DF400-Png/150/150/AvatarHeadshot/Png/noFilter', 'Mp3', NULL, NULL, '2026-04-18 07:25:50.613104+00', '2026-04-18 07:25:50.613104+00', '2026-04-18 07:25:50.582+00'),
	('2969961e-d9e2-4f6a-bc3c-9df4050f12eb', 999763148, 'jvo354', 'https://tr.rbxcdn.com/30DAY-AvatarHeadshot-87C10AAEB2DDC989BF5E2D350D80FF36-Png/150/150/AvatarHeadshot/Png/noFilter', 'jvn', NULL, NULL, '2026-04-18 07:25:54.033893+00', '2026-04-18 07:25:54.033893+00', '2026-04-18 07:25:54.003+00'),
	('51fbabe0-a3af-4f81-a944-8c82f07df787', 7586714039, 'elocaotuonglangau', 'https://tr.rbxcdn.com/30DAY-AvatarHeadshot-97F6E1DAD6B02CABBB9204B2C2290259-Png/150/150/AvatarHeadshot/Png/noFilter', 'Dipu', NULL, NULL, '2026-03-09 06:01:06.809579+00', '2026-03-09 06:01:06.809579+00', '2026-03-22 15:48:57.948+00'),
	('d81f1563-7e57-4c06-be2f-a7ffdcadf29d', 10424231687, 'Vxnila_r', 'https://tr.rbxcdn.com/30DAY-AvatarHeadshot-97F787FDFA0FD09AB3109FEE1F92B97C-Png/150/150/AvatarHeadshot/Png/noFilter', 'Scintara', NULL, NULL, '2026-03-09 06:01:29.276499+00', '2026-03-09 06:01:29.276499+00', '2026-03-22 15:48:59.792+00'),
	('253150cc-7e44-47eb-a5c7-dbb95eb8103c', 2392921095, 'Diellor_Fusha', 'https://tr.rbxcdn.com/30DAY-AvatarHeadshot-F4721E13FE2F90EDAB595D03294C5FB1-Png/150/150/AvatarHeadshot/Png/noFilter', 'Dielli', NULL, NULL, '2026-04-18 07:25:58.047903+00', '2026-04-18 07:25:58.047903+00', '2026-04-18 07:25:58.01+00'),
	('224b9d34-47ce-489a-b21e-9ef250e3432d', 1748221708, 'kingkennybestkingL', 'https://tr.rbxcdn.com/30DAY-AvatarHeadshot-1FC7C0A3A1F5B34262D9CA79700AF5AF-Png/150/150/AvatarHeadshot/Png/noFilter', 'Korai', NULL, NULL, '2026-04-18 07:26:01.408634+00', '2026-04-18 07:26:01.408634+00', '2026-04-18 07:26:01.368+00'),
	('0b217988-3202-4825-8135-c336eeb60e8e', 1708387106, 'Saenblade', 'https://tr.rbxcdn.com/30DAY-AvatarHeadshot-5FEF82D50B4FDE1EE34F49E17F4FEA14-Png/150/150/AvatarHeadshot/Png/noFilter', 'Shu', NULL, NULL, '2026-04-18 07:26:04.75112+00', '2026-04-18 07:26:04.75112+00', '2026-04-18 07:26:04.717+00'),
	('5cd02592-1730-4d2a-9a1e-54be2184ea52', 4423971710, 'PQlS0N', 'https://tr.rbxcdn.com/30DAY-AvatarHeadshot-FEC8AE1FDC34B07AA35C6BC1141877E5-Png/150/150/AvatarHeadshot/Png/noFilter', 'mio', NULL, NULL, '2026-04-18 07:26:08.242093+00', '2026-04-18 07:26:08.242093+00', '2026-04-18 07:26:08.218+00'),
	('41454498-c083-4614-a65e-5199d7bd5cc2', 1341346794, 'lanssxrrs', 'https://tr.rbxcdn.com/30DAY-AvatarHeadshot-E6A5B9A04FEC7464EA1C3068F0C0C55A-Png/150/150/AvatarHeadshot/Png/noFilter', 'lani', NULL, NULL, '2026-04-18 07:26:11.759015+00', '2026-04-18 07:26:11.759015+00', '2026-04-18 07:26:11.727+00'),
	('e599b4fd-b0e1-4433-bc60-7782e112aa19', 1641771774, 'Abdulahyosefmohammed', 'https://tr.rbxcdn.com/30DAY-AvatarHeadshot-77F2D0681C61A68A16802EEE7BD6EBFF-Png/150/150/AvatarHeadshot/Png/noFilter', 'Abdulahyosefmohammed', NULL, NULL, '2026-04-18 07:26:15.531176+00', '2026-04-18 07:26:15.531176+00', '2026-04-18 07:26:15.493+00'),
	('b07ebc91-f385-4a8d-b577-f27add76b5a8', 1285676060, '08qz', 'https://tr.rbxcdn.com/30DAY-AvatarHeadshot-3F1E0FBD80F4F02D675C30E0EF9E439C-Png/150/150/AvatarHeadshot/Png/noFilter', '08qz', NULL, NULL, '2026-03-04 16:09:27.639785+00', '2026-03-04 16:09:27.639785+00', '2026-04-21 01:16:21.326+00'),
	('22e84557-fe87-4b40-b1b6-236c653a3638', 271850970, 'israelianwargeneral', 'https://tr.rbxcdn.com/30DAY-AvatarHeadshot-D23E981A44E9A116BFAC105443F72C5F-Png/150/150/AvatarHeadshot/Png/noFilter', 'israelianwargeneral', NULL, NULL, '2026-03-09 13:43:08.000851+00', '2026-03-09 13:43:08.000851+00', '2026-04-21 01:16:21.349+00'),
	('6391228e-1dc3-4dea-8b0e-a96c81abde99', 9180484426, 'DihCheese674141', 'https://tr.rbxcdn.com/30DAY-AvatarHeadshot-952C9A01D6D0FD5DD0925C612B0E859C-Png/150/150/AvatarHeadshot/Png/noFilter', 'UnknownMon', NULL, NULL, '2026-04-18 07:25:35.312022+00', '2026-04-18 07:25:35.312022+00', '2026-04-18 07:25:35.282+00'),
	('9396ad75-b8b1-45b0-b0c5-0a87cd01dc88', 4885714925, 'killer_beast020', 'https://tr.rbxcdn.com/30DAY-AvatarHeadshot-BD551A0153F65E1BA1C9D834853F89D2-Png/150/150/AvatarHeadshot/Png/noFilter', 'Kei', NULL, NULL, '2026-03-09 06:17:47.650043+00', '2026-03-09 06:17:47.650043+00', '2026-03-22 16:32:10.257+00'),
	('677db758-2caf-49ec-9e0b-4187cb650fd6', 1999089976, 'nowa_expert26', 'https://tr.rbxcdn.com/30DAY-AvatarHeadshot-2B0AC09CF8F21E34413A7B0DEC735EFF-Png/150/150/AvatarHeadshot/Png/noFilter', 'Nicko', NULL, NULL, '2026-03-09 06:18:15.141788+00', '2026-03-09 06:18:15.141788+00', '2026-03-22 16:32:10.855+00'),
	('09725f14-7c96-4652-8d59-cdcfca1becfc', 1748141009, 'aninnocentguytrustme', 'https://tr.rbxcdn.com/30DAY-AvatarHeadshot-E6119A1A2FE0E85CAE212EB2F44BCBD4-Png/150/150/AvatarHeadshot/Png/noFilter', 'vlyy', NULL, NULL, '2026-03-09 06:01:37.495021+00', '2026-03-09 06:01:37.495021+00', '2026-03-22 15:49:00.402+00'),
	('0a7830e7-30b1-4117-8935-83be370e0bd7', 491616631, 'khunkro', 'https://tr.rbxcdn.com/30DAY-AvatarHeadshot-729502D501290C260D2533FF2D0D2504-Png/150/150/AvatarHeadshot/Png/noFilter', 'Jillk', NULL, NULL, '2026-03-09 06:02:36.053175+00', '2026-03-09 06:02:36.053175+00', '2026-03-09 16:11:59.556+00'),
	('ab662599-619d-415d-8089-baec04b27b1e', 1354118962, 'matthewanderson111', 'https://tr.rbxcdn.com/30DAY-AvatarHeadshot-26AE2131A18E0DBC4F9C6FC18269605F-Png/150/150/AvatarHeadshot/Png/noFilter', 'matthew', NULL, NULL, '2026-03-09 06:02:48.885371+00', '2026-03-09 06:02:48.885371+00', '2026-03-09 16:12:00.138+00'),
	('6bce4368-05de-4635-91dc-2f46468e5a5e', 3878824429, 'Inakchiz', 'https://tr.rbxcdn.com/30DAY-AvatarHeadshot-7BB51AC1726A9079C778EA6DAD59FF2A-Png/150/150/AvatarHeadshot/Png/noFilter', 'Lui', NULL, NULL, '2026-03-09 06:02:59.3787+00', '2026-03-09 06:02:59.3787+00', '2026-03-09 16:12:00.719+00'),
	('c064f2c6-96ed-473b-b223-04b98659a541', 1606107510, 'ejjynel555', 'https://tr.rbxcdn.com/30DAY-AvatarHeadshot-32A5EBB6E558AF30B2D8C46BD6E1DBC4-Png/150/150/AvatarHeadshot/Png/noFilter', 're1n', NULL, NULL, '2026-03-09 06:03:06.821876+00', '2026-03-09 06:03:06.821876+00', '2026-03-09 16:12:01.299+00'),
	('54de18a1-1702-4475-b81d-eac8fb48a4c9', 1597911424, 'Ninja_2020325', 'https://tr.rbxcdn.com/30DAY-AvatarHeadshot-C9D512F3FAA0F6F8E11A32DE0C781E1D-Png/150/150/AvatarHeadshot/Png/noFilter', 'Eli', NULL, NULL, '2026-03-09 06:03:15.193469+00', '2026-03-09 06:03:15.193469+00', '2026-03-09 16:12:01.892+00'),
	('714c4b9c-cd9d-47b5-bf2e-5c1e93b8ab68', 7003816007, 'yummy_pizzaaaaaaaa', 'https://tr.rbxcdn.com/30DAY-AvatarHeadshot-56F0BC94C7EE1E631C60C4DD4B9846ED-Png/150/150/AvatarHeadshot/Png/noFilter', 'leuna', NULL, NULL, '2026-03-09 06:03:24.214829+00', '2026-03-09 06:03:24.214829+00', '2026-03-09 16:12:02.781+00'),
	('776aaded-7a36-4161-a2c6-0a74cf390498', 2656539034, 'Inspininja', 'https://tr.rbxcdn.com/30DAY-AvatarHeadshot-3BF95B8C7D21AE92633DA9F71788BC26-Png/150/150/AvatarHeadshot/Png/noFilter', '1nspininja', NULL, NULL, '2026-03-09 06:03:32.60045+00', '2026-03-09 06:03:32.60045+00', '2026-03-09 16:12:03.367+00'),
	('cf12c673-061a-4f50-aefb-68a785fa3833', 2417369012, 'itz_Y0r1', 'https://tr.rbxcdn.com/30DAY-AvatarHeadshot-FBCA7B3C1CFAA81753A313EB09D630FA-Png/150/150/AvatarHeadshot/Png/noFilter', 'Yorii', NULL, NULL, '2026-03-09 06:03:41.707899+00', '2026-03-09 06:03:41.707899+00', '2026-03-09 16:12:04.281+00'),
	('4dd6a3f1-b5e8-4b64-aeb4-7130c7630396', 2764230930, 'Mayrusdead', 'https://tr.rbxcdn.com/30DAY-AvatarHeadshot-4DF36D0BF16852E152A682990EC2F837-Png/150/150/AvatarHeadshot/Png/noFilter', 'Gevuyas', NULL, NULL, '2026-03-09 06:03:48.978615+00', '2026-03-09 06:03:48.978615+00', '2026-03-09 16:12:04.864+00'),
	('a1a4fd4f-2285-4f88-82f7-370cf32a8a60', 726703547, 'Kyleliam90', 'https://tr.rbxcdn.com/30DAY-AvatarHeadshot-67A2C61B2033AF3C63A21309DE20F405-Png/150/150/AvatarHeadshot/Png/noFilter', 'Plant_z', NULL, NULL, '2026-03-09 06:03:55.212467+00', '2026-03-09 06:03:55.212467+00', '2026-03-09 16:12:05.446+00'),
	('b08b9f71-5713-4c5c-899e-abb733c54db2', 2749578796, 'PapaSuSeJjjj', 'https://tr.rbxcdn.com/30DAY-AvatarHeadshot-5BA9023A892D5242755897CA483CB62E-Png/150/150/AvatarHeadshot/Png/noFilter', 'hua', NULL, NULL, '2026-03-09 06:04:01.632062+00', '2026-03-09 06:04:01.632062+00', '2026-03-09 16:12:06.027+00'),
	('9f4cf63f-7136-4d15-9db5-58d7ee5803df', 2849901008, 'mcfroggyxd', 'https://tr.rbxcdn.com/30DAY-AvatarHeadshot-A8F317CD818A76A9BBF1F81435093D87-Png/150/150/AvatarHeadshot/Png/noFilter', 'Oni', NULL, NULL, '2026-03-09 06:04:08.247064+00', '2026-03-09 06:04:08.247064+00', '2026-03-09 16:12:06.614+00'),
	('7bfc8da7-05a4-47d7-a5bd-a846b9bcd59b', 9799002230, 'iluvdmoonsm', 'https://tr.rbxcdn.com/30DAY-AvatarHeadshot-1B639663A93F6F58983262E47D2620A3-Png/150/150/AvatarHeadshot/Png/noFilter', 'Lem', NULL, NULL, '2026-03-09 06:04:15.36894+00', '2026-03-09 06:04:15.36894+00', '2026-03-09 16:12:07.205+00'),
	('70e6ba9f-e8f5-428a-8d90-d19ba22103d1', 1648469430, 'popAWWMAN_Thailand', 'https://tr.rbxcdn.com/30DAY-AvatarHeadshot-04D1C3D3FFB7CA471C54EDF03012B720-Png/150/150/AvatarHeadshot/Png/noFilter', 'Siwoo', NULL, NULL, '2026-03-09 06:04:51.108448+00', '2026-03-09 06:04:51.108448+00', '2026-03-09 16:13:49.274+00'),
	('c74a2dbc-fcce-47cd-b126-e72e5de8ad15', 149877766, 'EarlyBirds101', 'https://tr.rbxcdn.com/30DAY-AvatarHeadshot-52181256C18BF5EA1D101AAA19283730-Png/150/150/AvatarHeadshot/Png/noFilter', 'Yotsune', NULL, NULL, '2026-03-09 06:05:03.153447+00', '2026-03-09 06:05:03.153447+00', '2026-03-09 16:13:49.903+00'),
	('dcd0651f-f331-43a8-8205-e962702cbad5', 1385284988, 'Dinozxa', 'https://tr.rbxcdn.com/30DAY-AvatarHeadshot-76DB201254750B3028659774BEF47A3F-Png/150/150/AvatarHeadshot/Png/noFilter', 'OneKell', NULL, NULL, '2026-03-09 06:05:16.111276+00', '2026-03-09 06:05:16.111276+00', '2026-03-09 16:13:50.52+00'),
	('91cd4cd9-5777-4303-8138-cb410d575478', 2294171823, 'Flame28460', 'https://tr.rbxcdn.com/30DAY-AvatarHeadshot-93F79E87549B93EE6DAD69419F512573-Png/150/150/AvatarHeadshot/Png/noFilter', 'Flame28460', NULL, NULL, '2026-03-09 06:05:29.562467+00', '2026-03-09 06:05:29.562467+00', '2026-03-09 16:13:51.529+00'),
	('def494ef-685d-4951-9a16-d9164be07c5c', 1715711169, 'Renleaf_IstheBEST132', 'https://tr.rbxcdn.com/30DAY-AvatarHeadshot-DAC76DCD73F4E4E6DAEDB17FB2D365D6-Png/150/150/AvatarHeadshot/Png/noFilter', 'cvke', NULL, NULL, '2026-03-09 06:05:41.273476+00', '2026-03-09 06:05:41.273476+00', '2026-03-09 16:13:52.144+00'),
	('0c594489-dc74-4a59-a605-002ae4373d79', 7613245787, 'sigmapaikia', 'https://tr.rbxcdn.com/30DAY-AvatarHeadshot-BE914EB1AC5D64C260ED35B5DCC728A3-Png/150/150/AvatarHeadshot/Png/noFilter', 'RAWRaqill', NULL, NULL, '2026-03-09 06:05:47.811029+00', '2026-03-09 06:05:47.811029+00', '2026-03-09 16:13:52.747+00'),
	('23c6c8d5-6765-4852-b05d-9c35b14454c3', 638264653, 'heland3', 'https://tr.rbxcdn.com/30DAY-AvatarHeadshot-65EC309F204DD5A76C9C2495533D96EC-Png/150/150/AvatarHeadshot/Png/noFilter', 'jalenn', NULL, NULL, '2026-03-09 06:05:55.515211+00', '2026-03-09 06:05:55.515211+00', '2026-03-09 16:13:53.391+00'),
	('ed286b2a-f655-4820-a79a-d39c25a90632', 2880966824, 'fonzy_2012', 'https://tr.rbxcdn.com/30DAY-AvatarHeadshot-4E7BB0DF6934A2B5677857C25A12448F-Png/150/150/AvatarHeadshot/Png/noFilter', 'GoodMorningXihpo', NULL, NULL, '2026-03-09 06:06:02.304533+00', '2026-03-09 06:06:02.304533+00', '2026-03-09 16:13:53.993+00'),
	('513aeff4-c87a-43bd-9890-821f892ddd82', 8606649551, 'Kouuu137', 'https://tr.rbxcdn.com/30DAY-AvatarHeadshot-EBFAB0E8573896FEC6D19A87D0724A79-Png/150/150/AvatarHeadshot/Png/noFilter', 'rin', NULL, NULL, '2026-03-09 06:06:07.645048+00', '2026-03-09 06:06:07.645048+00', '2026-03-09 16:13:54.592+00'),
	('edf7a29a-072c-4e19-afca-4473d96effa0', 8268199009, 'Ladiagrilo84354', 'https://tr.rbxcdn.com/30DAY-AvatarHeadshot-1042D4681E46127CAC7E1D6417817DF7-Png/150/150/AvatarHeadshot/Png/noFilter', 'Naobuns_Zenin', NULL, NULL, '2026-03-09 06:06:12.864639+00', '2026-03-09 06:06:12.864639+00', '2026-03-09 16:13:55.197+00'),
	('ac1e3a5c-46b9-48ad-ab08-0159b691eec9', 2991399867, 'TEETHI123457', 'https://tr.rbxcdn.com/30DAY-AvatarHeadshot-3F7E9EC6382199617C35FB468CF14652-Png/150/150/AvatarHeadshot/Png/noFilter', 'Reborn', NULL, NULL, '2026-03-09 06:06:35.067544+00', '2026-03-09 06:06:35.067544+00', '2026-03-09 16:13:55.803+00'),
	('e8bde2e2-2a68-4792-b24f-77adb55aa7ec', 2552659683, 'Arm_solof', 'https://tr.rbxcdn.com/30DAY-AvatarHeadshot-4BE580547D303DC4A09B6B67E30DC66D-Png/150/150/AvatarHeadshot/Png/noFilter', 'Korn', NULL, NULL, '2026-03-09 06:06:42.084778+00', '2026-03-09 06:06:42.084778+00', '2026-03-09 16:13:56.4+00'),
	('6810d243-d6d5-47c6-90df-1737fc771f14', 364364586, 'syilrayyan', 'https://tr.rbxcdn.com/30DAY-AvatarHeadshot-4E3E57AC15A201B8DC6989FB817D6810-Png/150/150/AvatarHeadshot/Png/noFilter', 'HanamiSanDesu', NULL, NULL, '2026-03-09 06:06:48.775776+00', '2026-03-09 06:06:48.775776+00', '2026-03-09 16:13:56.996+00'),
	('c29bc675-3bc0-47fe-aee0-51189815c9e4', 365858147, 'jewlitha', 'https://tr.rbxcdn.com/30DAY-AvatarHeadshot-41493E281DDB575B12763D5C55D2C204-Png/150/150/AvatarHeadshot/Png/noFilter', 'Litha', NULL, NULL, '2026-03-09 06:18:27.318232+00', '2026-03-09 06:18:27.318232+00', '2026-03-22 16:32:11.472+00'),
	('98d8204f-2483-4376-8075-9b8f82958afa', 1124683603, 'exlittre_123', 'https://tr.rbxcdn.com/30DAY-AvatarHeadshot-16E36FA44B98D0A496F523729697099E-Png/150/150/AvatarHeadshot/Png/noFilter', 'Nerdzz', NULL, NULL, '2026-03-09 06:18:40.839224+00', '2026-03-09 06:18:40.839224+00', '2026-03-22 16:32:12.072+00'),
	('6698870a-9442-434c-8173-e4bb054125c2', 2797318611, 'cyber_blaze46', 'https://tr.rbxcdn.com/30DAY-AvatarHeadshot-C5394747AC733779F2B006573EEEAFFD-Png/150/150/AvatarHeadshot/Png/noFilter', 'NISHI', NULL, NULL, '2026-03-09 06:18:50.327979+00', '2026-03-09 06:18:50.327979+00', '2026-03-22 16:32:12.676+00'),
	('092f5a3b-b3f9-47eb-b03c-6f0ecd7c9e34', 3073939064, 'enbkay', 'https://tr.rbxcdn.com/30DAY-AvatarHeadshot-617E5DEB201D721DB62C16651E8439B8-Png/150/150/AvatarHeadshot/Png/noFilter', 'yondu', NULL, NULL, '2026-03-09 06:01:21.930141+00', '2026-03-09 06:01:21.930141+00', '2026-03-22 15:48:59.188+00'),
	('4d5e8ee6-8aaf-4193-a514-cd8cc1ced448', 2751273687, 'Br0d154', 'https://tr.rbxcdn.com/30DAY-AvatarHeadshot-452022D0546072F729FA12A09B408DB9-Png/150/150/AvatarHeadshot/Png/noFilter', 'Brid', NULL, NULL, '2026-03-09 06:01:44.638885+00', '2026-03-09 06:01:44.638885+00', '2026-03-22 15:49:01.002+00'),
	('3ae0fab3-4ffd-4f60-87dd-40c6b4591aeb', 2588749389, 'Kirito_Or8', 'https://tr.rbxcdn.com/30DAY-AvatarHeadshot-8A6AAA46362ECA1BC01362B73BE29F25-Png/150/150/AvatarHeadshot/Png/noFilter', 'JAYDENNGO', NULL, NULL, '2026-04-18 07:27:24.59989+00', '2026-04-18 07:27:24.59989+00', '2026-04-18 07:27:24.567+00'),
	('7aacf86d-f2d4-4e39-b59e-ac9aea513833', 2686398818, 'kanroji2020', 'https://tr.rbxcdn.com/30DAY-AvatarHeadshot-0DF2CC90501EC618D28ADEE15F113DE7-Png/150/150/AvatarHeadshot/Png/noFilter', 'luxxtzyy', NULL, NULL, '2026-04-18 07:27:48.42779+00', '2026-04-18 07:27:48.42779+00', '2026-04-18 07:27:48.384+00'),
	('9c883c5a-f20f-475f-b3b5-87422363c56e', 1796766121, 'o_ohiroXx', 'https://tr.rbxcdn.com/30DAY-AvatarHeadshot-9FC47C9B6B74F037E3AD535CE1CA48FC-Png/150/150/AvatarHeadshot/Png/noFilter', 'dayatzyy', NULL, NULL, '2026-04-18 07:27:53.265539+00', '2026-04-18 07:27:53.265539+00', '2026-04-18 07:27:53.232+00'),
	('34de58c2-408e-4379-aaa0-ffc0f2daa2cd', 3785165078, 'Acenokb', 'https://tr.rbxcdn.com/30DAY-AvatarHeadshot-4ADAA2DB4AA00D1E442D9A516BDAB874-Png/150/150/AvatarHeadshot/Png/noFilter', 'Acenokb', NULL, NULL, '2026-04-18 07:29:29.737256+00', '2026-04-18 07:29:29.737256+00', '2026-04-18 07:29:29.514+00'),
	('9129c888-1e46-4ad0-926f-c6e5eee8eccb', 589077422, 'g_bitaro', 'https://tr.rbxcdn.com/30DAY-AvatarHeadshot-D9C93C25039C56B0F08FBE903195A949-Png/150/150/AvatarHeadshot/Png/noFilter', 'g_bitaro', NULL, NULL, '2026-04-18 07:29:33.672651+00', '2026-04-18 07:29:33.672651+00', '2026-04-18 07:29:33.637+00'),
	('d5a8c9e3-e1c1-44d1-afc6-0bf2ae417f00', 1516627659, 'Aymzz_1', 'https://tr.rbxcdn.com/30DAY-AvatarHeadshot-5301BE721E7B5A69C8DA8B7858828873-Png/150/150/AvatarHeadshot/Png/noFilter', 'Aymzz', NULL, NULL, '2026-04-18 07:29:37.243251+00', '2026-04-18 07:29:37.243251+00', '2026-04-18 07:29:37.2+00'),
	('099faa28-ce74-4917-a980-72142faa3a99', 53529611, 'Metachr0matic', 'https://tr.rbxcdn.com/30DAY-AvatarHeadshot-4B8DADB9FFA90F21336A6FF0F4C88A42-Png/150/150/AvatarHeadshot/Png/noFilter', 'Echo', NULL, NULL, '2026-04-18 07:29:43.185245+00', '2026-04-18 07:29:43.185245+00', '2026-04-18 07:29:43.142+00'),
	('9dc133bd-0a1f-4ef5-a4bc-7ec09a988681', 2996637321, '71K14', 'https://tr.rbxcdn.com/30DAY-AvatarHeadshot-5891FE7ECC66DD1349110DAF86F54031-Png/150/150/AvatarHeadshot/Png/noFilter', 'Nyiino', NULL, NULL, '2026-04-18 07:29:47.221324+00', '2026-04-18 07:29:47.221324+00', '2026-04-18 07:29:47.191+00'),
	('eaf1ffec-f5cb-4839-bb7d-245219afd355', 3395420835, 'Cisco053', 'https://tr.rbxcdn.com/30DAY-AvatarHeadshot-E35DA1B523249673B575B9B57240577B-Png/150/150/AvatarHeadshot/Png/noFilter', 'inihaw', NULL, NULL, '2026-04-18 07:30:18.231649+00', '2026-04-18 07:30:18.231649+00', '2026-04-18 07:30:18.198+00'),
	('b3dabf46-52a8-4706-92bb-7dac8f9f2e21', 1688067889, 'goaway_thnks', 'https://tr.rbxcdn.com/30DAY-AvatarHeadshot-96CB3CD94880AFA2744248B68F6B106D-Png/150/150/AvatarHeadshot/Png/noFilter', 'chen', NULL, NULL, '2026-04-18 07:30:23.826204+00', '2026-04-18 07:30:23.826204+00', '2026-04-18 07:30:23.794+00'),
	('38d34a54-c8a2-4b52-865f-7e5cefba9266', 1190845461, 'khimandirya1', 'https://tr.rbxcdn.com/30DAY-AvatarHeadshot-D942A0C9EB77154CC23F514E599B2EFA-Png/150/150/AvatarHeadshot/Png/noFilter', 'bomi', NULL, NULL, '2026-03-09 06:19:04.762932+00', '2026-03-09 06:19:04.762932+00', '2026-03-22 16:32:13.883+00'),
	('bf34effd-dc76-4f18-a336-2913033687c3', 2724801462, 'm8ckye', 'https://tr.rbxcdn.com/30DAY-AvatarHeadshot-AFC710C9A3BC436AF13067E25A5A8DF1-Png/150/150/AvatarHeadshot/Png/noFilter', 'Apr1lia', NULL, NULL, '2026-03-09 06:19:30.014711+00', '2026-03-09 06:19:30.014711+00', '2026-03-22 16:32:15.7+00'),
	('664b22a3-8bed-41c5-9f17-7543fbc239d6', 414859184, 'bobon123451', 'https://tr.rbxcdn.com/30DAY-AvatarHeadshot-D395915E771BE836B403CA68A9B0911B-Png/150/150/AvatarHeadshot/Png/noFilter', 'Bon', NULL, NULL, '2026-03-09 06:19:37.133142+00', '2026-03-09 06:19:37.133142+00', '2026-03-22 16:32:16.294+00'),
	('849f1af2-586b-4827-af90-07ba9b1a4dd4', 2556785840, 'DESTRUCTIONSSSSSS', 'https://tr.rbxcdn.com/30DAY-AvatarHeadshot-CC92B8893887EC27965BA07D7C293301-Png/150/150/AvatarHeadshot/Png/noFilter', 'Terry', NULL, NULL, '2026-03-09 06:19:51.164178+00', '2026-03-09 06:19:51.164178+00', '2026-03-22 16:32:17.502+00'),
	('ca768994-9731-4c15-af01-304ec3210037', 1848617045, 'xdkurt555', 'https://tr.rbxcdn.com/30DAY-AvatarHeadshot-1776015DF3A378C2D163829193EE357C-Png/150/150/AvatarHeadshot/Png/noFilter', 'Fuji', NULL, NULL, '2026-03-09 06:19:58.35766+00', '2026-03-09 06:19:58.35766+00', '2026-03-22 16:32:18.113+00'),
	('857c431b-ea37-471e-80cf-b65ffd2e540f', 1241460557, 'poods323', 'https://tr.rbxcdn.com/30DAY-AvatarHeadshot-0E5D5CB20E910978C11818058E720FEF-Png/150/150/AvatarHeadshot/Png/noFilter', 'Navi', NULL, NULL, '2026-03-09 06:20:13.210155+00', '2026-03-09 06:20:13.210155+00', '2026-03-22 16:32:19.767+00'),
	('f718705c-932d-4332-a76f-c4cedc299fd0', 4605123630, 'EAEAEAEAEAEAEA22', 'https://tr.rbxcdn.com/30DAY-AvatarHeadshot-4AADBF5ADFA4E8D517B973513C1085CB-Png/150/150/AvatarHeadshot/Png/noFilter', 'KenyS', NULL, NULL, '2026-03-04 16:07:19.716899+00', '2026-03-04 16:07:19.716899+00', '2026-04-21 01:16:21.316+00'),
	('60a50852-6204-4dff-a215-190bff4549d7', 886071740, 'actevistin25', 'https://tr.rbxcdn.com/30DAY-AvatarHeadshot-4C5DD15DBB9461D2CF98C7BA26B9BB81-Png/150/150/AvatarHeadshot/Png/noFilter', 'ClaudeDebussi', NULL, NULL, '2026-03-09 13:43:53.611497+00', '2026-03-09 13:43:53.611497+00', '2026-04-21 01:16:21.306+00'),
	('ef7489ca-a2a0-44f7-ab9a-d214e206ca29', 2818578103, 'bloxmaraka2', 'https://tr.rbxcdn.com/30DAY-AvatarHeadshot-62F95DD261CB25EC46914687B0079EDC-Png/150/150/AvatarHeadshot/Png/noFilter', 'Tobio', NULL, NULL, '2026-03-09 06:21:16.996279+00', '2026-03-09 06:21:16.996279+00', '2026-03-09 06:21:16.958+00'),
	('1fc86d77-6b9a-4fac-bbb5-d8b90b570c71', 8706080970, 'raiwxo18', 'https://tr.rbxcdn.com/30DAY-AvatarHeadshot-D3B2860D60AD5382667E024C37B09C86-Png/150/150/AvatarHeadshot/Png/noFilter', 'Rai', NULL, NULL, '2026-03-09 06:21:27.411268+00', '2026-03-09 06:21:27.411268+00', '2026-03-09 06:21:27.387+00'),
	('7a7135f6-217b-448a-be99-e0be0675814c', 9349763295, 'Rosalibero', 'https://tr.rbxcdn.com/30DAY-AvatarHeadshot-B421D5E0E97A4FE435E6A63CA0233BA6-Png/150/150/AvatarHeadshot/Png/noFilter', 'rosa', NULL, NULL, '2026-03-09 06:21:47.769906+00', '2026-03-09 06:21:47.769906+00', '2026-03-09 06:21:47.725+00'),
	('34844c98-05e2-46e8-8f61-cd616babd6b4', 1485748518, 'frostfiresnz', 'https://tr.rbxcdn.com/30DAY-AvatarHeadshot-8CC0B57D831CDB45D2D61A99CFAE7E75-Png/150/150/AvatarHeadshot/Png/noFilter', 'adii', NULL, NULL, '2026-03-09 06:21:55.653496+00', '2026-03-09 06:21:55.653496+00', '2026-03-09 06:21:55.629+00'),
	('31dfa29b-16b7-48f9-9984-bc944b2291f7', 1711114872, 'Pcgaminglollol', 'https://tr.rbxcdn.com/30DAY-AvatarHeadshot-1BD53414463CA3E78ED23DED51F213E7-Png/150/150/AvatarHeadshot/Png/noFilter', 'pilu', NULL, NULL, '2026-03-09 06:22:01.642456+00', '2026-03-09 06:22:01.642456+00', '2026-03-09 06:22:01.615+00'),
	('ef5ddd34-912a-4ef5-8022-1c8f90662433', 3712998762, 'Red_Ba1thoven', 'https://tr.rbxcdn.com/30DAY-AvatarHeadshot-052FC0A6A199AB8F4062ADBD71942498-Png/150/150/AvatarHeadshot/Png/noFilter', 'Hirako', NULL, NULL, '2026-03-09 06:22:10.476125+00', '2026-03-09 06:22:10.476125+00', '2026-03-09 06:22:10.437+00'),
	('07fc3ade-a039-412a-967b-9d319aa9d619', 1572389202, 'not_Lukejk', 'https://tr.rbxcdn.com/30DAY-AvatarHeadshot-7835BE8B0869C848C09E729E7A083AFE-Png/150/150/AvatarHeadshot/Png/noFilter', 'Roku', NULL, NULL, '2026-03-09 06:22:17.147717+00', '2026-03-09 06:22:17.147717+00', '2026-03-09 06:22:17.12+00'),
	('eb68b404-78ce-4324-9fe3-6bf46684dbd2', 2797635841, 'step_rhainmar124', 'https://tr.rbxcdn.com/30DAY-AvatarHeadshot-A88F3669DF29FCE9F39B2B10AA43CD80-Png/150/150/AvatarHeadshot/Png/noFilter', 'Gutso', NULL, NULL, '2026-03-09 06:22:23.214781+00', '2026-03-09 06:22:23.214781+00', '2026-03-09 06:22:23.181+00'),
	('f831bd7d-5f2b-44b7-a82c-13f41a06939d', 4555586602, 'ndggndyda', 'https://tr.rbxcdn.com/30DAY-AvatarHeadshot-DB4B4C63F7C05299405A85004B0E20B7-Png/150/150/AvatarHeadshot/Png/noFilter', 'SnowWhite', NULL, NULL, '2026-03-09 06:22:30.560414+00', '2026-03-09 06:22:30.560414+00', '2026-03-09 06:22:30.533+00'),
	('d3e6ab05-626f-44fe-94b4-660fd6c38eb4', 2957329185, 'NixeeTheGreat', 'https://tr.rbxcdn.com/30DAY-AvatarHeadshot-55F70AA92D8C023A59ACBE4D6F8E98E6-Png/150/150/AvatarHeadshot/Png/noFilter', 'Mikoo', NULL, NULL, '2026-03-09 06:22:42.673153+00', '2026-03-09 06:22:42.673153+00', '2026-03-09 06:22:42.639+00'),
	('9739f357-1ba9-4bf0-a011-b0ee3d158e1b', 4156143390, 'Ihandleball', 'https://tr.rbxcdn.com/30DAY-AvatarHeadshot-92A205F29FEE04D476E09B658ACB6C12-Png/150/150/AvatarHeadshot/Png/noFilter', 'jeremy', NULL, NULL, '2026-03-09 06:22:48.71696+00', '2026-03-09 06:22:48.71696+00', '2026-03-09 06:22:48.681+00'),
	('956e3e6a-3407-4a99-a44d-3215989b47fc', 2723115228, 'Samuraislayer432', 'https://tr.rbxcdn.com/30DAY-AvatarHeadshot-28CA3CFD5AB054B2BD16F65AF37E558A-Png/150/150/AvatarHeadshot/Png/noFilter', 'Mel', NULL, NULL, '2026-03-09 06:22:54.61461+00', '2026-03-09 06:22:54.61461+00', '2026-03-09 06:22:54.585+00'),
	('890a9b0c-6fed-4285-847e-9d4eb5c21699', 2295324885, 'zh1yee', 'https://tr.rbxcdn.com/30DAY-AvatarHeadshot-C5AEB4BE32C5A08D7FBC620D0578BE71-Png/150/150/AvatarHeadshot/Png/noFilter', 'zh1yee', NULL, NULL, '2026-03-09 13:20:29.158521+00', '2026-03-09 13:20:29.158521+00', '2026-04-18 15:21:16.726+00'),
	('53f1d43a-ae49-4550-b401-d043a417e2a9', 3970681464, 'aryisanub', 'https://tr.rbxcdn.com/30DAY-AvatarHeadshot-35B40F15A093364AB44034AFBC4AF55C-Png/150/150/AvatarHeadshot/Png/noFilter', 'AryTzyy', NULL, NULL, '2026-04-18 07:27:58.226678+00', '2026-04-18 07:27:58.226678+00', '2026-04-18 07:27:58.19+00'),
	('3f0c5349-2d51-4894-87b5-6bd00accdd6b', 4334459296, 'icenmon', 'https://tr.rbxcdn.com/30DAY-AvatarHeadshot-E3EF0EF96CCB644CBCC8379A0D15B36D-Png/150/150/AvatarHeadshot/Png/noFilter', 'clyde', NULL, NULL, '2026-03-09 06:40:16.391383+00', '2026-03-09 06:40:16.391383+00', '2026-03-22 15:40:53.581+00'),
	('524c3981-e2e1-46e7-8eb2-860ad3a76fec', 18163298, '14rairs', 'https://tr.rbxcdn.com/30DAY-AvatarHeadshot-7CD2C2BB54A2C2B626FC2EA139877074-Png/150/150/AvatarHeadshot/Png/noFilter', 'JohnCean', NULL, NULL, '2026-03-09 06:40:21.95509+00', '2026-03-09 06:40:21.95509+00', '2026-03-22 15:40:54.192+00'),
	('31eac2ad-f25c-49ca-94d0-186928ef6ee7', 598699338, 'sfAkari', 'https://tr.rbxcdn.com/30DAY-AvatarHeadshot-84AC8D7B3AAED001892CEF8FF70AC000-Png/150/150/AvatarHeadshot/Png/noFilter', 'Akari', NULL, NULL, '2026-03-09 06:40:27.732535+00', '2026-03-09 06:40:27.732535+00', '2026-03-22 15:40:54.799+00'),
	('da991fcc-598f-4214-98c5-ef0d8b9a0ef7', 2908607101, 'dodged1s', 'https://tr.rbxcdn.com/30DAY-AvatarHeadshot-F115F82C918C19051D2100EC20BDA44C-Png/150/150/AvatarHeadshot/Png/noFilter', 'JORDANMAMOE', NULL, NULL, '2026-03-09 06:40:33.031667+00', '2026-03-09 06:40:33.031667+00', '2026-03-22 15:40:55.391+00'),
	('6c063e16-799f-4fa8-85da-8aabe8595bd6', 794156088, 'Mystic_Stone', 'https://tr.rbxcdn.com/30DAY-AvatarHeadshot-8A131BC5F6B1766FEFBF679A0E8151FC-Png/150/150/AvatarHeadshot/Png/noFilter', 'Hanamaruobake', NULL, NULL, '2026-03-09 06:40:39.001088+00', '2026-03-09 06:40:39.001088+00', '2026-03-22 15:40:56.013+00'),
	('2c1a1b56-612f-45ca-ac3d-41108e3a5ec1', 3037208198, 'shadow_tree402', 'https://tr.rbxcdn.com/30DAY-AvatarHeadshot-679DFFCBCDF5B32218F4815436029D72-Png/150/150/AvatarHeadshot/Png/noFilter', 'Tree_man', NULL, NULL, '2026-03-09 06:40:45.085148+00', '2026-03-09 06:40:45.085148+00', '2026-03-22 15:40:56.611+00'),
	('4e242042-09b4-412f-a999-3d6c0cc85eaa', 4775693399, 'deviousrexxes', 'https://tr.rbxcdn.com/30DAY-AvatarHeadshot-E6E8118F89DEF0258AD6FF12F40D28CB-Png/150/150/AvatarHeadshot/Png/noFilter', 'GenghisKhan', NULL, NULL, '2026-03-09 06:40:50.302712+00', '2026-03-09 06:40:50.302712+00', '2026-03-22 15:40:57.217+00'),
	('b864f4de-d764-4826-84ae-dba45e534acf', 1755720, 'davx', 'https://tr.rbxcdn.com/30DAY-AvatarHeadshot-0D04030DBF3B495596B2C62902E88200-Png/150/150/AvatarHeadshot/Png/noFilter', 'caeser', NULL, NULL, '2026-03-09 06:42:27.293875+00', '2026-03-09 06:42:27.293875+00', '2026-03-22 15:40:57.806+00'),
	('b1d98504-3b34-4369-9c10-d30e14c4902c', 311039372, 'g7di', 'https://tr.rbxcdn.com/30DAY-AvatarHeadshot-94B51ED7E562515B8C51E333557EF118-Png/150/150/AvatarHeadshot/Png/noFilter', 'RachelReceiverAI', NULL, NULL, '2026-03-09 06:42:33.950915+00', '2026-03-09 06:42:33.950915+00', '2026-03-22 15:40:58.412+00'),
	('6287b9e0-c7c1-4812-8d9f-28e824cecc72', 8142818626, 'nxuree', 'https://tr.rbxcdn.com/30DAY-AvatarHeadshot-713776774601FBABB445C2DC752401B1-Png/150/150/AvatarHeadshot/Png/noFilter', 'nxuree', NULL, NULL, '2026-03-09 06:42:40.889919+00', '2026-03-09 06:42:40.889919+00', '2026-03-22 15:40:59.026+00'),
	('b92fef6a-6fc9-43be-a2f3-966aeb27b160', 5096759828, 'Godsway_v1', 'https://tr.rbxcdn.com/30DAY-AvatarHeadshot-BD8E265B9C9C6550C43FE645044F6E65-Png/150/150/AvatarHeadshot/Png/noFilter', 'Miklo', NULL, NULL, '2026-03-09 06:39:47.021565+00', '2026-03-09 06:39:47.021565+00', '2026-03-22 16:25:29.659+00'),
	('7cdec3f4-d5bd-46a7-bc3f-bbbe72770725', 10107537998, '67junglemangomustard', 'https://tr.rbxcdn.com/30DAY-AvatarHeadshot-B37E6A39A5EF789F91A7BC730CE58441-Png/150/150/AvatarHeadshot/Png/noFilter', 'hive', NULL, NULL, '2026-03-09 13:40:39.524548+00', '2026-03-09 13:40:39.524548+00', '2026-04-18 15:21:16.735+00'),
	('d50f9667-dc16-472a-aef0-cc3360eb7141', 817103118, 'VcTrustedAlexVc', 'https://tr.rbxcdn.com/30DAY-AvatarHeadshot-069B9C8655399689F31CC15AB46DD27E-Png/150/150/AvatarHeadshot/Png/noFilter', 'Quack', NULL, NULL, '2026-03-09 06:39:59.544121+00', '2026-03-09 06:39:59.544121+00', '2026-03-22 15:40:52.352+00'),
	('4e806056-0026-4d38-afc2-c63ea4791b35', 9640096935, 'SuperDarkHaydz', 'https://tr.rbxcdn.com/30DAY-AvatarHeadshot-B5F853A55B0F43F0741E1C474148E3FE-Png/150/150/AvatarHeadshot/Png/noFilter', 'Haydz_MTodd', NULL, NULL, '2026-03-09 06:40:11.101362+00', '2026-03-09 06:40:11.101362+00', '2026-03-22 15:40:52.971+00'),
	('40759464-68da-443a-8679-6515d3fad45a', 1366424436, 'BTRlowkas22', 'https://tr.rbxcdn.com/30DAY-AvatarHeadshot-1459DEF79FAA1B0276F24118B43E278E-Png/150/150/AvatarHeadshot/Png/noFilter', 'K27', NULL, NULL, '2026-03-09 06:19:13.62364+00', '2026-03-09 06:19:13.62364+00', '2026-03-22 16:32:14.497+00'),
	('9e66b885-983b-4658-8e8f-b2876f9c3ce1', 4216355267, 'svnth6', 'https://tr.rbxcdn.com/30DAY-AvatarHeadshot-450C852F56E3D3738C6F97AB62AD0E37-Png/150/150/AvatarHeadshot/Png/noFilter', 'biggyYE', NULL, NULL, '2026-03-09 06:39:24.518385+00', '2026-03-09 06:39:24.518385+00', '2026-03-22 15:40:51.693+00'),
	('e378dee9-cea5-4c75-804b-724f09b1a1a8', 5262151312, 'nebjaminadam3x', 'https://tr.rbxcdn.com/30DAY-AvatarHeadshot-2341921BD992C5322AAA22F10AB339A6-Png/150/150/AvatarHeadshot/Png/noFilter', 'Sammy', NULL, NULL, '2026-03-09 13:20:37.954307+00', '2026-03-09 13:20:37.954307+00', '2026-04-18 15:21:16.722+00'),
	('ee4ebb14-85f8-4268-ae36-4c7b515faa14', 1836398922, 'OnePieceChamps', 'https://tr.rbxcdn.com/30DAY-AvatarHeadshot-E3C81DCF3EF582701F135283135F84D3-Png/150/150/AvatarHeadshot/Png/noFilter', 'BigBebehRASIO', NULL, NULL, '2026-03-09 06:19:44.407544+00', '2026-03-09 06:19:44.407544+00', '2026-03-22 16:32:16.892+00'),
	('b0529cce-3612-4b40-90b2-6f4898ee5c87', 3313503767, 'Rblxjf6', 'https://tr.rbxcdn.com/30DAY-AvatarHeadshot-9AC2110BC1166F1FBBA49CF1C34B9C69-Png/150/150/AvatarHeadshot/Png/noFilter', 'Jello', NULL, NULL, '2026-03-09 06:20:06.433084+00', '2026-03-09 06:20:06.433084+00', '2026-03-22 16:32:19.012+00'),
	('30446079-fa8f-4193-8c00-437fedf5f661', 1453722134, 'clydefrogy', 'https://tr.rbxcdn.com/30DAY-AvatarHeadshot-CEDD73D1B5A5D240F9FB6D36844A56AD-Png/150/150/AvatarHeadshot/Png/noFilter', 'Chelsea', NULL, NULL, '2026-03-09 06:19:21.886071+00', '2026-03-09 06:19:21.886071+00', '2026-03-22 16:32:15.102+00'),
	('699cad05-bb5a-4a85-a7f9-99345df3a206', 168253022, 'Cr1ticalRED', 'https://tr.rbxcdn.com/30DAY-AvatarHeadshot-C044216931594B0E91ADB41DE735526D-Png/150/150/AvatarHeadshot/Png/noFilter', 'CriticalRED', NULL, NULL, '2026-04-18 07:28:02.128732+00', '2026-04-18 07:28:02.128732+00', '2026-04-18 07:28:02.101+00'),
	('b544f64a-895d-48ad-90c5-c2a66b5e262d', 124237005, 'Dragfighter', 'https://tr.rbxcdn.com/30DAY-AvatarHeadshot-B453BE1E160CE40590C3B8F5BDF5BBB6-Png/150/150/AvatarHeadshot/Png/noFilter', 'Iced', NULL, NULL, '2026-04-18 07:28:05.366892+00', '2026-04-18 07:28:05.366892+00', '2026-04-18 07:28:05.328+00'),
	('6529feed-923a-4b15-8acc-4bd6679092ec', 467884583, 'rainen671', 'https://tr.rbxcdn.com/30DAY-AvatarHeadshot-E5A6A194657D7D803645AF135E25FAF0-Png/150/150/AvatarHeadshot/Png/noFilter', 'ryu', NULL, NULL, '2026-04-18 07:28:09.58498+00', '2026-04-18 07:28:09.58498+00', '2026-04-18 07:28:09.547+00'),
	('88562609-6c42-473c-9088-26d09372a8db', 80763603, 'robghosty', 'https://tr.rbxcdn.com/30DAY-AvatarHeadshot-1E6CC74E5E7022590E71664549F16E66-Png/150/150/AvatarHeadshot/Png/noFilter', 'robghosty', NULL, NULL, '2026-04-18 07:28:13.329915+00', '2026-04-18 07:28:13.329915+00', '2026-04-18 07:28:13.298+00'),
	('fdc23444-5558-4d4d-9047-7a5ad9aed799', 110152495, 'iL0Fu', 'https://tr.rbxcdn.com/30DAY-AvatarHeadshot-2A3EB8A0B42EFE693CE0B42B2581A1F2-Png/150/150/AvatarHeadshot/Png/noFilter', 'lofu', NULL, NULL, '2026-04-18 07:28:16.507596+00', '2026-04-18 07:28:16.507596+00', '2026-04-18 07:28:16.467+00'),
	('bf7ec401-00c7-4b43-9d6e-68d07bad6d34', 3839781631, 'rakkapizza', 'https://tr.rbxcdn.com/30DAY-AvatarHeadshot-054C1521D29080B8F084F7A96FE6277C-Png/150/150/AvatarHeadshot/Png/noFilter', 'mon', NULL, NULL, '2026-04-18 07:28:20.98305+00', '2026-04-18 07:28:20.98305+00', '2026-04-18 07:28:20.948+00'),
	('6d7772b0-bd49-4e02-8da0-0b50edd5b224', 2636429128, 'EXOqFishy', 'https://tr.rbxcdn.com/30DAY-AvatarHeadshot-433C4575CED925B458E7EA5FFC1FEEF4-Png/150/150/AvatarHeadshot/Png/noFilter', 'qFishy', NULL, NULL, '2026-04-18 07:28:24.413599+00', '2026-04-18 07:28:24.413599+00', '2026-04-18 07:28:24.384+00'),
	('e9518f01-680a-41eb-9fa1-067137e59386', 325017786, 'Juz_GL', 'https://tr.rbxcdn.com/30DAY-AvatarHeadshot-6BEC3116A1E0E667FFAE86E94FBFDA0B-Png/150/150/AvatarHeadshot/Png/noFilter', 'Lemon', NULL, NULL, '2026-04-18 07:28:29.537906+00', '2026-04-18 07:28:29.537906+00', '2026-04-18 07:28:29.497+00'),
	('eaca012e-d1cb-431e-97ec-2fae1d14349e', 102818318, 'aemanreal', 'https://tr.rbxcdn.com/30DAY-AvatarHeadshot-9C1140A604F79538306145D60289F31A-Png/150/150/AvatarHeadshot/Png/noFilter', 'ae_man', NULL, NULL, '2026-04-18 07:29:51.089551+00', '2026-04-18 07:29:51.089551+00', '2026-04-18 07:29:51.038+00'),
	('42fa8a6a-a0fa-431f-9943-04feb9445b58', 974086047, 'SenpaiCermee', 'https://tr.rbxcdn.com/30DAY-AvatarHeadshot-9509DB18C7BC97C45E2E2F5294F78481-Png/150/150/AvatarHeadshot/Png/noFilter', 'Cerm', NULL, NULL, '2026-04-18 07:29:55.469267+00', '2026-04-18 07:29:55.469267+00', '2026-04-18 07:29:55.43+00'),
	('f434fdc5-3eab-4307-a0ce-b0e987360599', 1299665264, 'R3and0m', 'https://tr.rbxcdn.com/30DAY-AvatarHeadshot-A0B3D8F9BEA51BBBB0BACA4C9FDEFF88-Png/150/150/AvatarHeadshot/Png/noFilter', 'R3and0m', NULL, NULL, '2026-04-18 07:29:59.054807+00', '2026-04-18 07:29:59.054807+00', '2026-04-18 07:29:59.025+00'),
	('8046cc9a-2c98-4a74-95e7-044399a2aeed', 8007962727, 'syntheno', 'https://tr.rbxcdn.com/30DAY-AvatarHeadshot-ABD6C13702A480D5D3C324549C0A4C66-Png/150/150/AvatarHeadshot/Png/noFilter', 'six', NULL, NULL, '2026-04-18 07:30:03.147174+00', '2026-04-18 07:30:03.147174+00', '2026-04-18 07:30:03.106+00'),
	('b62bab2f-d782-437e-8ff7-c6a05bb93fa9', 177004919, 'DJFire16', 'https://tr.rbxcdn.com/30DAY-AvatarHeadshot-FDB3BAD8D63A4C0885C73E7B25B9B8BF-Png/150/150/AvatarHeadshot/Png/noFilter', 'UncleGeto', NULL, NULL, '2026-04-18 07:30:06.615604+00', '2026-04-18 07:30:06.615604+00', '2026-04-18 07:30:06.585+00'),
	('e875f22a-9c9d-4979-8ce2-d9563445c645', 866457118, 'DNESlasherGOD', 'https://tr.rbxcdn.com/30DAY-AvatarHeadshot-9FF01AC3BC6BE710EE230D593873D6CE-Png/150/150/AvatarHeadshot/Png/noFilter', 'Chicken_Rice', NULL, NULL, '2026-04-18 07:30:09.92856+00', '2026-04-18 07:30:09.92856+00', '2026-04-18 07:30:09.896+00'),
	('1cf21a08-0716-41cc-b2c0-3f812efdf030', 92127748, 'justinbeab', 'https://tr.rbxcdn.com/30DAY-AvatarHeadshot-4737CFC3C6014036BDD9F7FFCB4E8CC4-Png/150/150/AvatarHeadshot/Png/noFilter', 'Gabbytron', NULL, NULL, '2026-03-09 05:55:47.119849+00', '2026-03-09 05:55:47.119849+00', '2026-04-18 15:21:15.322+00'),
	('12aacb80-4049-43ea-8d28-8fce41647963', 5048548985, 'MistoHim', 'https://tr.rbxcdn.com/30DAY-AvatarHeadshot-0E852FF4884F482D242588B71C3F3C30-Png/150/150/AvatarHeadshot/Png/noFilter', 'Gioo', NULL, NULL, '2026-03-09 05:56:21.05957+00', '2026-03-09 05:56:21.05957+00', '2026-04-18 15:21:15.554+00'),
	('eed42d71-3fda-4849-82eb-d9496f7c0793', 9005674361, 'a1ntzenko', 'https://tr.rbxcdn.com/30DAY-AvatarHeadshot-789C8910CC6378AA506BFF67A3CFB3E2-Png/150/150/AvatarHeadshot/Png/noFilter', 'Akujii', NULL, NULL, '2026-03-09 13:41:12.363905+00', '2026-03-09 13:41:12.363905+00', '2026-04-18 15:21:16.943+00'),
	('0e91c3fa-9164-4e2a-8bc8-9203c84c33c9', 102651831, 'chiongt', 'https://tr.rbxcdn.com/30DAY-AvatarHeadshot-47E5570839799EED7DD0993AC549FFB0-Png/150/150/AvatarHeadshot/Png/noFilter', 'ceqzion3', NULL, NULL, '2026-04-18 07:31:24.542323+00', '2026-04-18 07:31:24.542323+00', '2026-04-18 07:31:24.313+00'),
	('47da084b-94d6-4a62-abc2-820ac9791de1', 146050706, 'fireyspirit5', 'https://tr.rbxcdn.com/30DAY-AvatarHeadshot-461B9304F1C2D099259CBE18A0F13F95-Png/150/150/AvatarHeadshot/Png/noFilter', 'GODWIN', NULL, NULL, '2026-04-18 07:31:28.180266+00', '2026-04-18 07:31:28.180266+00', '2026-04-18 07:31:27.97+00'),
	('6aaaf3d8-84f1-4e01-b134-fe2802cf9f64', 1901438877, 'TRAZIE_BINX', 'https://tr.rbxcdn.com/30DAY-AvatarHeadshot-CFD324A55D9C6D58409D5BEAD68BF7BC-Png/150/150/AvatarHeadshot/Png/noFilter', 'Traz', NULL, NULL, '2026-04-18 07:31:31.708742+00', '2026-04-18 07:31:31.708742+00', '2026-04-18 07:31:31.681+00'),
	('a1850506-01ce-44fa-a7bf-24b76bf11db5', 185875504, 'DRAGON_BREAT0864', 'https://tr.rbxcdn.com/30DAY-AvatarHeadshot-BF0073BBEBB2F3D184156F7A4CF6D3CF-Png/150/150/AvatarHeadshot/Png/noFilter', 'teb', NULL, NULL, '2026-04-18 07:31:36.009119+00', '2026-04-18 07:31:36.009119+00', '2026-04-18 07:31:35.975+00'),
	('c2268763-429d-4ad1-b4dc-0c0cedf682a1', 2449459015, 'Ace_Yelo', 'https://tr.rbxcdn.com/30DAY-AvatarHeadshot-667B09FE757896D184360A4AAAB57CB6-Png/150/150/AvatarHeadshot/Png/noFilter', 'noirr', NULL, NULL, '2026-04-18 07:31:39.818146+00', '2026-04-18 07:31:39.818146+00', '2026-04-18 07:31:39.787+00'),
	('e86d2d65-b679-40f9-a63f-2ef4972f720b', 690088994, 'EthaNnXun', 'https://tr.rbxcdn.com/30DAY-AvatarHeadshot-5081996E49E812A0DA94981B3E883976-Png/150/150/AvatarHeadshot/Png/noFilter', 'EthaN', NULL, NULL, '2026-04-18 07:31:42.935922+00', '2026-04-18 07:31:42.935922+00', '2026-04-18 07:31:42.899+00'),
	('35de2604-8e3c-4eef-b769-06a97a908d27', 2541360170, 'teneglhagwa', 'https://tr.rbxcdn.com/30DAY-AvatarHeadshot-5059BC9F9C0B44FC6A83B7847D92E42A-Png/150/150/AvatarHeadshot/Png/noFilter', 'tume', NULL, NULL, '2026-04-18 07:31:46.88893+00', '2026-04-18 07:31:46.88893+00', '2026-04-18 07:31:46.858+00'),
	('46425172-84a0-4395-8a93-0f06f60dfb32', 956814070, 'iiNebii', 'https://tr.rbxcdn.com/30DAY-AvatarHeadshot-DF6B534D00990B3F2A59313CDAB86FA4-Png/150/150/AvatarHeadshot/Png/noFilter', 'cyd', NULL, NULL, '2026-04-18 07:31:50.558042+00', '2026-04-18 07:31:50.558042+00', '2026-04-18 07:31:50.53+00'),
	('5d1dc652-4808-4907-9e4c-7e24bfeff9ca', 1367853226, 'Xx_RoxanneXx896', 'https://tr.rbxcdn.com/30DAY-AvatarHeadshot-C63DB4A2154F410E49423077793CE05E-Png/150/150/AvatarHeadshot/Png/noFilter', 'ilovetravisscott', NULL, NULL, '2026-04-18 07:31:54.131004+00', '2026-04-18 07:31:54.131004+00', '2026-04-18 07:31:54.093+00'),
	('b490139d-2a57-4fa1-baa1-a7872656fec0', 8219701077, 'Choiixzn', 'https://tr.rbxcdn.com/30DAY-AvatarHeadshot-F1D2BA6CCA7C8193B42B3C983D5C46E6-Png/150/150/AvatarHeadshot/Png/noFilter', 'dragoncannelloni', NULL, NULL, '2026-04-18 07:31:57.538597+00', '2026-04-18 07:31:57.538597+00', '2026-04-18 07:31:57.508+00'),
	('82ef978b-42d3-4d2b-a013-a8ba9802c5d9', 123569362, 'D123cooldood', 'https://tr.rbxcdn.com/30DAY-AvatarHeadshot-1F978C63679A50CFAA5DFD47B8D45587-Png/150/150/AvatarHeadshot/Png/noFilter', 'Thewack', NULL, NULL, '2026-04-18 07:32:02.572848+00', '2026-04-18 07:32:02.572848+00', '2026-04-18 07:32:02.542+00'),
	('7be477a4-7caa-46ec-afa9-bbacc2d6a3e2', 1168397031, 'superks5', 'https://tr.rbxcdn.com/30DAY-AvatarHeadshot-E216A0264E6DA8DA19C42CF1D67E8820-Png/150/150/AvatarHeadshot/Png/noFilter', 'Korai', NULL, NULL, '2026-04-18 07:32:06.202954+00', '2026-04-18 07:32:06.202954+00', '2026-04-18 07:32:06.164+00'),
	('f665dfc5-e205-493b-95b4-f9b9b128c054', 122083310, 'MRainbow24', 'https://tr.rbxcdn.com/30DAY-AvatarHeadshot-C58D851382418DAEC57349C8720798A4-Png/150/150/AvatarHeadshot/Png/noFilter', 'HaloHaloHero', NULL, NULL, '2026-04-18 07:32:09.709411+00', '2026-04-18 07:32:09.709411+00', '2026-04-18 07:32:09.678+00'),
	('056c35a2-8f09-4334-97bf-ee3c395d232e', 1952776190, 'Merceles0', 'https://tr.rbxcdn.com/30DAY-AvatarHeadshot-04D2DFE1F8EFEA4910BBC4A94F0F5010-Png/150/150/AvatarHeadshot/Png/noFilter', 'TricksterReiMaster', NULL, NULL, '2026-04-18 07:32:13.376017+00', '2026-04-18 07:32:13.376017+00', '2026-04-18 07:32:13.341+00'),
	('a4d371db-fc00-413f-85c7-0a38e795f774', 2036723199, 'O_oArcAce', 'https://tr.rbxcdn.com/30DAY-AvatarHeadshot-F2109C5EE93618B0D5196AE057DEB60A-Png/150/150/AvatarHeadshot/Png/noFilter', 'Tokei', NULL, NULL, '2026-04-18 07:32:21.697774+00', '2026-04-18 07:32:21.697774+00', '2026-04-18 07:32:21.666+00'),
	('77f05cb6-93e3-4155-8f52-93647e7edd2d', 1959493159, 'VaderEnteredTheZone', 'https://tr.rbxcdn.com/30DAY-AvatarHeadshot-30B6FEC1411C33429108B7EA161AD0A5-Png/150/150/AvatarHeadshot/Png/noFilter', 'TWEAKMASTER', NULL, NULL, '2026-03-04 09:13:42.825808+00', '2026-03-04 09:13:42.825808+00', '2026-04-18 15:21:15.341+00'),
	('c66c6f89-3f1c-4f9c-a387-347da560b209', 4707558009, 'qwertfddddddd', 'https://tr.rbxcdn.com/30DAY-AvatarHeadshot-93551F05CED0E57BC1AABE7BB30CCED5-Png/150/150/AvatarHeadshot/Png/noFilter', 'yff', NULL, NULL, '2026-03-09 13:42:30.277717+00', '2026-03-09 13:42:30.277717+00', '2026-04-18 15:21:16.728+00'),
	('a0f010eb-d40b-4555-ba8c-53499b1025be', 7471139440, 'iPongggggggggggggg', 'https://tr.rbxcdn.com/30DAY-AvatarHeadshot-B6366E0CBC850D99E99C2D08DFE0B6BE-Png/150/150/AvatarHeadshot/Png/noFilter', 'iPong', NULL, NULL, '2026-03-09 13:41:34.457712+00', '2026-03-09 13:41:34.457712+00', '2026-04-18 15:21:16.734+00'),
	('7b234f6b-0bd9-4d54-9ca7-de984493f974', 1461171171, 'FrostyClub345', 'https://tr.rbxcdn.com/30DAY-AvatarHeadshot-3E2F30562B9A870285D88BE3730F28E4-Png/150/150/AvatarHeadshot/Png/noFilter', 'smezir', NULL, NULL, '2026-03-09 13:41:55.619285+00', '2026-03-09 13:41:55.619285+00', '2026-04-18 15:21:16.75+00'),
	('9592b1e7-6cad-407a-b41d-85e887df6465', 1729768410, 'KaptainQuack', 'https://tr.rbxcdn.com/30DAY-AvatarHeadshot-6CD6CF4AAE9E66CD238BB2307F4C0185-Png/150/150/AvatarHeadshot/Png/noFilter', 'kirby', NULL, NULL, '2026-03-09 13:43:30.00859+00', '2026-03-09 13:43:30.00859+00', '2026-04-21 01:16:21.302+00'),
	('2f027930-21db-48ec-a0cf-22ecdaf310cb', 7864040726, 'yuilaoso', 'https://tr.rbxcdn.com/30DAY-AvatarHeadshot-D250A88DF8E9122B8D7EF361D7C9E8F5-Png/150/150/AvatarHeadshot/Png/noFilter', 'plenger', NULL, NULL, '2026-03-09 14:36:07.567594+00', '2026-03-09 14:36:07.567594+00', '2026-03-22 16:31:24.185+00'),
	('07dcc83e-e595-467b-aa70-89ea9c76b2bf', 2536311227, 'SAIIIIIV', 'https://tr.rbxcdn.com/30DAY-AvatarHeadshot-E15D314D4C1EFA89CF5DE0ED26EBA9C5-Png/150/150/AvatarHeadshot/Png/noFilter', 'wishingyougodspeed', NULL, NULL, '2026-03-09 14:36:11.858473+00', '2026-03-09 14:36:11.858473+00', '2026-03-22 16:31:24.787+00'),
	('a9cf0505-34b5-4a37-b55c-30d2fe777b74', 1356349628, 'Edrszn', 'https://tr.rbxcdn.com/30DAY-AvatarHeadshot-17C3D146736BF96C61DDE1D76BF14BE0-Png/150/150/AvatarHeadshot/Png/noFilter', 'edrian', NULL, NULL, '2026-03-09 13:43:58.388054+00', '2026-03-09 13:43:58.388054+00', '2026-04-21 01:16:21.335+00'),
	('d6dcf702-0ed7-4fef-b355-dd04781763f5', 4986533106, 'badhollows1', 'https://tr.rbxcdn.com/30DAY-AvatarHeadshot-E7E31C3844D970203B63B09B603FEF83-Png/150/150/AvatarHeadshot/Png/noFilter', 'sepuluhh', NULL, NULL, '2026-03-09 14:36:25.990577+00', '2026-03-09 14:36:25.990577+00', '2026-03-22 16:31:16.608+00'),
	('e37a6874-ff99-4f81-8706-c78388d175bc', 1677834254, 'JOSHUA1G2', 'https://tr.rbxcdn.com/30DAY-AvatarHeadshot-AB8A17DCEAA2BEE93193A2D100AFB6FD-Png/150/150/AvatarHeadshot/Png/noFilter', 'BANG', NULL, NULL, '2026-03-09 13:44:16.424282+00', '2026-03-09 13:44:16.424282+00', '2026-04-21 01:16:21.332+00'),
	('c5c9a40b-c254-4a88-bb77-3fd159084f64', 4591607785, 'hansriko2123', 'https://tr.rbxcdn.com/30DAY-AvatarHeadshot-418CACF00FF246F05EDB9D0DB2ED8519-Png/150/150/AvatarHeadshot/Png/noFilter', 'Kiko', NULL, NULL, '2026-03-09 14:36:30.308186+00', '2026-03-09 14:36:30.308186+00', '2026-03-22 16:31:17.212+00'),
	('f7ce9cff-d67b-44a0-ab22-190e3cf4b921', 323698216, 'mrbenj123', 'https://tr.rbxcdn.com/30DAY-AvatarHeadshot-57AB3F35878300375E50B62D90DF00A3-Png/150/150/AvatarHeadshot/Png/noFilter', 'TitoSushi', NULL, NULL, '2026-03-09 14:15:07.001349+00', '2026-03-09 14:15:07.001349+00', '2026-03-22 15:42:02.878+00'),
	('653c7633-6fe9-4faf-b066-72eda9fb7d21', 1608799437, 'ykb2000', 'https://tr.rbxcdn.com/30DAY-AvatarHeadshot-78CD33453843F34475A63966A642EBB5-Png/150/150/AvatarHeadshot/Png/noFilter', 'Saka', NULL, NULL, '2026-03-09 14:36:17.687077+00', '2026-03-09 14:36:17.687077+00', '2026-03-22 16:31:25.393+00'),
	('a12b71c4-3354-4e5d-832e-7817d9447537', 3523758372, 'Jolt_Joestar', 'https://tr.rbxcdn.com/30DAY-AvatarHeadshot-909DDED21F61D91976086D77A58C9CBF-Png/150/150/AvatarHeadshot/Png/noFilter', 'eth1', NULL, NULL, '2026-03-09 13:44:12.210089+00', '2026-03-09 13:44:12.210089+00', '2026-04-21 01:16:21.797+00'),
	('599d9211-1ddf-48de-9244-a47970051535', 2053911521, 'VoidEclips_e', 'https://tr.rbxcdn.com/30DAY-AvatarHeadshot-2320051C0DE6B7DCB95FA524D0A3F5BF-Png/150/150/AvatarHeadshot/Png/noFilter', 'Dark', NULL, NULL, '2026-03-09 13:44:02.919147+00', '2026-03-09 13:44:02.919147+00', '2026-04-21 01:16:21.386+00'),
	('8ee0bfb7-6f9c-4dc2-945f-1ecc64d36a38', 9342849227, 'celestarpo', 'https://tr.rbxcdn.com/30DAY-AvatarHeadshot-11F31EBB53E3930544D90B191F6B4999-Png/150/150/AvatarHeadshot/Png/noFilter', 'nootnoot', NULL, NULL, '2026-03-09 13:44:21.015901+00', '2026-03-09 13:44:21.015901+00', '2026-04-21 01:16:22.017+00'),
	('5b723e1f-7f87-4db3-afc8-0b0b86332a8c', 1450973147, 'Fonqier', 'https://tr.rbxcdn.com/30DAY-AvatarHeadshot-AE0F84618058A1473E3007B4A839B573-Png/150/150/AvatarHeadshot/Png/noFilter', 'maj', NULL, NULL, '2026-03-09 13:43:04.316079+00', '2026-03-09 13:43:04.316079+00', '2026-04-21 01:16:21.312+00'),
	('0977f04e-5b85-46c3-9981-d80d239ee4b1', 500160899, 'THEENDZ0102', 'https://tr.rbxcdn.com/30DAY-AvatarHeadshot-D392B20092306DB70203756035308DE6-Png/150/150/AvatarHeadshot/Png/noFilter', 'Snorlax', NULL, NULL, '2026-03-09 13:44:24.963296+00', '2026-03-09 13:44:24.963296+00', '2026-04-21 01:16:21.803+00'),
	('781d8ef8-4de9-4f9a-ac4e-6aa34a63b48e', 3327203410, 'doughdaw', 'https://tr.rbxcdn.com/30DAY-AvatarHeadshot-A2621A68A1AB7312E34E97D98BE28EAC-Png/150/150/AvatarHeadshot/Png/noFilter', 'doughdaw', NULL, NULL, '2026-03-09 13:42:01.817192+00', '2026-03-09 13:42:01.817192+00', '2026-04-18 15:21:16.731+00'),
	('3a35dc38-71d4-4069-9873-4504f66cf757', 337257737, 'TROLLFAZE18', 'https://tr.rbxcdn.com/30DAY-AvatarHeadshot-52DEEF011786F6ECFFFC9B75500091E7-Png/150/150/AvatarHeadshot/Png/noFilter', 'boom', NULL, NULL, '2026-04-18 07:36:26.314994+00', '2026-04-18 07:36:26.314994+00', '2026-04-18 07:36:26.286+00'),
	('7e2cdeee-e43c-4928-a925-5f82e93e401a', 3432971962, 'Zephyr_1027', 'https://tr.rbxcdn.com/30DAY-AvatarHeadshot-3FD8C15D104F724C540280DB67994162-Png/150/150/AvatarHeadshot/Png/noFilter', 'shin', NULL, NULL, '2026-03-09 13:44:07.931274+00', '2026-03-09 13:44:07.931274+00', '2026-04-21 01:16:21.346+00'),
	('7340fc40-180d-40a9-bc56-d7f9c71b944c', 300471121, 'lilychou', 'https://tr.rbxcdn.com/30DAY-AvatarHeadshot-1796B240F424608BF0D2F62EB6BBA9C3-Png/150/150/AvatarHeadshot/Png/noFilter', 'lilychou', NULL, NULL, '2026-04-18 07:37:48.633195+00', '2026-04-18 07:37:48.633195+00', '2026-04-18 07:37:48.594+00'),
	('57f6f22c-d521-40a0-96f2-2cac55fc7200', 1654135364, 'wakanda17812', 'https://tr.rbxcdn.com/30DAY-AvatarHeadshot-F959A54BF70051D0B2A8FEF187BC779B-Png/150/150/AvatarHeadshot/Png/noFilter', 'rafa', NULL, NULL, '2026-03-09 14:15:11.255997+00', '2026-03-09 14:15:11.255997+00', '2026-03-22 15:42:03.526+00'),
	('a455daac-876a-439e-a69d-d4220243187a', 1632034058, 'SUNFO123', 'https://tr.rbxcdn.com/30DAY-AvatarHeadshot-9BC22B6BEB8264215306D5F31C7F8CA6-Png/150/150/AvatarHeadshot/Png/noFilter', 'Kanin', NULL, NULL, '2026-03-09 14:15:17.309776+00', '2026-03-09 14:15:17.309776+00', '2026-03-22 15:42:04.162+00'),
	('3ba61d1b-5acb-4150-9739-b071c9894d41', 817325491, 'FlamingChickenz1337', 'https://tr.rbxcdn.com/30DAY-AvatarHeadshot-E1DCA1A5A0386A8FA47D20245C6247F8-Png/150/150/AvatarHeadshot/Png/noFilter', 'swoozay', NULL, NULL, '2026-03-09 14:15:22.06309+00', '2026-03-09 14:15:22.06309+00', '2026-03-22 15:42:04.806+00'),
	('2ab555d6-ad4a-4629-a442-9a65b8e251a6', 2013054674, 'Am1r_plays5', 'https://tr.rbxcdn.com/30DAY-AvatarHeadshot-B6E11027DD8A009B7463FA21B65EAD38-Png/150/150/AvatarHeadshot/Png/noFilter', 'Tosh', NULL, NULL, '2026-03-09 14:15:26.525497+00', '2026-03-09 14:15:26.525497+00', '2026-03-22 15:42:05.443+00'),
	('16b8aef2-0912-4652-b886-64aa9a528764', 2204646652, 'DxcZNLORD', 'https://tr.rbxcdn.com/30DAY-AvatarHeadshot-6D731C15BD120521080273BE96D2341D-Png/150/150/AvatarHeadshot/Png/noFilter', 'khayri', NULL, NULL, '2026-03-09 14:15:31.960571+00', '2026-03-09 14:15:31.960571+00', '2026-03-22 15:42:06.071+00'),
	('b1dec119-c18b-46c3-a557-174388e1bb99', 425902296, 'jaqaustin1245', 'https://tr.rbxcdn.com/30DAY-AvatarHeadshot-9EC39294BD98B10D17431F24F9088AE1-Png/150/150/AvatarHeadshot/Png/noFilter', 'Reziurr', NULL, NULL, '2026-03-09 14:15:36.268007+00', '2026-03-09 14:15:36.268007+00', '2026-03-22 15:42:06.694+00'),
	('d5b3aa29-5495-4e04-95b8-9422a13c82e3', 1543849942, 'Freedonts', 'https://tr.rbxcdn.com/30DAY-AvatarHeadshot-2E92B7C9EFF7954A24CFE93D19F1535C-Png/150/150/AvatarHeadshot/Png/noFilter', 'butnii', NULL, NULL, '2026-03-09 14:15:40.000992+00', '2026-03-09 14:15:40.000992+00', '2026-03-22 15:42:07.346+00'),
	('34784070-4f06-412e-9a94-2a7792fa180d', 7910331398, 'SingaporeAssDevourer', 'https://tr.rbxcdn.com/30DAY-AvatarHeadshot-10B618978DEB58E7CE24B5D12A1E0EA3-Png/150/150/AvatarHeadshot/Png/noFilter', 'LichT', NULL, NULL, '2026-03-09 14:15:44.319584+00', '2026-03-09 14:15:44.319584+00', '2026-03-22 15:42:07.97+00'),
	('21934054-5b4c-450c-8796-f0d724a1b221', 1021180910, 'uL0CT', 'https://tr.rbxcdn.com/30DAY-AvatarHeadshot-9A855DD0F1BB3E16EA3801253B556186-Png/150/150/AvatarHeadshot/Png/noFilter', 'uuu', NULL, NULL, '2026-03-09 14:15:49.959721+00', '2026-03-09 14:15:49.959721+00', '2026-03-22 15:42:08.62+00'),
	('7d744d94-b1aa-4f93-b244-9057202811d9', 5718096456, 'adilysf117G', 'https://tr.rbxcdn.com/30DAY-AvatarHeadshot-B3A7B82A838F40DA6999A8889A6A42D8-Png/150/150/AvatarHeadshot/Png/noFilter', 'LabrysXBLS', NULL, NULL, '2026-03-09 14:15:53.994307+00', '2026-03-09 14:15:53.994307+00', '2026-03-22 15:42:09.258+00'),
	('0105a012-7bc7-4a0d-9bd0-a75eeecfd4f5', 263619322, 'pr44y', 'https://tr.rbxcdn.com/30DAY-AvatarHeadshot-37D35C5A73E38487F2C1083D649D84BE-Png/150/150/AvatarHeadshot/Png/noFilter', 'gas', NULL, NULL, '2026-03-09 14:14:48.729598+00', '2026-03-09 14:14:48.729598+00', '2026-03-22 15:42:10.002+00'),
	('ac2568d7-1d4d-4c64-b8f6-0d8395ad2230', 7465005631, 'skibiditoliet_856', 'https://tr.rbxcdn.com/30DAY-AvatarHeadshot-606D691381E0F7AF88A0758BE30C4C15-Png/150/150/AvatarHeadshot/Png/noFilter', 'Ioxsp', NULL, NULL, '2026-03-09 14:14:57.961765+00', '2026-03-09 14:14:57.961765+00', '2026-03-22 15:42:10.635+00'),
	('509ce555-cf2a-4ac8-9c5f-767ac7c2115d', 611016371, 'ZzImBarkz', 'https://tr.rbxcdn.com/30DAY-AvatarHeadshot-00E38DC378038C63970A394BEE1F6247-Png/150/150/AvatarHeadshot/Png/noFilter', 'brixe', NULL, NULL, '2026-03-09 06:01:13.566724+00', '2026-03-09 06:01:13.566724+00', '2026-03-22 15:48:58.562+00'),
	('ae500781-bd13-492c-95b9-6ef8b9e45728', 1372519603, 'JaxBuddy09', 'https://tr.rbxcdn.com/30DAY-AvatarHeadshot-748B66897948F343F023BD8C7EEFC215-Png/150/150/AvatarHeadshot/Png/noFilter', 'Jax', NULL, NULL, '2026-04-18 07:36:29.833684+00', '2026-04-18 07:36:29.833684+00', '2026-04-18 07:36:29.799+00'),
	('a2cb90a0-f795-4903-8ce8-4bc36094f4bc', 579642736, 'kingofplebs12', 'https://tr.rbxcdn.com/30DAY-AvatarHeadshot-AF283124A53F8194CC4332400ED0B778-Png/150/150/AvatarHeadshot/Png/noFilter', 'Juice', NULL, NULL, '2026-04-18 07:36:33.642638+00', '2026-04-18 07:36:33.642638+00', '2026-04-18 07:36:33.614+00'),
	('4671a817-781e-4c6a-a509-4d149429cac6', 7745284158, 'FryeMariaf21', 'https://tr.rbxcdn.com/30DAY-AvatarHeadshot-A4F3914615E1A1209FE4442DFE69BB41-Png/150/150/AvatarHeadshot/Png/noFilter', 'Supershaq', NULL, NULL, '2026-04-18 07:36:37.08268+00', '2026-04-18 07:36:37.08268+00', '2026-04-18 07:36:37.048+00'),
	('3098b913-9cc4-4ea9-af63-b50933be5678', 72526036, 'plantElla', 'https://tr.rbxcdn.com/30DAY-AvatarHeadshot-50D57D785F07F012EF926A28B3B0A4FB-Png/150/150/AvatarHeadshot/Png/noFilter', '3la', NULL, NULL, '2026-04-18 07:36:40.218314+00', '2026-04-18 07:36:40.218314+00', '2026-04-18 07:36:40.182+00'),
	('39ab481d-aa10-4ad9-831a-0857bbd6951a', 4983087221, 'manapompuan', 'https://tr.rbxcdn.com/30DAY-AvatarHeadshot-94D04BCDE376BDBA574223EF616B81A3-Png/150/150/AvatarHeadshot/Png/noFilter', 'syahmikehekkehek', NULL, NULL, '2026-03-09 14:36:34.82081+00', '2026-03-09 14:36:34.82081+00', '2026-03-22 16:31:17.83+00'),
	('24f7896a-d270-4e6b-9942-465a8220124b', 4012058909, 'iamneuers', 'https://tr.rbxcdn.com/30DAY-AvatarHeadshot-9195824FE6E86B24CD947A5CBC6290F6-Png/150/150/AvatarHeadshot/Png/noFilter', 'IpanlzinTampil', NULL, NULL, '2026-03-09 14:36:57.913122+00', '2026-03-09 14:36:57.913122+00', '2026-03-22 16:31:21.474+00'),
	('4d8cc75e-1dba-4ffc-9ff6-f81d3960eafd', 1410947458, 'EyeOftheLightning', 'https://tr.rbxcdn.com/30DAY-AvatarHeadshot-009F43A977271FC24DB1536A298649FB-Png/150/150/AvatarHeadshot/Png/noFilter', 'himsanctions', NULL, NULL, '2026-04-18 07:36:43.516646+00', '2026-04-18 07:36:43.516646+00', '2026-04-18 07:36:43.478+00'),
	('50bb1174-3cbd-4826-b481-ca3ed2b68707', 6225039665, 'FrostaT_T', 'https://tr.rbxcdn.com/30DAY-AvatarHeadshot-2003DC25F48C1EAEFA60CE460B951951-Png/150/150/AvatarHeadshot/Png/noFilter', 'jyrxh', NULL, NULL, '2026-04-18 07:36:46.869782+00', '2026-04-18 07:36:46.869782+00', '2026-04-18 07:36:46.836+00'),
	('8cda7c53-ab11-44dd-b2c5-6336a2a7ccf3', 7910372567, 'AhhIncisive', 'https://tr.rbxcdn.com/30DAY-AvatarHeadshot-CE6393722774920A66956FF8A233611F-Png/150/150/AvatarHeadshot/Png/noFilter', 'kano', NULL, NULL, '2026-04-18 07:36:49.999415+00', '2026-04-18 07:36:49.999415+00', '2026-04-18 07:36:49.97+00'),
	('8b6a7cde-1413-4df7-9d18-bd3651b033a8', 3334413763, 'Sweet_lovers897', 'https://tr.rbxcdn.com/30DAY-AvatarHeadshot-271136B82A1C51D250A03E89F068E2CC-Png/150/150/AvatarHeadshot/Png/noFilter', 'Star', NULL, NULL, '2026-04-18 07:36:53.213634+00', '2026-04-18 07:36:53.213634+00', '2026-04-18 07:36:53.181+00'),
	('5920dd1b-c60c-4aee-8045-a3e21703254d', 1075994221, 'th3upp3cut', 'https://tr.rbxcdn.com/30DAY-AvatarHeadshot-D98FB7D6070E645FC7FC7D43C44A4C7E-Png/150/150/AvatarHeadshot/Png/noFilter', 'Hearts4Nikki', NULL, NULL, '2026-04-18 07:36:56.941347+00', '2026-04-18 07:36:56.941347+00', '2026-04-18 07:36:56.908+00'),
	('c099a870-ae58-459d-a3bb-91ee68fb9a1f', 8151666368, 'SigmaMig82', 'https://tr.rbxcdn.com/30DAY-AvatarHeadshot-620FC8D772337598935FD0F40952755E-Png/150/150/AvatarHeadshot/Png/noFilter', 'SigmaMig82', NULL, NULL, '2026-04-18 07:37:02.343876+00', '2026-04-18 07:37:02.343876+00', '2026-04-18 07:37:02.297+00'),
	('249d0f41-4134-4f15-ad01-ee8a43bd4a87', 2822156363, 'Leavesbih', 'https://tr.rbxcdn.com/30DAY-AvatarHeadshot-6D31E11DF8F30F9812D2713F5155BF3E-Png/150/150/AvatarHeadshot/Png/noFilter', 'Sire', NULL, NULL, '2026-04-18 07:37:05.639099+00', '2026-04-18 07:37:05.639099+00', '2026-04-18 07:37:05.59+00'),
	('18185d79-d427-4cf0-820c-f759fa84121f', 1319791213, 'Pheonixslayer7177', 'https://tr.rbxcdn.com/30DAY-AvatarHeadshot-4F0025CD4B5E7488576BC0B95ECD9908-Png/150/150/AvatarHeadshot/Png/noFilter', 'Phoenix', NULL, NULL, '2026-04-18 07:37:08.843986+00', '2026-04-18 07:37:08.843986+00', '2026-04-18 07:37:08.815+00'),
	('f66f5b98-b0e0-4e4e-88cb-17a0ff7e11f4', 5791687228, 'LeshaunDingletingle', 'https://tr.rbxcdn.com/30DAY-AvatarHeadshot-59F1487EF01200041FFB7C5C133417BF-Png/150/150/AvatarHeadshot/Png/noFilter', 'Andrei', NULL, NULL, '2026-04-18 07:37:12.308882+00', '2026-04-18 07:37:12.308882+00', '2026-04-18 07:37:12.274+00'),
	('1ccfbc39-18a9-4ff5-b4a1-b6d4b80262d6', 926825298, 'TheTechnicalPleb', 'https://tr.rbxcdn.com/30DAY-AvatarHeadshot-85909904CE39DC91A0DDFB548B6A2202-Png/150/150/AvatarHeadshot/Png/noFilter', 'TheTechnicalPleb', NULL, NULL, '2026-04-18 07:37:15.693335+00', '2026-04-18 07:37:15.693335+00', '2026-04-18 07:37:15.66+00'),
	('73484fec-fd65-42a6-806c-71459ebd88f9', 2701644039, 'MotherIam123', 'https://tr.rbxcdn.com/30DAY-AvatarHeadshot-922EFEFA06CFB67CF616557C381EA6A9-Png/150/150/AvatarHeadshot/Png/noFilter', 'spongebob', NULL, NULL, '2026-04-18 07:37:18.653158+00', '2026-04-18 07:37:18.653158+00', '2026-04-18 07:37:18.618+00'),
	('ffe31e12-8270-475f-a6c3-aa668ef6ff3c', 7046238227, 'Beta21664', 'https://tr.rbxcdn.com/30DAY-AvatarHeadshot-2482996155DF8A7EF0FB1532D260FD13-Png/150/150/AvatarHeadshot/Png/noFilter', 'Mogu', NULL, NULL, '2026-04-18 07:38:21.77527+00', '2026-04-18 07:38:21.77527+00', '2026-04-18 07:38:21.745+00'),
	('fa07154c-5680-4957-88a0-acbbc1815a29', 236654388, 'dennisdavon', 'https://tr.rbxcdn.com/30DAY-AvatarHeadshot-3D153B22B9F8C6B4133AF968CAE680A7-Png/150/150/AvatarHeadshot/Png/noFilter', 'her', NULL, NULL, '2026-03-09 13:40:11.783148+00', '2026-03-09 13:40:11.783148+00', '2026-04-18 15:21:16.716+00'),
	('175cc6db-2165-41c3-b1cd-b5ef8812ee21', 1428614145, '666ivv', 'https://tr.rbxcdn.com/30DAY-AvatarHeadshot-9A64D0546BD2716E2CD8D152FB169BF8-Png/150/150/AvatarHeadshot/Png/noFilter', 'Wemmbu', NULL, NULL, '2026-03-09 13:40:19.732552+00', '2026-03-09 13:40:19.732552+00', '2026-04-18 15:21:16.742+00'),
	('e9f5edfc-eb0c-42de-a5ee-343aba88a868', 254718873, 'kanx3', 'https://tr.rbxcdn.com/30DAY-AvatarHeadshot-7DC829EF0702B925F2B15AE257BF3615-Png/150/150/AvatarHeadshot/Png/noFilter', 'MrKoala', NULL, NULL, '2026-04-18 07:37:52.521508+00', '2026-04-18 07:37:52.521508+00', '2026-04-18 07:37:52.482+00'),
	('ded33f47-4b17-4c89-a31e-4d8419a8621a', 259445794, 'ohaj', 'https://tr.rbxcdn.com/30DAY-AvatarHeadshot-2FFE04C8E07E8FF0440ADCC3963DF99E-Png/150/150/AvatarHeadshot/Png/noFilter', 'ovr', NULL, NULL, '2026-04-18 07:37:56.008319+00', '2026-04-18 07:37:56.008319+00', '2026-04-18 07:37:55.968+00'),
	('4ae00d21-d74c-4272-be7d-ede43df7a693', 638368261, 'Thuglifeac', 'https://tr.rbxcdn.com/30DAY-AvatarHeadshot-53069D1F5DEA2EB879E6CE3FD858D6E7-Png/150/150/AvatarHeadshot/Png/noFilter', 'kee', NULL, NULL, '2026-04-18 07:37:59.137481+00', '2026-04-18 07:37:59.137481+00', '2026-04-18 07:37:59.106+00'),
	('bb1a2008-b179-431d-9dc6-463b332b7350', 2964052569, 'MoBroOPP', 'https://tr.rbxcdn.com/30DAY-AvatarHeadshot-B9E6D2ED466AB443D476C11DB9990544-Png/150/150/AvatarHeadshot/Png/noFilter', 'SouleymaneDiawara', NULL, NULL, '2026-04-18 07:38:02.515638+00', '2026-04-18 07:38:02.515638+00', '2026-04-18 07:38:02.471+00'),
	('2986eba6-646d-4fee-a1fc-fab60cbd2ca1', 7993726006, 'Sk_zzzz2', '', 'homelesshugo', NULL, NULL, '2026-04-18 07:38:06.089413+00', '2026-04-18 07:38:06.089413+00', '2026-04-18 07:38:06.053+00'),
	('4899500f-96da-49c6-89f2-b001e3bf8be0', 615504825, 'Arinkurdish1', 'https://tr.rbxcdn.com/30DAY-AvatarHeadshot-90E4B1A387BD98FBE4984C9D58B1FE4B-Png/150/150/AvatarHeadshot/Png/noFilter', 'ryuji', NULL, NULL, '2026-04-18 07:38:10.069656+00', '2026-04-18 07:38:10.069656+00', '2026-04-18 07:38:09.964+00'),
	('fb0f1f2f-0bbb-44c2-ba19-767849d50d94', 1132735949, 'malakai_k', 'https://tr.rbxcdn.com/30DAY-AvatarHeadshot-DA6CBCF43953DF1B1C92601968498320-Png/150/150/AvatarHeadshot/Png/noFilter', 'malakai_k', NULL, NULL, '2026-04-18 07:38:14.602193+00', '2026-04-18 07:38:14.602193+00', '2026-04-18 07:38:14.567+00'),
	('0c5b786c-1034-4cd2-a209-998aeb312574', 7330695702, 'ephraimliamtafola', 'https://tr.rbxcdn.com/30DAY-AvatarHeadshot-A1C2FE97B996A6286237FBBBEF6E69A9-Png/150/150/AvatarHeadshot/Png/noFilter', 'liam', NULL, NULL, '2026-04-18 07:38:18.037929+00', '2026-04-18 07:38:18.037929+00', '2026-04-18 07:38:18.003+00'),
	('10184643-d712-456d-82c7-9ff6c745c691', 583788963, 'CoolKidpro109', 'https://tr.rbxcdn.com/30DAY-AvatarHeadshot-748C252C40677D115879DA39B0D6E7B5-Png/150/150/AvatarHeadshot/Png/noFilter', 'man', NULL, NULL, '2026-04-18 07:38:25.333121+00', '2026-04-18 07:38:25.333121+00', '2026-04-18 07:38:25.286+00'),
	('d9271ace-a7e9-4438-89c3-253bf94277f2', 4727027169, 'IMATROOLLLLLLL1234', 'https://tr.rbxcdn.com/30DAY-AvatarHeadshot-7D6C0A1E8714143C8B6777C5890F7614-Png/150/150/AvatarHeadshot/Png/noFilter', 'theLION', NULL, NULL, '2026-03-09 14:36:39.247303+00', '2026-03-09 14:36:39.247303+00', '2026-03-22 16:31:18.442+00'),
	('06a9a800-3643-470b-8cca-d7a876137d84', 4431612670, 'Vviz_Rks', 'https://tr.rbxcdn.com/30DAY-AvatarHeadshot-C04B2F19812996EBF9FC2CA42D6DC5A3-Png/150/150/AvatarHeadshot/Png/noFilter', 'k1o', NULL, NULL, '2026-03-09 14:36:43.014502+00', '2026-03-09 14:36:43.014502+00', '2026-03-22 16:31:19.055+00'),
	('243fe56e-b983-440a-9958-b2f04252887c', 2988004772, '1SYR4F010', 'https://tr.rbxcdn.com/30DAY-AvatarHeadshot-F4A218B434D7F43ED2FE35075E196248-Png/150/150/AvatarHeadshot/Png/noFilter', 'isy', NULL, NULL, '2026-03-09 14:36:54.507895+00', '2026-03-09 14:36:54.507895+00', '2026-03-22 16:31:20.859+00'),
	('ca53d661-16bd-496a-b48c-67291245dac4', 4333887988, 'LEMMEinahhhh', 'https://tr.rbxcdn.com/30DAY-AvatarHeadshot-C81E4B5C8D06E0F079A034D08D948AD7-Png/150/150/AvatarHeadshot/Png/noFilter', 'Dani', NULL, NULL, '2026-03-09 14:37:01.456037+00', '2026-03-09 14:37:01.456037+00', '2026-03-22 16:31:22.092+00'),
	('b53e7144-d44e-4331-b1dc-f720caed723b', 459307661, 'kakashi_1231', 'https://tr.rbxcdn.com/30DAY-AvatarHeadshot-9D640F62E2D2EFCC54BD7236D722581B-Png/150/150/AvatarHeadshot/Png/noFilter', 'R2ze', NULL, NULL, '2026-03-09 14:37:05.550567+00', '2026-03-09 14:37:05.550567+00', '2026-03-22 16:31:22.703+00'),
	('2d56da72-5d89-45a2-98e5-893715e25451', 3621200142, 'Dabi_Ham', 'https://tr.rbxcdn.com/30DAY-AvatarHeadshot-FE77EBA4274FBAB60A66369EEE3BA98D-Png/150/150/AvatarHeadshot/Png/noFilter', 'ClownPierce', NULL, NULL, '2026-04-18 07:51:45.815688+00', '2026-04-18 07:51:45.815688+00', '2026-04-18 07:51:45.31+00'),
	('9a730326-b059-410e-ba52-09b35cc77fa1', 365072834, 'ReoMikage014', 'https://tr.rbxcdn.com/30DAY-AvatarHeadshot-6ACFA360A685695A4BEA52E122F822B0-Png/150/150/AvatarHeadshot/Png/noFilter', 'Harukii', NULL, NULL, '2026-04-18 07:51:50.614393+00', '2026-04-18 07:51:50.614393+00', '2026-04-18 07:51:50.576+00'),
	('23428d6a-06ad-4805-9aa2-232491bdb9da', 3750211815, 'SaimenGote53', 'https://tr.rbxcdn.com/30DAY-AvatarHeadshot-0ECBB5F8F6298571FD19C2A2F8614850-Png/150/150/AvatarHeadshot/Png/noFilter', 'mayiservyousir', NULL, NULL, '2026-03-09 14:36:46.568506+00', '2026-03-09 14:36:46.568506+00', '2026-03-22 16:31:19.656+00'),
	('0d9d380a-122c-43ff-b3f1-ca06be75b17e', 498000377, 'RakOmega', 'https://tr.rbxcdn.com/30DAY-AvatarHeadshot-AA0F7D8794C2B7109582F81086318ADD-Png/150/150/AvatarHeadshot/Png/noFilter', 'Zeek', NULL, NULL, '2026-03-09 14:37:09.369695+00', '2026-03-09 14:37:09.369695+00', '2026-03-22 16:31:23.308+00'),
	('a45a7a27-89a9-4b1e-9e39-7700341b031f', 893049479, 'CallMeRoyMSmile', 'https://tr.rbxcdn.com/30DAY-AvatarHeadshot-8C058A48220BED0FB3DBA8EB8121AFCD-Png/150/150/AvatarHeadshot/Png/noFilter', 'ImDownSynd', NULL, NULL, '2026-04-18 07:52:30.598447+00', '2026-04-18 07:52:30.598447+00', '2026-04-18 07:52:30.56+00'),
	('87fac97a-f132-4e5f-b4e5-146dcc369fcd', 971431196, 'ErenSoulger', 'https://tr.rbxcdn.com/30DAY-AvatarHeadshot-FB0F8D38E65599B9EA15C850ECABF9CA-Png/150/150/AvatarHeadshot/Png/noFilter', 'BoonanaPisang', NULL, NULL, '2026-03-09 16:11:05.41933+00', '2026-03-09 16:11:05.41933+00', '2026-03-09 16:11:04.41+00'),
	('8bcb078c-e966-4e02-a117-4be017abe4f4', 474273460, 'VenKnight22', 'https://tr.rbxcdn.com/30DAY-AvatarHeadshot-FA55C6F9522E258CFF12C0B25EF4B991-Png/150/150/AvatarHeadshot/Png/noFilter', 'Miguel', NULL, NULL, '2026-03-09 16:11:10.1728+00', '2026-03-09 16:11:10.1728+00', '2026-03-09 16:11:09.318+00'),
	('697f6318-2dcf-42ee-b809-1c56a13d44a8', 4716167048, 'AkuroWand', 'https://tr.rbxcdn.com/30DAY-AvatarHeadshot-30A2B1DA16986F4F0085D80C4221A394-Png/150/150/AvatarHeadshot/Png/noFilter', 'WandAkuro', NULL, NULL, '2026-03-09 16:11:14.017311+00', '2026-03-09 16:11:14.017311+00', '2026-03-09 16:11:13.97+00'),
	('0e584c78-23fc-4f2e-be57-d3c74acdb24f', 1480104119, 'GalaxyKingNinjaBoy', 'https://tr.rbxcdn.com/30DAY-AvatarHeadshot-8EF34816A96F1CCF488C39639EBA40C7-Png/150/150/AvatarHeadshot/Png/noFilter', 'Ramen_BH', NULL, NULL, '2026-03-09 16:11:19.344692+00', '2026-03-09 16:11:19.344692+00', '2026-03-09 16:11:19.316+00'),
	('e93f9fcb-07c9-4560-a292-519a949de68f', 1469162969, 'XxprayhanxX', 'https://tr.rbxcdn.com/30DAY-AvatarHeadshot-193C633894C83161F3D55C886124EC90-Png/150/150/AvatarHeadshot/Png/noFilter', 'Satori', NULL, NULL, '2026-03-09 16:11:23.371968+00', '2026-03-09 16:11:23.371968+00', '2026-03-09 16:11:23.326+00'),
	('9be8d5a6-fc16-48d3-a318-7f3e37084225', 2772720179, 'Dytzzz', 'https://tr.rbxcdn.com/30DAY-AvatarHeadshot-BEF76DB56C23F8D470365F613C08E836-Png/150/150/AvatarHeadshot/Png/noFilter', 'Dytzzz', NULL, NULL, '2026-03-09 16:11:27.54984+00', '2026-03-09 16:11:27.54984+00', '2026-03-09 16:11:27.519+00'),
	('fa161032-4c69-417e-a601-80ffce394e02', 4689502184, 'Hggta5', 'https://tr.rbxcdn.com/30DAY-AvatarHeadshot-0BEB4CAB40D2FB58ACEC3F686CC31D18-Png/150/150/AvatarHeadshot/Png/noFilter', 'Noah', NULL, NULL, '2026-03-09 16:11:31.94993+00', '2026-03-09 16:11:31.94993+00', '2026-03-09 16:11:31.916+00'),
	('b8fdbf1e-a540-474e-8f58-ca3df2ab2f67', 7313536797, 'kokorbu132', 'https://tr.rbxcdn.com/30DAY-AvatarHeadshot-3BE8016962DB915A6D62E6B4E39C46A7-Png/150/150/AvatarHeadshot/Png/noFilter', 'JumperWho', NULL, NULL, '2026-03-09 16:11:35.591901+00', '2026-03-09 16:11:35.591901+00', '2026-03-09 16:11:35.547+00'),
	('4b9004ef-2b1d-4daa-b53d-9a63a64a592a', 3392086896, 'IkatanaSokaa', 'https://tr.rbxcdn.com/30DAY-AvatarHeadshot-851485A370D0E42902F034D07344AE60-Png/150/150/AvatarHeadshot/Png/noFilter', 'Sojuz', NULL, NULL, '2026-03-09 16:11:40.600154+00', '2026-03-09 16:11:40.600154+00', '2026-03-09 16:11:40.558+00'),
	('d805717f-4097-4db7-be23-d45088fd8bd4', 113661266, 'joijoijoijoi', 'https://tr.rbxcdn.com/30DAY-AvatarHeadshot-3372206F13DB2C49D4BAF7809C0E083E-Png/150/150/AvatarHeadshot/Png/noFilter', 'joi', NULL, NULL, '2026-03-09 16:11:46.131405+00', '2026-03-09 16:11:46.131405+00', '2026-03-09 16:11:46.076+00'),
	('29838654-8105-4bb8-b9ca-2305340d7b5e', 1711556830, 's_ilviaazz', 'https://tr.rbxcdn.com/30DAY-AvatarHeadshot-FBC6B4FF702DE00CCCAC2A905C024181-Png/150/150/AvatarHeadshot/Png/noFilter', 'yearnerfinalboss', NULL, NULL, '2026-03-10 06:25:08.749625+00', '2026-03-10 06:25:08.749625+00', '2026-03-10 06:25:08.704+00'),
	('4246ca34-3c59-488c-8c34-2d70fbb4058b', 592811806, 'zhannpunzalan3A', 'https://tr.rbxcdn.com/30DAY-AvatarHeadshot-8064748041ACE9259DE777C7D37A212F-Png/150/150/AvatarHeadshot/Png/noFilter', 'zhannnn3a', NULL, NULL, '2026-03-10 06:25:14.832057+00', '2026-03-10 06:25:14.832057+00', '2026-03-10 06:25:14.795+00'),
	('d20858b0-f733-4d23-a276-c3d799cbe13c', 1647939707, 'OdinsMuninn', 'https://tr.rbxcdn.com/30DAY-AvatarHeadshot-6EFB9BF3AC0483949465DC00B7C6DACD-Png/150/150/AvatarHeadshot/Png/noFilter', 'Hiiragi', NULL, NULL, '2026-03-10 06:25:24.49221+00', '2026-03-10 06:25:24.49221+00', '2026-03-10 06:25:24.469+00'),
	('607b3bcd-877e-4595-bc80-ffc242e96889', 2838341085, 'henjook', 'https://tr.rbxcdn.com/30DAY-AvatarHeadshot-BB6E9045501CEB1A07A9EB896902D913-Png/150/150/AvatarHeadshot/Png/noFilter', 'dogdogdoog', NULL, NULL, '2026-03-10 06:25:28.798856+00', '2026-03-10 06:25:28.798856+00', '2026-03-10 06:25:28.763+00'),
	('b6299fe5-b684-46b5-b1bc-ab1952362b09', 4075637409, 'fishBLOX_ttv102', 'https://tr.rbxcdn.com/30DAY-AvatarHeadshot-2C0627BBA38CA92B16AFC9135EA0AFDF-Png/150/150/AvatarHeadshot/Png/noFilter', 'Zionnnn', NULL, NULL, '2026-03-10 06:25:32.686962+00', '2026-03-10 06:25:32.686962+00', '2026-03-10 06:25:32.658+00'),
	('22dd8c6b-9b48-4f28-a109-995ea1408819', 2492898333, 'Vev0Gen', 'https://tr.rbxcdn.com/30DAY-AvatarHeadshot-8F8554D7850F91228E45C228929210D4-Png/150/150/AvatarHeadshot/Png/noFilter', 'Storm', NULL, NULL, '2026-03-10 06:25:38.289236+00', '2026-03-10 06:25:38.289236+00', '2026-03-10 06:25:38.263+00'),
	('5bf6ca3d-c6ed-4a39-8269-d687ee062331', 117750423, 'GokuKenard1716', 'https://tr.rbxcdn.com/30DAY-AvatarHeadshot-86C0617E158F4484FB6A1AE1E10CE89A-Png/150/150/AvatarHeadshot/Png/noFilter', 'Nardz', NULL, NULL, '2026-03-10 06:25:42.295336+00', '2026-03-10 06:25:42.295336+00', '2026-03-10 06:25:42.262+00'),
	('4ba84395-ed0a-42fa-8c5f-9f443c105986', 7579137648, 'wlsp69', 'https://tr.rbxcdn.com/30DAY-AvatarHeadshot-B921EBDE868C12787D1752D0956CA6E3-Png/150/150/AvatarHeadshot/Png/noFilter', 'chaz', NULL, NULL, '2026-03-09 15:52:50.794303+00', '2026-03-09 15:52:50.794303+00', '2026-03-22 15:49:02.068+00'),
	('577e9713-6bcf-4a84-97e2-97a546e09f95', 1761628883, 'CrybabyLoudMouth9999', 'https://tr.rbxcdn.com/30DAY-AvatarHeadshot-ACCB5CD86B103585C0BEA26F5698116F-Png/150/150/AvatarHeadshot/Png/noFilter', 'Akira', NULL, NULL, '2026-03-09 15:52:56.729676+00', '2026-03-09 15:52:56.729676+00', '2026-03-22 15:49:02.686+00'),
	('e1c7e0ff-685e-40d6-bcfb-c4fd2ae04fd1', 1822632654, 'JcBlitzGaming143', 'https://tr.rbxcdn.com/30DAY-AvatarHeadshot-EF7764824D034ADCCED714916CDBB41C-Png/150/150/AvatarHeadshot/Png/noFilter', 'Zydeco', NULL, NULL, '2026-03-09 15:53:01.422955+00', '2026-03-09 15:53:01.422955+00', '2026-03-22 15:49:03.297+00'),
	('7369f646-f863-4d6b-9bc8-597eb037e3c3', 322918855, 'iCqkey', 'https://tr.rbxcdn.com/30DAY-AvatarHeadshot-EF403650468C7EDAB3C0C062AA89E1E1-Png/150/150/AvatarHeadshot/Png/noFilter', 'yogi', NULL, NULL, '2026-03-09 15:53:06.524391+00', '2026-03-09 15:53:06.524391+00', '2026-03-22 15:49:03.911+00'),
	('a233e47c-f84a-40c8-bf31-64e317f55a63', 232763526, 'HazeWind', 'https://tr.rbxcdn.com/30DAY-AvatarHeadshot-2CF0ADFA0F11B0F1BA5C007FE3A4E246-Png/150/150/AvatarHeadshot/Png/noFilter', 'dawn', NULL, NULL, '2026-03-09 15:53:10.85474+00', '2026-03-09 15:53:10.85474+00', '2026-03-22 15:49:04.815+00'),
	('44377bb2-44bb-4b81-8180-f5226a724258', 530250410, 'Dxmetriua', 'https://tr.rbxcdn.com/30DAY-AvatarHeadshot-E1DC6B92327C9F2DC36246EF27739407-Png/150/150/AvatarHeadshot/Png/noFilter', 'peapod', NULL, NULL, '2026-03-09 15:53:14.910192+00', '2026-03-09 15:53:14.910192+00', '2026-03-22 15:49:05.51+00'),
	('731d93be-3afc-4217-9890-837f783d638b', 1766537530, 'iconic7765', 'https://tr.rbxcdn.com/30DAY-AvatarHeadshot-9DC397ECDD32242F5DC4419E03908BD9-Png/150/150/AvatarHeadshot/Png/noFilter', 'Borj', NULL, NULL, '2026-03-09 15:53:18.767763+00', '2026-03-09 15:53:18.767763+00', '2026-03-22 15:49:06.122+00'),
	('f935ebb1-838e-4e60-98d9-c17098169692', 1652906071, 'DanGamingCool09_2', 'https://tr.rbxcdn.com/30DAY-AvatarHeadshot-8E19510FDBA26721ACEA279A7CED1205-Png/150/150/AvatarHeadshot/Png/noFilter', 'Haru', NULL, NULL, '2026-03-09 15:53:23.03504+00', '2026-03-09 15:53:23.03504+00', '2026-03-22 15:49:06.732+00'),
	('536197c5-2815-4cfe-859e-8157d6164e1d', 2488535172, 'Yuuro_321', 'https://tr.rbxcdn.com/30DAY-AvatarHeadshot-2594BBC6397CAD98AEF0E3A608050FB3-Png/150/150/AvatarHeadshot/Png/noFilter', 'Ninong', NULL, NULL, '2026-03-09 15:53:26.502657+00', '2026-03-09 15:53:26.502657+00', '2026-03-22 15:49:07.34+00'),
	('e1fb8474-f346-4acd-8108-c03a4695d22a', 2529386413, 'flooeybar', 'https://tr.rbxcdn.com/30DAY-AvatarHeadshot-B2E2AF6E12102A074D4F1F46396DB959-Png/150/150/AvatarHeadshot/Png/noFilter', 'floo', NULL, NULL, '2026-03-09 15:53:30.45483+00', '2026-03-09 15:53:30.45483+00', '2026-03-22 15:49:07.946+00'),
	('0a6d0d29-6f80-4d9f-ba7e-e2f998be3547', 327622147, 'LEMON_AGATE', 'https://tr.rbxcdn.com/30DAY-AvatarHeadshot-51558566259AA3510F9EB87BD5B3B4A2-Png/150/150/AvatarHeadshot/Png/noFilter', 'Politesse', NULL, NULL, '2026-03-09 15:53:33.952617+00', '2026-03-09 15:53:33.952617+00', '2026-03-22 15:49:08.569+00'),
	('f981f20a-ef0b-42d8-bd44-aeae32cf6583', 931802682, 'Dring_Gaming', 'https://tr.rbxcdn.com/30DAY-AvatarHeadshot-CE83919EFAD054A865BF4EF9B7B35FB5-Png/150/150/AvatarHeadshot/Png/noFilter', 'Shikimori', NULL, NULL, '2026-03-09 15:53:37.713385+00', '2026-03-09 15:53:37.713385+00', '2026-03-22 15:49:09.168+00'),
	('f5e71693-a08e-40d9-9c6b-529668cfde40', 7600757240, 'K1SE_3', 'https://tr.rbxcdn.com/30DAY-AvatarHeadshot-498061D9DFCD56821B3DBD905F768521-Png/150/150/AvatarHeadshot/Png/noFilter', 'Ryota', NULL, NULL, '2026-03-09 15:53:41.335067+00', '2026-03-09 15:53:41.335067+00', '2026-03-22 15:49:09.776+00'),
	('77b2468b-35a7-44f8-8ad6-871c0c474fca', 5710955124, 'whxtofu', 'https://tr.rbxcdn.com/30DAY-AvatarHeadshot-0E522EEB8ED9B8140DDC141601136334-Png/150/150/AvatarHeadshot/Png/noFilter', 'Tofu', NULL, NULL, '2026-03-09 15:52:34.560801+00', '2026-03-09 15:52:34.560801+00', '2026-03-22 15:49:10.384+00'),
	('b59d274d-6c68-485b-82fe-7ef303eb28a3', 3175002233, 'AkoposiSeph', 'https://tr.rbxcdn.com/30DAY-AvatarHeadshot-0841906CAB34CC5A27776CECC8167D8F-Png/150/150/AvatarHeadshot/Png/noFilter', 'cid', NULL, NULL, '2026-03-09 15:52:41.630361+00', '2026-03-09 15:52:41.630361+00', '2026-03-22 15:49:10.999+00'),
	('01217d73-5587-4c49-85ab-39f792c3d286', 448888786, 'RgkevinPlays', 'https://tr.rbxcdn.com/30DAY-AvatarHeadshot-DE16E9E2152B37C00239EFFAEE39C6F4-Png/150/150/AvatarHeadshot/Png/noFilter', 'UncleKevin', NULL, NULL, '2026-03-09 15:52:46.559622+00', '2026-03-09 15:52:46.559622+00', '2026-03-22 15:49:11.61+00'),
	('010adb62-cd17-4a7f-a31a-6bf479af9b5f', 1432561900, 'ochdvd', 'https://tr.rbxcdn.com/30DAY-AvatarHeadshot-E9D47C985902E564CD3240ABE2186D8F-Png/150/150/AvatarHeadshot/Png/noFilter', 'ochdvd', NULL, NULL, '2026-03-09 06:23:28.928246+00', '2026-03-09 06:23:28.928246+00', '2026-03-22 15:40:51.091+00'),
	('e0091e5c-80c7-4383-96b6-41dc0c8d4f39', 1349152629, 'ImYourBackpack', 'https://tr.rbxcdn.com/30DAY-AvatarHeadshot-2A9B0171AAA95C48725DE8E06075D45B-Png/150/150/AvatarHeadshot/Png/noFilter', 'IyaaN', NULL, NULL, '2026-03-10 06:25:47.271273+00', '2026-03-10 06:25:47.271273+00', '2026-03-10 06:25:47.241+00'),
	('36702a15-6d71-404d-b094-cc3b557f0b24', 634595875, 'FernalNinjax', 'https://tr.rbxcdn.com/30DAY-AvatarHeadshot-528ECFC3AA7DD41BFFEA5B14151D1CF8-Png/150/150/AvatarHeadshot/Png/noFilter', 'Venus', NULL, NULL, '2026-03-10 06:25:51.384156+00', '2026-03-10 06:25:51.384156+00', '2026-03-10 06:25:51.362+00'),
	('188ec14c-defa-4f7d-a672-4aa82958d895', 1560603202, 'xdvbfgxjh', 'https://tr.rbxcdn.com/30DAY-AvatarHeadshot-58D38A48B1A9433D1AA7DFD214E24D94-Png/150/150/AvatarHeadshot/Png/noFilter', 'King', NULL, NULL, '2026-03-10 06:25:56.122259+00', '2026-03-10 06:25:56.122259+00', '2026-03-10 06:25:56.081+00'),
	('fffee4c8-a152-402d-bcb9-2585954bef6e', 1836727764, 'IC3DMX', 'https://tr.rbxcdn.com/30DAY-AvatarHeadshot-6927000C67217537AFF2A843293A7EC9-Png/150/150/AvatarHeadshot/Png/noFilter', 'Norrep', NULL, NULL, '2026-03-10 06:26:01.063483+00', '2026-03-10 06:26:01.063483+00', '2026-03-10 06:26:01.007+00'),
	('82d356c3-ff7d-41f9-a68e-e55a8088060f', 2349353, 'payumman1', 'https://tr.rbxcdn.com/30DAY-AvatarHeadshot-A8B60B40B73FCABB75A53199245A4A32-Png/150/150/AvatarHeadshot/Png/noFilter', 'paijimExtraSauce', NULL, NULL, '2026-04-18 07:52:41.319612+00', '2026-04-18 07:52:41.319612+00', '2026-04-18 07:52:41.286+00'),
	('d6de2c98-cccf-482a-b979-90232fba4af8', 1408342133, '4rtical', 'https://tr.rbxcdn.com/30DAY-AvatarHeadshot-D2ECF1C4F866C75AF128EDE781F59F48-Png/150/150/AvatarHeadshot/Png/noFilter', 'Haruu', NULL, NULL, '2026-04-18 07:53:01.826159+00', '2026-04-18 07:53:01.826159+00', '2026-04-18 07:53:01.795+00'),
	('c41f31ea-64a8-40f9-98c9-b1de8c45c68e', 3469544977, 'indo_aliii', 'https://tr.rbxcdn.com/30DAY-AvatarHeadshot-B023E52B427F670AB846A8C4B637289B-Png/150/150/AvatarHeadshot/Png/noFilter', 'kizari', NULL, NULL, '2026-04-18 07:53:05.334991+00', '2026-04-18 07:53:05.334991+00', '2026-04-18 07:53:05.303+00'),
	('dc80cf50-9a92-455e-8770-69543ce9c272', 8465078606, 'buynna14', 'https://tr.rbxcdn.com/30DAY-AvatarHeadshot-9F50B65F1E8909441FF9862440969925-Png/150/150/AvatarHeadshot/Png/noFilter', 'verin', NULL, NULL, '2026-04-18 07:53:08.711998+00', '2026-04-18 07:53:08.711998+00', '2026-04-18 07:53:08.673+00'),
	('9f25c197-63fc-4a3f-959a-ee2419d3ad46', 3649162088, 'Zull00086', 'https://tr.rbxcdn.com/30DAY-AvatarHeadshot-E629F2836BBCA76B1B658628EEB7A282-Png/150/150/AvatarHeadshot/Png/noFilter', 'PopSelestia', NULL, NULL, '2026-04-18 07:53:11.750508+00', '2026-04-18 07:53:11.750508+00', '2026-04-18 07:53:11.72+00'),
	('d43faa5e-f92a-4116-8ba8-778f36e1e963', 6123674325, 'Godly_think56', 'https://tr.rbxcdn.com/30DAY-AvatarHeadshot-6113C3A788E2AAC6732C777439979CE7-Png/150/150/AvatarHeadshot/Png/noFilter', 'Cybuns', NULL, NULL, '2026-04-18 07:53:15.201897+00', '2026-04-18 07:53:15.201897+00', '2026-04-18 07:53:15.171+00'),
	('b54f1cfd-0cf8-4256-891f-598987e67787', 5185649085, 'xsdkkz', 'https://tr.rbxcdn.com/30DAY-AvatarHeadshot-9C7D478DF456940A2D6F021B58F5DED1-Png/150/150/AvatarHeadshot/Png/noFilter', 'Ishasan', NULL, NULL, '2026-04-18 07:53:18.64422+00', '2026-04-18 07:53:18.64422+00', '2026-04-18 07:53:18.606+00'),
	('4eeb543f-0fe9-48b1-ad02-af29822e9cd6', 4510593025, '4cr1lz', 'https://tr.rbxcdn.com/30DAY-AvatarHeadshot-26CC6F3354751701638B93C529C7A4F9-Png/150/150/AvatarHeadshot/Png/noFilter', 'Vlad', NULL, NULL, '2026-04-18 07:53:22.053862+00', '2026-04-18 07:53:22.053862+00', '2026-04-18 07:53:22.014+00'),
	('f971a150-ca04-4e77-94f6-a5faefdb6e0b', 209406398, 'xyzunkown23', 'https://tr.rbxcdn.com/30DAY-AvatarHeadshot-83CC4DAD22CE170C4EB6688FBC8ABA1A-Png/150/150/AvatarHeadshot/Png/noFilter', 'aki', NULL, NULL, '2026-03-10 06:26:04.96902+00', '2026-03-10 06:26:04.96902+00', '2026-03-10 06:26:04.94+00'),
	('bfa0ccf5-5d2b-4ca6-a3d6-b9601f51273d', 1699359588, 'NobspedTavas', 'https://tr.rbxcdn.com/30DAY-AvatarHeadshot-B8BE265F1D70BC6F595ED124737F3CCC-Png/150/150/AvatarHeadshot/Png/noFilter', 'Y_4ng', NULL, NULL, '2026-03-10 06:26:09.243999+00', '2026-03-10 06:26:09.243999+00', '2026-03-10 06:26:09.213+00'),
	('fa040c35-ef1e-4ec2-a8c0-8af972225508', 1025324442, 'ELECTRIC_GAMERSTAR', 'https://tr.rbxcdn.com/30DAY-AvatarHeadshot-35963D6B020E5088066B8790FD87E958-Png/150/150/AvatarHeadshot/Png/noFilter', 'rnzee', NULL, NULL, '2026-03-10 06:26:13.747569+00', '2026-03-10 06:26:13.747569+00', '2026-03-10 06:26:13.7+00'),
	('a943230d-5d00-4c25-b6aa-90cc768434e6', 2748800561, 'marxhshsh', 'https://tr.rbxcdn.com/30DAY-AvatarHeadshot-1EE03C930AD0F7D9F3EF6220D45B9798-Png/150/150/AvatarHeadshot/Png/noFilter', 'miloooo', NULL, NULL, '2026-03-10 06:26:17.739903+00', '2026-03-10 06:26:17.739903+00', '2026-03-10 06:26:17.686+00'),
	('b82a4cd6-3d9b-485e-9558-cf0629f746b4', 497887169, 'soultenki', 'https://tr.rbxcdn.com/30DAY-AvatarHeadshot-B61003C0EB966104148DB94E01748107-Png/150/150/AvatarHeadshot/Png/noFilter', 'ayosusf2pcastorice', NULL, NULL, '2026-03-10 06:38:42.990825+00', '2026-03-10 06:38:42.990825+00', '2026-03-24 15:10:08.364+00'),
	('1dd04b79-26cb-4e80-8ba7-f8b1942bacf9', 8267892190, 'Deollongs', 'https://tr.rbxcdn.com/30DAY-AvatarHeadshot-BA803FE35A2B8FDBA281CDEEB082AEAE-Png/150/150/AvatarHeadshot/Png/noFilter', 'Deo', NULL, NULL, '2026-03-11 02:28:49.728911+00', '2026-03-11 02:28:49.728911+00', '2026-03-11 02:28:49.7+00'),
	('9a4dd92d-435e-45e1-afdc-985a17e007ce', 504168428, 'MFSFirmn', 'https://tr.rbxcdn.com/30DAY-AvatarHeadshot-75E0906439DBC660BE92694810A5FFDB-Png/150/150/AvatarHeadshot/Png/noFilter', 'Havee', NULL, NULL, '2026-03-11 02:28:53.719045+00', '2026-03-11 02:28:53.719045+00', '2026-03-11 02:28:53.682+00'),
	('e32fe549-b1fd-4c21-ba76-57b1cb191506', 1570218083, '25Oktober2006', 'https://tr.rbxcdn.com/30DAY-AvatarHeadshot-85DEE72243B71C4F9C0D8B143417FF4A-Png/150/150/AvatarHeadshot/Png/noFilter', 'Kawa', NULL, NULL, '2026-03-11 02:28:58.73413+00', '2026-03-11 02:28:58.73413+00', '2026-03-11 02:28:58.705+00'),
	('31ba088a-f314-4cf3-8d63-fcef735c81bd', 4493265131, 'Rexxsyyy1', 'https://tr.rbxcdn.com/30DAY-AvatarHeadshot-F24429813DD2A3A110B1ABB925AA765C-Png/150/150/AvatarHeadshot/Png/noFilter', 'Adamuani', NULL, NULL, '2026-03-11 02:29:03.249468+00', '2026-03-11 02:29:03.249468+00', '2026-03-11 02:29:03.225+00'),
	('4f61bb96-53b6-42e1-9904-6710c6ea1557', 5474369106, 'TheAceDemon111', 'https://tr.rbxcdn.com/30DAY-AvatarHeadshot-A823BA2B6FD4E7B4D192866BC150ADD0-Png/150/150/AvatarHeadshot/Png/noFilter', 'Aceu', NULL, NULL, '2026-03-11 02:29:08.04417+00', '2026-03-11 02:29:08.04417+00', '2026-03-11 02:29:08.011+00'),
	('e1dd557e-197f-42b9-b856-b5d72445705b', 1846738769, 'FriendlyPlayer12384', 'https://tr.rbxcdn.com/30DAY-AvatarHeadshot-48ECF8298457AE67835FCED882157810-Png/150/150/AvatarHeadshot/Png/noFilter', 'Kerby', NULL, NULL, '2026-03-11 02:29:12.093836+00', '2026-03-11 02:29:12.093836+00', '2026-03-11 02:29:12.063+00'),
	('ece81eec-36d8-4dc1-9f26-db57c188dec9', 4571516142, 'HeruGGNoob', 'https://tr.rbxcdn.com/30DAY-AvatarHeadshot-7311F8B3344C507F701CC0E1BDD359D4-Png/150/150/AvatarHeadshot/Png/noFilter', 'gontothis', NULL, NULL, '2026-03-11 02:29:15.791322+00', '2026-03-11 02:29:15.791322+00', '2026-03-11 02:29:15.761+00'),
	('5c89d03b-0388-4fc5-a52f-c49f8a9c32f2', 8308444932, 'vblequinf', 'https://tr.rbxcdn.com/30DAY-AvatarHeadshot-FC951019D7329003DE6B8696C32A1C75-Png/150/150/AvatarHeadshot/Png/noFilter', 'zaf', NULL, NULL, '2026-03-11 02:29:20.586731+00', '2026-03-11 02:29:20.586731+00', '2026-03-11 02:29:20.55+00'),
	('cb9bda3f-424b-478e-8c3c-5cb8d5f281bd', 2948198621, 'masteribas790', 'https://tr.rbxcdn.com/30DAY-AvatarHeadshot-6324C736243786753E4831BBE2534043-Png/150/150/AvatarHeadshot/Png/noFilter', 'Nishikawa', NULL, NULL, '2026-03-11 02:29:24.988474+00', '2026-03-11 02:29:24.988474+00', '2026-03-11 02:29:24.946+00'),
	('f745f1bd-fa5e-4254-b5b0-874587266a2f', 3753900350, 'yoru_izzan123', 'https://tr.rbxcdn.com/30DAY-AvatarHeadshot-737825F38ECB8BEF6102B4ADF472F9C9-Png/150/150/AvatarHeadshot/Png/noFilter', 'NormalGuy', NULL, NULL, '2026-03-11 02:29:28.892348+00', '2026-03-11 02:29:28.892348+00', '2026-03-11 02:29:28.864+00'),
	('922f7920-e3f7-487e-9926-4591bb617a47', 5120394176, 'SonNotMine', 'https://tr.rbxcdn.com/30DAY-AvatarHeadshot-3C8403777C14363FBE2E94B823D0300A-Png/150/150/AvatarHeadshot/Png/noFilter', 'Son', NULL, NULL, '2026-03-10 06:38:57.463386+00', '2026-03-10 06:38:57.463386+00', '2026-03-24 15:10:10.827+00'),
	('f3a3dce0-adc1-4972-891d-112949207fa5', 1760090297, 'FatherGOK', 'https://tr.rbxcdn.com/30DAY-AvatarHeadshot-511D95BC18B5EFDE8716570AEB713491-Png/150/150/AvatarHeadshot/Png/noFilter', 'himsagi', NULL, NULL, '2026-03-10 06:39:01.994576+00', '2026-03-10 06:39:01.994576+00', '2026-03-24 15:10:11.389+00'),
	('3d201fe2-4912-45d4-ae04-a79e03f767c4', 10447927791, 'iluvskitzalt', 'https://tr.rbxcdn.com/30DAY-AvatarHeadshot-4E0185343AEE34B5B57EAD73ACCC2043-Png/150/150/AvatarHeadshot/Png/noFilter', 'skitz', NULL, NULL, '2026-03-10 06:39:05.743903+00', '2026-03-10 06:39:05.743903+00', '2026-03-24 15:10:11.971+00'),
	('05ac43d3-075c-4e35-89b7-7b377074b642', 2671147940, 'chlomakiroll', 'https://tr.rbxcdn.com/30DAY-AvatarHeadshot-FB19AEA8C380D236D353777CB1CB0882-Png/150/150/AvatarHeadshot/Png/noFilter', 'sasa', NULL, NULL, '2026-03-10 06:39:09.64478+00', '2026-03-10 06:39:09.64478+00', '2026-03-24 15:10:12.548+00'),
	('bf7ddb18-a8ad-481f-b128-9fc5aece439b', 97046632, 'NinjaOfFireIceEarth', 'https://tr.rbxcdn.com/30DAY-AvatarHeadshot-D004C03DBC031E948D670EE94346019C-Png/150/150/AvatarHeadshot/Png/noFilter', 'eyp', NULL, NULL, '2026-03-10 06:39:13.120722+00', '2026-03-10 06:39:13.120722+00', '2026-03-24 15:10:13.109+00'),
	('75069313-5368-4e18-b005-e781a7665957', 7745241012, 'daryn_alt', 'https://tr.rbxcdn.com/30DAY-AvatarHeadshot-23FA0DFAA4E6FBC14F12677E8BD83236-Png/150/150/AvatarHeadshot/Png/noFilter', 'dar', NULL, NULL, '2026-03-10 06:39:16.812866+00', '2026-03-10 06:39:16.812866+00', '2026-03-24 15:10:13.812+00'),
	('9df82435-debf-484e-a2ed-5c37049a690b', 1144423931, 'cheatingfans', 'https://tr.rbxcdn.com/30DAY-AvatarHeadshot-4A766E11615EB3A93CBF59730D4C1F6A-Png/150/150/AvatarHeadshot/Png/noFilter', 'choppa', NULL, NULL, '2026-03-10 06:39:20.493906+00', '2026-03-10 06:39:20.493906+00', '2026-03-24 15:10:14.393+00'),
	('ca465e20-d465-47b8-ad0e-8ba120869d19', 88475152, 'ShinyBlueWings', 'https://tr.rbxcdn.com/30DAY-AvatarHeadshot-35C128276F75F795415E890D3C5A52C0-Png/150/150/AvatarHeadshot/Png/noFilter', 'minh', NULL, NULL, '2026-03-10 06:38:27.156695+00', '2026-03-10 06:38:27.156695+00', '2026-03-24 15:10:14.952+00'),
	('3dc0270d-975f-44b5-94df-d23dfcb435eb', 663616740, 'jvssqt', 'https://tr.rbxcdn.com/30DAY-AvatarHeadshot-8C043C2674C138271BF05BD90194512A-Png/150/150/AvatarHeadshot/Png/noFilter', 'jjj', NULL, NULL, '2026-03-10 06:38:31.699819+00', '2026-03-10 06:38:31.699819+00', '2026-03-24 15:10:15.528+00'),
	('be83b008-b8d1-4960-a767-4286dfc5d7a3', 489356438, 'pleniewingo', 'https://tr.rbxcdn.com/30DAY-AvatarHeadshot-147B91759027B486C4C3FCC9F084FE49-Png/150/150/AvatarHeadshot/Png/noFilter', 'bblinkys', NULL, NULL, '2026-03-10 06:38:35.5106+00', '2026-03-10 06:38:35.5106+00', '2026-03-24 15:10:16.098+00'),
	('82c6214c-1074-4413-8bda-0cd51c5169b6', 754023500, 'davidlianjr1', 'https://tr.rbxcdn.com/30DAY-AvatarHeadshot-924D595CDE682799E72551F591FF4A4D-Png/150/150/AvatarHeadshot/Png/noFilter', 'uhej', NULL, NULL, '2026-03-11 03:17:30.53344+00', '2026-03-11 03:17:30.53344+00', '2026-03-30 09:57:29.621+00'),
	('962dc141-6b43-4339-8a9e-90608d36209c', 19784763, 'Duploy', 'https://tr.rbxcdn.com/30DAY-AvatarHeadshot-B2B8C7D465D3398A0B41C7C66683DF79-Png/150/150/AvatarHeadshot/Png/noFilter', 'excalibur', NULL, NULL, '2026-03-10 06:38:46.533284+00', '2026-03-10 06:38:46.533284+00', '2026-03-24 15:10:08.925+00'),
	('cb6d38da-b651-4131-9c05-65b94e94270b', 2451321374, 'neopeanuts', 'https://tr.rbxcdn.com/30DAY-AvatarHeadshot-BFF360BE958503845F78B245CBB11356-Png/150/150/AvatarHeadshot/Png/noFilter', 'neo', NULL, NULL, '2026-03-11 03:17:16.150458+00', '2026-03-11 03:17:16.150458+00', '2026-03-30 09:57:37.979+00'),
	('e0afa9e8-c8b7-4f53-a4dd-5a4c4b99845f', 693753807, '8tuh', 'https://tr.rbxcdn.com/30DAY-AvatarHeadshot-74914C03F1F7E2C76C6E11749F1D1856-Png/150/150/AvatarHeadshot/Png/noFilter', '8tuh', NULL, NULL, '2026-03-10 06:38:53.92632+00', '2026-03-10 06:38:53.92632+00', '2026-03-24 15:10:10.273+00'),
	('4c9ed82e-a147-44b6-98b3-ba300fbbdb16', 450846373, 'john_doe3646', 'https://tr.rbxcdn.com/30DAY-AvatarHeadshot-35EAA66B95FCEB202EA2DA775DF917F6-Png/150/150/AvatarHeadshot/Png/noFilter', 'ryke', NULL, NULL, '2026-03-10 06:38:50.279759+00', '2026-03-10 06:38:50.279759+00', '2026-03-24 15:10:09.701+00'),
	('f5669fef-2708-4590-939d-1f6f0418cb6f', 9070407358, 'Eg6Rik6', 'https://tr.rbxcdn.com/30DAY-AvatarHeadshot-3CC60737EAF3200909C029A032A90CDF-Png/150/150/AvatarHeadshot/Png/noFilter', 'squidward', NULL, NULL, '2026-03-11 03:17:20.9039+00', '2026-03-11 03:17:20.9039+00', '2026-03-30 09:57:38.581+00'),
	('d7fb0131-cdc1-4c59-a544-02375de4e5b7', 10148515213, 'derchino3', 'https://tr.rbxcdn.com/30DAY-AvatarHeadshot-F17C1227F9DB332568C9E6695E70912E-Png/150/150/AvatarHeadshot/Png/noFilter', 'Nako', NULL, NULL, '2026-04-18 07:52:45.476057+00', '2026-04-18 07:52:45.476057+00', '2026-04-18 07:52:45.445+00'),
	('7bf8a75f-7c34-4cb7-b986-327b872c6d27', 6189216122, 'tetidengz', 'https://tr.rbxcdn.com/30DAY-AvatarHeadshot-4CE7D2838E14325EF469E7145E255A71-Png/150/150/AvatarHeadshot/Png/noFilter', 'blitzy', NULL, NULL, '2026-03-11 03:17:25.45575+00', '2026-03-11 03:17:25.45575+00', '2026-03-30 09:57:28.74+00'),
	('72973f58-e49a-4f7b-ae1c-f27ea46e859a', 1151172072, 'xxsonic819753', 'https://tr.rbxcdn.com/30DAY-AvatarHeadshot-F940492A12A00C40E0579C4BD2FCD794-Png/150/150/AvatarHeadshot/Png/noFilter', 'Solexnt', NULL, NULL, '2026-03-11 03:17:34.545246+00', '2026-03-11 03:17:34.545246+00', '2026-03-30 09:57:30.221+00'),
	('00f27d63-74c1-4295-a150-b2854cb77b49', 9356419987, 'titaneater109', 'https://tr.rbxcdn.com/30DAY-AvatarHeadshot-48DE10DDA52CDA0BF5C9D10F1475E723-Png/150/150/AvatarHeadshot/Png/noFilter', 'oscar', NULL, NULL, '2026-03-11 03:17:45.62365+00', '2026-03-11 03:17:45.62365+00', '2026-03-30 09:57:30.83+00'),
	('cc294a2c-8a2b-442b-a2f6-c4c0a2e15acb', 8646337020, 'BumNoob123456', 'https://tr.rbxcdn.com/30DAY-AvatarHeadshot-C25AF153F65134B691128E1C52CE8F08-Png/150/150/AvatarHeadshot/Png/noFilter', 'TheOldSaotoya', NULL, NULL, '2026-03-11 03:17:08.599533+00', '2026-03-11 03:17:08.599533+00', '2026-03-30 09:57:37.126+00'),
	('b7f4381e-3ea7-49c8-b62e-772b1ddc5071', 469891310, 'hepaiteora', 'https://tr.rbxcdn.com/30DAY-AvatarHeadshot-3E6F727777686EF485E710DA34656383-Png/150/150/AvatarHeadshot/Png/noFilter', 'shikigami', NULL, NULL, '2026-03-11 03:17:53.818623+00', '2026-03-11 03:17:53.818623+00', '2026-03-30 09:57:32.049+00'),
	('eda47601-c34c-4dbe-9a5f-6d1ba7c41de4', 3127413871, 'HakiVesco', 'https://tr.rbxcdn.com/30DAY-AvatarHeadshot-C1A4607816DDF59581B2FE5214312817-Png/150/150/AvatarHeadshot/Png/noFilter', 'HakiVesco', NULL, NULL, '2026-03-11 03:17:57.713525+00', '2026-03-11 03:17:57.713525+00', '2026-03-30 09:57:32.654+00'),
	('11e45820-79c8-4587-8fec-27d803b11285', 7530129123, 'kwaso_15', 'https://tr.rbxcdn.com/30DAY-AvatarHeadshot-1769C2B815F3D36320F0F8C20530FF8C-Png/150/150/AvatarHeadshot/Png/noFilter', 'Oka', NULL, NULL, '2026-03-12 08:58:21.716645+00', '2026-03-12 08:58:21.716645+00', '2026-03-12 08:58:21.689+00'),
	('2f01cc51-bc39-44a1-929c-7c0203ab3eda', 978599618, 'bekykynicko', 'https://tr.rbxcdn.com/30DAY-AvatarHeadshot-3EF1CB9869065E9CD6E4E31FB71E4337-Png/150/150/AvatarHeadshot/Png/noFilter', 'CRsChino', NULL, NULL, '2026-03-12 08:58:26.760645+00', '2026-03-12 08:58:26.760645+00', '2026-03-12 08:58:26.724+00'),
	('b93cb1a7-7675-4d16-8afc-a1c4a8b4ad62', 1716833798, 'rawrBS234', 'https://tr.rbxcdn.com/30DAY-AvatarHeadshot-18683F3F4456415BE51CEC0D3DB4F348-Png/150/150/AvatarHeadshot/Png/noFilter', 'kelp', NULL, NULL, '2026-03-12 08:58:33.028776+00', '2026-03-12 08:58:33.028776+00', '2026-03-12 08:58:32.562+00'),
	('ada5d4c3-390a-4db1-87fe-09a20ed0f5af', 828026530, 'aljer91', 'https://tr.rbxcdn.com/30DAY-AvatarHeadshot-F006B4B767DB2F98121D4E98FE78B200-Png/150/150/AvatarHeadshot/Png/noFilter', 'LukeEmUp', NULL, NULL, '2026-03-12 08:58:39.304452+00', '2026-03-12 08:58:39.304452+00', '2026-03-12 08:58:39.276+00'),
	('cbab919b-2045-484a-a93f-14e70fa4e229', 3658031355, 'VastocartheGamer', 'https://tr.rbxcdn.com/30DAY-AvatarHeadshot-315D73A804B0749C8D809D7AAE2425FA-Png/150/150/AvatarHeadshot/Png/noFilter', 'Earl', NULL, NULL, '2026-03-12 08:58:45.041819+00', '2026-03-12 08:58:45.041819+00', '2026-03-12 08:58:45.02+00'),
	('f48f746c-6652-483d-bc07-f8a7c64b57ac', 9196575084, 'microwave3350', 'https://tr.rbxcdn.com/30DAY-AvatarHeadshot-247E028ED0102A1F6CD306F5F5A1D121-Png/150/150/AvatarHeadshot/Png/noFilter', 'pan', NULL, NULL, '2026-03-12 08:58:49.128671+00', '2026-03-12 08:58:49.128671+00', '2026-03-12 08:58:49.09+00'),
	('02324ec6-9783-4b35-968a-f659cfc6f0d7', 8556909114, 'Growagardensigmapro6', 'https://tr.rbxcdn.com/30DAY-AvatarHeadshot-B095260B7BEDABB0BDCE0EDBACC32778-Png/150/150/AvatarHeadshot/Png/noFilter', 'imam_tamir', NULL, NULL, '2026-03-12 08:58:54.774723+00', '2026-03-12 08:58:54.774723+00', '2026-03-12 08:58:54.737+00'),
	('70161eac-ded7-49c1-a9e8-1168c083b5bb', 8309325818, 'Kaporation', 'https://tr.rbxcdn.com/30DAY-AvatarHeadshot-10DBB8909221C205EAF30DA37F66895D-Png/150/150/AvatarHeadshot/Png/noFilter', 'Hinata', NULL, NULL, '2026-03-12 08:58:58.401142+00', '2026-03-12 08:58:58.401142+00', '2026-03-12 08:58:58.381+00'),
	('4ba2e15f-9d17-4089-ad5e-fe9cf3a37dd1', 619547548, 'kammuishaan', 'https://tr.rbxcdn.com/30DAY-AvatarHeadshot-8226BAEDEC7FE617A2BA3FCA80B87089-Png/150/150/AvatarHeadshot/Png/noFilter', 'k2m', NULL, NULL, '2026-03-11 03:30:50.614866+00', '2026-03-11 03:30:50.614866+00', '2026-03-22 16:25:58.158+00'),
	('332b8273-5591-4b7c-bf3d-4eaa5c9d5630', 1584291696, 'TRB_voylex', 'https://tr.rbxcdn.com/30DAY-AvatarHeadshot-8877346211C174F9252E765A5765F371-Png/150/150/AvatarHeadshot/Png/noFilter', 'vita', NULL, NULL, '2026-03-11 03:18:10.29832+00', '2026-03-11 03:18:10.29832+00', '2026-03-30 09:57:34.745+00'),
	('ded6e488-ab31-4d89-be1b-132fa22c95db', 91598754, 'TruongNamKhanh', 'https://tr.rbxcdn.com/30DAY-AvatarHeadshot-915DF66D56A9B21626E43D147B88C61C-Png/150/150/AvatarHeadshot/Png/noFilter', 'NKNK', NULL, NULL, '2026-03-11 03:30:55.224404+00', '2026-03-11 03:30:55.224404+00', '2026-03-22 16:25:58.766+00'),
	('b47da273-1b49-4195-adca-b92818451157', 1551634699, 'LilcRAPPYDUDE', 'https://tr.rbxcdn.com/30DAY-AvatarHeadshot-96B734145B366377CE7B91AA78A35834-Png/150/150/AvatarHeadshot/Png/noFilter', 'dusk', NULL, NULL, '2026-03-11 03:30:59.483491+00', '2026-03-11 03:30:59.483491+00', '2026-03-22 16:25:59.375+00'),
	('aa49ffa3-99d9-47d7-8667-7212025123e2', 1034922365, 'Elian_76', 'https://tr.rbxcdn.com/30DAY-AvatarHeadshot-7AC3C26F0F0561FA77F7EFD3E9588429-Png/150/150/AvatarHeadshot/Png/noFilter', 'geto', NULL, NULL, '2026-03-11 03:31:07.628027+00', '2026-03-11 03:31:07.628027+00', '2026-03-22 16:26:00.858+00'),
	('92404ee1-b303-4f77-9e1d-58fb107a7762', 4552015523, 'apvthq', 'https://tr.rbxcdn.com/30DAY-AvatarHeadshot-D07F01E7417DF748E623DA2A5103818A-Png/150/150/AvatarHeadshot/Png/noFilter', 'Moo', NULL, NULL, '2026-03-11 03:31:11.452705+00', '2026-03-11 03:31:11.452705+00', '2026-03-22 16:26:01.459+00'),
	('6b5a8b25-7093-4a66-8e44-ba40a8809ff4', 2064216511, 'Sesu_Senpai', 'https://tr.rbxcdn.com/30DAY-AvatarHeadshot-FC7CC7FE8B4821F92513FB414BFC8F1D-Png/150/150/AvatarHeadshot/Png/noFilter', 'Avo', NULL, NULL, '2026-03-11 03:31:15.636145+00', '2026-03-11 03:31:15.636145+00', '2026-03-22 16:26:02.066+00'),
	('e2740cfa-ceac-4b64-afba-563bb9b1616f', 1903545536, 'XxyaboidevilxX', 'https://tr.rbxcdn.com/30DAY-AvatarHeadshot-4248DE5B9DEEB3255D7B79B29393D6B2-Png/150/150/AvatarHeadshot/Png/noFilter', 'SwornToMichi', NULL, NULL, '2026-03-11 03:31:19.662776+00', '2026-03-11 03:31:19.662776+00', '2026-03-22 16:26:02.67+00'),
	('1a9e5f2a-bd68-4aee-9e9c-9e0faa5aac3d', 5482123763, 'Envixty66077', 'https://tr.rbxcdn.com/30DAY-AvatarHeadshot-D5FAC901B568A112B1D4DC94D76DDC0B-Png/150/150/AvatarHeadshot/Png/noFilter', 'Doordash', NULL, NULL, '2026-03-11 03:31:23.091217+00', '2026-03-11 03:31:23.091217+00', '2026-03-22 16:26:03.544+00'),
	('eb874a93-43bc-463f-aee7-274f04d3a1a0', 1325373462, 'Kyyhh1', 'https://tr.rbxcdn.com/30DAY-AvatarHeadshot-FFE4BCAB727CA61FEB31DBC71D726F87-Png/150/150/AvatarHeadshot/Png/noFilter', 'kyy', NULL, NULL, '2026-03-11 03:30:07.503572+00', '2026-03-11 03:30:07.503572+00', '2026-03-22 16:26:04.155+00'),
	('1011b1e0-22e7-49a5-90b0-c02809993575', 406543543, 'blocbusterX', 'https://tr.rbxcdn.com/30DAY-AvatarHeadshot-3D47C5F8746622A0DD44C3D4E743340E-Png/150/150/AvatarHeadshot/Png/noFilter', 'blocbusterX', NULL, NULL, '2026-03-11 03:30:14.962141+00', '2026-03-11 03:30:14.962141+00', '2026-03-22 16:26:04.76+00'),
	('13fb778f-6d64-45a2-8183-05b2295ec2a1', 488518016, 'M_natoran', 'https://tr.rbxcdn.com/30DAY-AvatarHeadshot-4C1C790E999D76E97785BDB748A23816-Png/150/150/AvatarHeadshot/Png/noFilter', 'Mayo', NULL, NULL, '2026-03-11 03:30:27.620759+00', '2026-03-11 03:30:27.620759+00', '2026-03-22 16:26:05.38+00'),
	('2f762fe1-a0dc-4b4c-b9c5-bea866704980', 1913303199, 'NickJuniorsun', 'https://tr.rbxcdn.com/30DAY-AvatarHeadshot-75CB1D478942781D90EE4287A3D85C60-Png/150/150/AvatarHeadshot/Png/noFilter', 'nickk', NULL, NULL, '2026-03-09 14:36:21.547582+00', '2026-03-09 14:36:21.547582+00', '2026-03-22 16:31:15.976+00'),
	('9097736c-b9ca-44f6-ad37-de650d62ec81', 5120900330, 'Tengafoooolipa', 'https://tr.rbxcdn.com/30DAY-AvatarHeadshot-3F5A10ABE56263569826428B88CACDF8-Png/150/150/AvatarHeadshot/Png/noFilter', 'milo', NULL, NULL, '2026-03-11 03:18:01.824773+00', '2026-03-11 03:18:01.824773+00', '2026-03-30 09:57:33.257+00'),
	('ece8b90e-9ef3-40ab-96a8-05dcae0e8b55', 1572387215, 'Fly2ToxicTempo', 'https://tr.rbxcdn.com/30DAY-AvatarHeadshot-C62C5EB3CCEC385902ACA52FA2AF68C3-Png/150/150/AvatarHeadshot/Png/noFilter', 'Lauv_me', NULL, NULL, '2026-03-11 03:18:06.026066+00', '2026-03-11 03:18:06.026066+00', '2026-03-30 09:57:33.849+00'),
	('aba60ca7-54ac-4850-bb0a-229cc78246c2', 3424444460, 'Cherrydiblue', 'https://tr.rbxcdn.com/30DAY-AvatarHeadshot-CF2DBA437A99CF5F92A360D328084C08-Png/150/150/AvatarHeadshot/Png/noFilter', 'Bubbles', NULL, NULL, '2026-03-11 03:18:14.459833+00', '2026-03-11 03:18:14.459833+00', '2026-03-30 09:57:35.348+00'),
	('adfd7cc4-9554-4773-b694-22279837a81e', 1221096796, 'Olioojujuu', 'https://tr.rbxcdn.com/30DAY-AvatarHeadshot-979B339B6F99B5CF8E3E451F56BC9A3B-Png/150/150/AvatarHeadshot/Png/noFilter', 'oil', NULL, NULL, '2026-03-11 03:18:18.938523+00', '2026-03-11 03:18:18.938523+00', '2026-03-30 09:57:35.946+00'),
	('2df777ef-231e-45a6-a392-36b6e777f93e', 2556875960, 'MonkeyBDuc', 'https://tr.rbxcdn.com/30DAY-AvatarHeadshot-E8E68E00112AC0F73DEAD9FB77CA1E25-Png/150/150/AvatarHeadshot/Png/noFilter', 'JustYark', NULL, NULL, '2026-03-11 03:18:22.65061+00', '2026-03-11 03:18:22.65061+00', '2026-03-30 09:57:36.541+00'),
	('933fa35c-3388-4c61-9355-869111591c7f', 4604320604, 'Drendiwtheog', 'https://tr.rbxcdn.com/30DAY-AvatarHeadshot-49A312CC9D416E22388595A5E298E529-Png/150/150/AvatarHeadshot/Png/noFilter', 'Yokai', NULL, NULL, '2026-04-18 07:52:49.467135+00', '2026-04-18 07:52:49.467135+00', '2026-04-18 07:52:49.43+00'),
	('2f38caea-379b-4384-b299-cb6b859af479', 365983341, 'Saekox_o', 'https://tr.rbxcdn.com/30DAY-AvatarHeadshot-5236929191E999AA0E05BE5045659E5A-Png/150/150/AvatarHeadshot/Png/noFilter', 'emmy', NULL, NULL, '2026-03-11 03:17:49.612714+00', '2026-03-11 03:17:49.612714+00', '2026-03-30 09:57:31.435+00'),
	('a4d0f185-6bbf-4d9b-82d3-69a51d160ba1', 1619038940, 'itsmeanimepros1', 'https://tr.rbxcdn.com/30DAY-AvatarHeadshot-2D0AB7CE161202E7C5BD9AF1B031F08A-Png/150/150/AvatarHeadshot/Png/noFilter', 's3cret', NULL, NULL, '2026-04-18 07:52:54.408705+00', '2026-04-18 07:52:54.408705+00', '2026-04-18 07:52:54.373+00'),
	('c8444b79-fe0f-4c04-8c2c-2b17ce389a23', 460861278, 'NARWARC', 'https://tr.rbxcdn.com/30DAY-AvatarHeadshot-ADC72230007F3E7069662F8F136DE5CD-Png/150/150/AvatarHeadshot/Png/noFilter', 'mpeng', NULL, NULL, '2026-03-11 03:30:32.951153+00', '2026-03-11 03:30:32.951153+00', '2026-03-22 16:25:55.752+00'),
	('dd7b41f3-c2c6-4cb6-812e-765a76a677a6', 929482782, 'lyhapr', 'https://tr.rbxcdn.com/30DAY-AvatarHeadshot-1267CF17A6670CCE91064765B55CDDBE-Png/150/150/AvatarHeadshot/Png/noFilter', 'mychee', NULL, NULL, '2026-03-11 03:30:42.251325+00', '2026-03-11 03:30:42.251325+00', '2026-03-22 16:25:56.953+00'),
	('fdc47ea0-500c-4e1e-b05e-1e4839e91de1', 706039655, 'jack_coolYEA', 'https://tr.rbxcdn.com/30DAY-AvatarHeadshot-023903497D681D42EAE23DB46CAE1F8D-Png/150/150/AvatarHeadshot/Png/noFilter', 'Taka', NULL, NULL, '2026-03-09 14:36:50.215951+00', '2026-03-09 14:36:50.215951+00', '2026-03-22 16:31:20.25+00'),
	('1cd8a833-c873-438a-b16a-8fb709c8c89e', 8201620871, 'ChosenInsanity', 'https://tr.rbxcdn.com/30DAY-AvatarHeadshot-60B5544AEFF744F75FDADA1A184E1FE0-Png/150/150/AvatarHeadshot/Png/noFilter', 'Hammyyyy', NULL, NULL, '2026-03-09 06:18:57.217754+00', '2026-03-09 06:18:57.217754+00', '2026-03-22 16:32:13.276+00'),
	('9a71a4f7-5758-4079-8b09-e2e097577d97', 1101659102, 'DeathWolf894', 'https://tr.rbxcdn.com/30DAY-AvatarHeadshot-08B5D3B3CC1C3CBD93846B9D590C65E3-Png/150/150/AvatarHeadshot/Png/noFilter', 'Kurayami', NULL, NULL, '2026-03-11 03:30:46.199107+00', '2026-03-11 03:30:46.199107+00', '2026-03-22 16:25:57.558+00'),
	('08824c10-2daa-428a-ace5-a5d8d8d33f30', 3289147159, 'biggerbundz', 'https://tr.rbxcdn.com/30DAY-AvatarHeadshot-949046D658BFA548588C78A72A6BEB6E-Png/150/150/AvatarHeadshot/Png/noFilter', 'k3v', NULL, NULL, '2026-03-14 13:44:23.236179+00', '2026-03-14 13:44:23.236179+00', '2026-03-30 09:57:15.058+00'),
	('4ff1474d-1042-4f97-aa0a-6870a032c2a7', 1142953187, 'seasofsins', 'https://tr.rbxcdn.com/30DAY-AvatarHeadshot-64BD2AB749F5D0E5B74FE11D53E47AA1-Png/150/150/AvatarHeadshot/Png/noFilter', 'QEQEQEQEQEQEQE1', NULL, NULL, '2026-03-14 13:44:26.890617+00', '2026-03-14 13:44:26.890617+00', '2026-03-30 09:57:15.659+00'),
	('61dbd598-283f-4c6d-a490-88aa75e7750b', 70098633, 'blooozer', 'https://tr.rbxcdn.com/30DAY-AvatarHeadshot-E17C7DD129274E3216E0A726BCC47DD8-Png/150/150/AvatarHeadshot/Png/noFilter', 'countdragons', NULL, NULL, '2026-03-14 13:46:09.286194+00', '2026-03-14 13:46:09.286194+00', '2026-04-20 16:35:51.964+00'),
	('1c36e4d7-c629-4223-ae41-a9b2d3aa201f', 7976665989, 'WailingWalt123', 'https://tr.rbxcdn.com/30DAY-AvatarHeadshot-3831B4521DE960BCED72512D9511E565-Png/150/150/AvatarHeadshot/Png/noFilter', 'TrendSetter', NULL, NULL, '2026-03-14 13:46:02.891839+00', '2026-03-14 13:46:02.891839+00', '2026-04-20 16:35:51.982+00'),
	('8c125c84-5b40-48ce-a77d-1a07e073b93c', 7181453763, 'dragonwarriorrr42', 'https://tr.rbxcdn.com/30DAY-AvatarHeadshot-39132DD608C425AAA9C6DC160E7E2246-Png/150/150/AvatarHeadshot/Png/noFilter', 'sotia', NULL, NULL, '2026-03-14 13:36:34.118157+00', '2026-03-14 13:36:34.118157+00', '2026-03-22 16:32:39.209+00'),
	('c4bffbc1-7564-4d19-99c3-a6deb9534def', 1528964479, 'mujeebmujeeb2', 'https://tr.rbxcdn.com/30DAY-AvatarHeadshot-696C5F712520C7B0BC9704A8C18316A3-Png/150/150/AvatarHeadshot/Png/noFilter', '06mk10', NULL, NULL, '2026-03-14 13:36:38.199409+00', '2026-03-14 13:36:38.199409+00', '2026-03-22 15:36:22.661+00'),
	('008334ae-3f30-43f4-8f98-87a1678b1e65', 5129906021, 'Koreankid2021', 'https://tr.rbxcdn.com/30DAY-AvatarHeadshot-8525D01DF1A1D7BF7C44D285E777970D-Png/150/150/AvatarHeadshot/Png/noFilter', 'koreableh', NULL, NULL, '2026-03-14 13:36:46.000552+00', '2026-03-14 13:36:46.000552+00', '2026-03-22 15:36:23.268+00'),
	('3c464480-170d-4488-ae1c-35f60714ec69', 1601605692, 'Super1Destroyer2', 'https://tr.rbxcdn.com/30DAY-AvatarHeadshot-084D19BED2805625F5EEC520942F8A60-Png/150/150/AvatarHeadshot/Png/noFilter', 'KingGustavo', NULL, NULL, '2026-03-14 13:46:05.866441+00', '2026-03-14 13:46:05.866441+00', '2026-04-20 16:35:51.946+00'),
	('2be5bed0-824f-4e21-9bbb-c52fc434ad74', 3281630671, 'tatu_1616', 'https://tr.rbxcdn.com/30DAY-AvatarHeadshot-8A85553514DCE5532074DE8FCCDC76AD-Png/150/150/AvatarHeadshot/Png/noFilter', 'atagon', NULL, NULL, '2026-03-14 13:44:31.146792+00', '2026-03-14 13:44:31.146792+00', '2026-03-30 09:57:16.261+00'),
	('051a7c97-eb95-4137-a8e2-b9519d1bb2cf', 873807193, 'ip9s', 'https://tr.rbxcdn.com/30DAY-AvatarHeadshot-92D80040AC1B9F4FF3E7E2C4D0B356FD-Png/150/150/AvatarHeadshot/Png/noFilter', 'AnFoid', NULL, NULL, '2026-03-14 13:45:55.37332+00', '2026-03-14 13:45:55.37332+00', '2026-04-20 16:35:51.938+00'),
	('90c2edfc-3471-4cec-8ebd-3f0e588cabb1', 712984387, 'TW_jupiter', 'https://tr.rbxcdn.com/30DAY-AvatarHeadshot-E7E43CBC9DE9AED07AA92F50347F9CB6-Png/150/150/AvatarHeadshot/Png/noFilter', 'jupjup', NULL, NULL, '2026-03-14 13:44:34.858116+00', '2026-03-14 13:44:34.858116+00', '2026-03-30 09:57:16.853+00'),
	('bf425019-64e4-4e79-b5e9-a5d4839bde16', 1218635005, 'HardcoreStretch', 'https://tr.rbxcdn.com/30DAY-AvatarHeadshot-93D4E065DC0BE484F091A6EA3D247C21-Png/150/150/AvatarHeadshot/Png/noFilter', 'wYn', NULL, NULL, '2026-03-14 13:44:38.295935+00', '2026-03-14 13:44:38.295935+00', '2026-03-30 09:57:17.459+00'),
	('f316fa59-1512-4c2f-9bb0-1706efe75d37', 165251521, 'Wolf_ix', 'https://tr.rbxcdn.com/30DAY-AvatarHeadshot-ABB683B0FB7F456A965A335D6863A3B1-Png/150/150/AvatarHeadshot/Png/noFilter', '32cc', NULL, NULL, '2026-03-14 13:44:41.940734+00', '2026-03-14 13:44:41.940734+00', '2026-03-30 09:57:18.066+00'),
	('b5abed0d-a582-4c30-82e5-bd122c6449e1', 8526747659, 'Dawnour', 'https://tr.rbxcdn.com/30DAY-AvatarHeadshot-084CA68E214E84B08B2007C4C6B81E4B-Png/150/150/AvatarHeadshot/Png/noFilter', 'performativemale', NULL, NULL, '2026-03-14 13:44:46.395035+00', '2026-03-14 13:44:46.395035+00', '2026-03-30 09:57:18.677+00'),
	('32aacae7-4e64-49be-8ee7-b84e04e9a0da', 7995015920, 'idtested', 'https://tr.rbxcdn.com/30DAY-AvatarHeadshot-8F3AFFEFACBE4EA6795729B0DEC7E46B-Png/150/150/AvatarHeadshot/Png/noFilter', 'Kil', NULL, NULL, '2026-03-14 13:44:49.503484+00', '2026-03-14 13:44:49.503484+00', '2026-03-30 09:57:19.276+00'),
	('c5649fa7-67b5-4e98-b37a-f7fd333a222b', 1999875344, 'anh3_hoanqyzz', 'https://tr.rbxcdn.com/30DAY-AvatarHeadshot-0752C325274BB8AA609889EA308C0462-Png/150/150/AvatarHeadshot/Png/noFilter', 'CallMe_Anh3', NULL, NULL, '2026-03-14 13:44:53.285963+00', '2026-03-14 13:44:53.285963+00', '2026-03-30 09:57:19.888+00'),
	('c0883041-bd05-4561-877a-b05514abb612', 134644342, 'hvcz', 'https://tr.rbxcdn.com/30DAY-AvatarHeadshot-8E1CC649520783A90CAAE0A05F4FD43D-Png/150/150/AvatarHeadshot/Png/noFilter', 'hvcz', NULL, NULL, '2026-03-14 13:44:56.149004+00', '2026-03-14 13:44:56.149004+00', '2026-03-30 09:57:20.49+00'),
	('3c3ca4d1-79f4-4422-8206-247ea32306f4', 151540566, 'Moonblissaishi', 'https://tr.rbxcdn.com/30DAY-AvatarHeadshot-9C19C6188F3051BF9268F9D7F75F72F1-Png/150/150/AvatarHeadshot/Png/noFilter', 'MOON', NULL, NULL, '2026-03-14 13:44:10.686058+00', '2026-03-14 13:44:10.686058+00', '2026-03-30 09:57:21.098+00'),
	('bed68e28-cb9d-415b-87f3-9fade64c468b', 8737229494, 'Foncele', 'https://tr.rbxcdn.com/30DAY-AvatarHeadshot-AE5030EB704FCC384E18D590228F58F9-Png/150/150/AvatarHeadshot/Png/noFilter', 'Foncele', NULL, NULL, '2026-03-14 13:44:20.027649+00', '2026-03-14 13:44:20.027649+00', '2026-03-30 09:57:22.341+00'),
	('57969195-5d4c-4f17-be1d-7de4d74de1af', 3136341423, 'NOOB1987878787', 'https://tr.rbxcdn.com/30DAY-AvatarHeadshot-CE86207516FE201BBC4E52D7CD5A8D90-Png/150/150/AvatarHeadshot/Png/noFilter', 'BrianCarl', NULL, NULL, '2026-04-18 07:52:58.021835+00', '2026-04-18 07:52:58.021835+00', '2026-04-18 07:52:57.988+00'),
	('c2b09a8e-0797-450a-9dab-52f3ad7a5862', 722124893, 'coolpapdude', 'https://tr.rbxcdn.com/30DAY-AvatarHeadshot-1BD42768353704CE1A87BB91657B07A2-Png/150/150/AvatarHeadshot/Png/noFilter', 'bread', NULL, NULL, '2026-03-14 13:45:51.850456+00', '2026-03-14 13:45:51.850456+00', '2026-04-20 16:35:51.96+00'),
	('fa1c8b4b-8c32-49f9-bce2-b79dc469c70d', 51069990, 'sntMirage', 'https://tr.rbxcdn.com/30DAY-AvatarHeadshot-5EDA561F3F0B56CA308530956DEE9B44-Png/150/150/AvatarHeadshot/Png/noFilter', 'MIRAGE', NULL, NULL, '2026-03-14 13:44:16.013466+00', '2026-03-14 13:44:16.013466+00', '2026-03-30 09:57:21.736+00'),
	('add7efb1-39bf-4039-be74-b6f45d8d19fc', 8074636945, 'kiyunns', 'https://tr.rbxcdn.com/30DAY-AvatarHeadshot-09546ED602E2DD225395C3D8C8EE927D-Png/150/150/AvatarHeadshot/Png/noFilter', 'kixarye', NULL, NULL, '2026-03-14 13:36:49.640275+00', '2026-03-14 13:36:49.640275+00', '2026-03-22 15:36:23.875+00'),
	('5f71545b-50af-47f9-8c01-e56265ee6443', 10281969087, 'YasuoUWU0', 'https://tr.rbxcdn.com/30DAY-AvatarHeadshot-FA0F46C76CE330011F99EE1B7BC67DCA-Png/150/150/AvatarHeadshot/Png/noFilter', 'Ipavewayformysetters', NULL, NULL, '2026-03-14 13:36:57.018815+00', '2026-03-14 13:36:57.018815+00', '2026-03-22 15:36:24.481+00'),
	('e18c2ded-ef62-4f8d-ab5c-77d2b98935ac', 458478459, 'FadedSharky1', 'https://tr.rbxcdn.com/30DAY-AvatarHeadshot-1487D498DAD05DB448E999D3D1593128-Png/150/150/AvatarHeadshot/Png/noFilter', 'eclipse', NULL, NULL, '2026-03-14 13:37:06.902477+00', '2026-03-14 13:37:06.902477+00', '2026-03-22 15:36:25.079+00'),
	('380de467-4f50-40fd-b607-dc74ab257781', 7811604588, 'blankswept', 'https://tr.rbxcdn.com/30DAY-AvatarHeadshot-D493D94DD3C64655E7F8F7BD25541F7E-Png/150/150/AvatarHeadshot/Png/noFilter', 'Why', NULL, NULL, '2026-03-14 13:37:10.471319+00', '2026-03-14 13:37:10.471319+00', '2026-03-22 15:36:25.685+00'),
	('007500af-99ab-4b3f-ac47-37d9a640ba0c', 9311504880, 'TrivqxLoml', 'https://tr.rbxcdn.com/30DAY-AvatarHeadshot-EC450B98B7A815C2F97F646508AB495B-Png/150/150/AvatarHeadshot/Png/noFilter', 'AAHH', NULL, NULL, '2026-03-14 13:37:20.087892+00', '2026-03-14 13:37:20.087892+00', '2026-03-22 15:36:26.561+00'),
	('6bb870a9-5292-43e3-aa63-8aff69080f34', 9255266754, 'wjvvl', 'https://tr.rbxcdn.com/30DAY-AvatarHeadshot-DE9422E315DC0D79446D2A4596ECEF57-Png/150/150/AvatarHeadshot/Png/noFilter', 'jvvles', NULL, NULL, '2026-03-14 13:37:26.694403+00', '2026-03-14 13:37:26.694403+00', '2026-03-22 15:36:27.161+00'),
	('2ad4e76b-f33b-48e6-8c7f-7e667ff6aacf', 1942379516, 'IEatNaruto123', 'https://tr.rbxcdn.com/30DAY-AvatarHeadshot-8190975B8A85FDF5A1CA08956DAC4B36-Png/150/150/AvatarHeadshot/Png/noFilter', 'Bobby', NULL, NULL, '2026-03-14 13:36:41.736358+00', '2026-03-14 13:36:41.736358+00', '2026-03-22 15:36:27.779+00'),
	('f6290a64-471b-49c4-a27e-ab9b515c733e', 697032983, 'pigandjack', 'https://tr.rbxcdn.com/30DAY-AvatarHeadshot-06085FBD390EA378F18A6C6736045EBC-Png/150/150/AvatarHeadshot/Png/noFilter', 'Kmart_p', NULL, NULL, '2026-03-14 13:36:53.06446+00', '2026-03-14 13:36:53.06446+00', '2026-03-22 15:36:28.373+00'),
	('780f1cc8-69f1-43d8-b9e6-718c7e52f2f0', 70897540, 'HealthyProGamer', 'https://tr.rbxcdn.com/30DAY-AvatarHeadshot-37A91C3F08E3A41B3A1F275E6CE8D281-Png/150/150/AvatarHeadshot/Png/noFilter', 'noodler', NULL, NULL, '2026-03-14 13:37:00.205816+00', '2026-03-14 13:37:00.205816+00', '2026-03-22 15:36:28.974+00'),
	('129284ad-a59e-414a-a1af-da4f907c7d6d', 2251721567, 'soDrxko', 'https://tr.rbxcdn.com/30DAY-AvatarHeadshot-1C915155B2EF23A9194743CB69E1E646-Png/150/150/AvatarHeadshot/Png/noFilter', 'whats9plus10_21', NULL, NULL, '2026-03-14 13:37:03.634445+00', '2026-03-14 13:37:03.634445+00', '2026-03-22 15:36:29.575+00'),
	('941da0a9-8a08-4f22-9e32-abe2eef0ac9e', 1068784923, 'Taira_Xi', 'https://tr.rbxcdn.com/30DAY-AvatarHeadshot-8EF82A3209A540A4DFE577E6509665C5-Png/150/150/AvatarHeadshot/Png/noFilter', 'TairaXi', NULL, NULL, '2026-03-14 13:37:13.589255+00', '2026-03-14 13:37:13.589255+00', '2026-03-22 15:36:30.17+00'),
	('316f2a51-2a2c-4496-a0cd-dca897808afe', 631282, 'yyilanq', 'https://tr.rbxcdn.com/30DAY-AvatarHeadshot-9B408D2A2675A32563255372B46E77BD-Png/150/150/AvatarHeadshot/Png/noFilter', 'castoricee1haver', NULL, NULL, '2026-03-14 13:37:16.949952+00', '2026-03-14 13:37:16.949952+00', '2026-03-22 15:36:30.819+00'),
	('622e88c2-bd06-4dac-8102-0052a37a4d11', 142565985, 'personifiedlife', 'https://tr.rbxcdn.com/30DAY-AvatarHeadshot-7C096ED4027FE012853E72234941C03B-Png/150/150/AvatarHeadshot/Png/noFilter', 'foidsbefoiding', NULL, NULL, '2026-03-14 13:46:12.503209+00', '2026-03-14 13:46:12.503209+00', '2026-04-20 16:35:52.008+00'),
	('9bc1d521-4895-4ef3-8579-c37bdd794247', 702400476, 'nameisnotreal_lime', 'https://tr.rbxcdn.com/30DAY-AvatarHeadshot-404AA7B099FF6CB0375570BD5F52C8F3-Png/150/150/AvatarHeadshot/Png/noFilter', 'Bear', NULL, NULL, '2026-03-11 03:30:37.595059+00', '2026-03-11 03:30:37.595059+00', '2026-03-22 16:25:56.356+00'),
	('a29a8600-f015-4bcf-8b80-5a1454f0e529', 289495896, 'tyukimoki', 'https://tr.rbxcdn.com/30DAY-AvatarHeadshot-FEDBF1571E4F37F774006025199EB4B9-Png/150/150/AvatarHeadshot/Png/noFilter', 'tyukimoki', NULL, NULL, '2026-03-14 13:46:26.920178+00', '2026-03-14 13:46:26.920178+00', '2026-04-20 16:35:51.958+00'),
	('8400656a-b272-4d0b-be8b-6ed4d4245c50', 4372724500, 'Mogtify', 'https://tr.rbxcdn.com/30DAY-AvatarHeadshot-6116124CA70E77B36A899D49057D93D2-Png/150/150/AvatarHeadshot/Png/noFilter', 'Moggs', NULL, NULL, '2026-03-14 13:46:20.224456+00', '2026-03-14 13:46:20.224456+00', '2026-04-20 16:35:51.941+00'),
	('73493d43-73e8-4a8a-b63c-51a4909f8ba2', 4697675272, 'fongpong7', 'https://tr.rbxcdn.com/30DAY-AvatarHeadshot-F4074E8BF9AE916B189346F96B5DF4B3-Png/150/150/AvatarHeadshot/Png/noFilter', 'Mori', NULL, NULL, '2026-03-14 13:45:47.801751+00', '2026-03-14 13:45:47.801751+00', '2026-04-20 16:35:51.968+00'),
	('228a3c46-84a5-4c5e-b5d1-9ba37fcdfc49', 1500811500, 'mevaan8', 'https://tr.rbxcdn.com/30DAY-AvatarHeadshot-16B943E95EC3D5688D16C4C86032C815-Png/150/150/AvatarHeadshot/Png/noFilter', 'moon', NULL, NULL, '2026-03-10 06:38:39.28467+00', '2026-03-10 06:38:39.28467+00', '2026-03-24 15:10:07.753+00'),
	('49a28320-5137-454c-b2cf-fdc4ed7df890', 2633621234, 'Vandalexevalorant', 'https://tr.rbxcdn.com/30DAY-AvatarHeadshot-DE6D18C7C1E8DC301D5B024C0F747E39-Png/150/150/AvatarHeadshot/Png/noFilter', 'freudian', NULL, NULL, '2026-03-14 13:46:29.956572+00', '2026-03-14 13:46:29.956572+00', '2026-04-20 16:35:51.972+00'),
	('527bfff0-1ff5-46f3-8137-1c79283fd49e', 2860358569, 'onyxelion', 'https://tr.rbxcdn.com/30DAY-AvatarHeadshot-BCD6E8A006D475C0B8E0018F04275E33-Png/150/150/AvatarHeadshot/Png/noFilter', 'onyx', NULL, NULL, '2026-03-14 13:46:23.772372+00', '2026-03-14 13:46:23.772372+00', '2026-04-20 16:35:51.97+00'),
	('6675355c-09ff-4781-8ee0-cfbcd65829ca', 1533256068, 'DuperofboogaBooga12', 'https://tr.rbxcdn.com/30DAY-AvatarHeadshot-A71AA641C5FC6892053FD7A933D12C6A-Png/150/150/AvatarHeadshot/Png/noFilter', 'MateItsMon', NULL, NULL, '2026-03-14 13:45:59.796864+00', '2026-03-14 13:45:59.796864+00', '2026-04-20 16:35:51.944+00'),
	('d7390ad2-7de6-4b9b-9f07-f2a18164f073', 781756583, 'MeadowHills', 'https://tr.rbxcdn.com/30DAY-AvatarHeadshot-BE9D5A0A4E0517DCAA3ADD39052E2A83-Png/150/150/AvatarHeadshot/Png/noFilter', 'washuu', NULL, NULL, '2026-03-09 13:43:40.801465+00', '2026-03-09 13:43:40.801465+00', '2026-04-21 01:16:21.319+00'),
	('a44b1fea-bf45-451b-82ba-2895f86b5d7e', 5343657108, 'Guest10927266', 'https://tr.rbxcdn.com/30DAY-AvatarHeadshot-1FD93A99EBA7BB374282924E9E513D87-Png/150/150/AvatarHeadshot/Png/noFilter', 'kym', NULL, NULL, '2026-03-09 13:43:34.396371+00', '2026-03-09 13:43:34.396371+00', '2026-04-21 01:16:21.329+00'),
	('f832718c-c0f1-40b0-bac6-5179b0afb9e7', 120009563, 'Solomonelali', 'https://tr.rbxcdn.com/30DAY-AvatarHeadshot-F4A5403020CE878AC9329E5C68BAC5C8-Png/150/150/AvatarHeadshot/Png/noFilter', 'progamergirl123456', NULL, NULL, '2026-03-14 13:37:23.437476+00', '2026-03-14 13:37:23.437476+00', '2026-03-22 15:36:31.42+00'),
	('0ca8e8a9-1e0d-4bfa-97c3-2afca350ee2a', 7658208488, 'trungsolderbrother5', 'https://tr.rbxcdn.com/30DAY-AvatarHeadshot-4D09AD2117134FD3AE3C3A880107FD7A-Png/150/150/AvatarHeadshot/Png/noFilter', 'trungsolderbrother5', NULL, NULL, '2026-03-11 03:31:03.62726+00', '2026-03-11 03:31:03.62726+00', '2026-03-22 16:26:00.252+00'),
	('d526e7a4-0a7f-406d-aa51-d4b54ce3523d', 467405668, 'kambinggoreng321', 'https://tr.rbxcdn.com/30DAY-AvatarHeadshot-BC275DECBE1F53AA7437F617C20FE067-Png/150/150/AvatarHeadshot/Png/noFilter', 'kambinggoreng321', NULL, NULL, '2026-03-09 13:41:40.27409+00', '2026-03-09 13:41:40.27409+00', '2026-04-18 15:21:16.733+00'),
	('a0dbfbe9-dec7-4d76-8af6-339a23bad075', 2254081465, 'TacticalMango78', 'https://tr.rbxcdn.com/30DAY-AvatarHeadshot-6CD80C4B7C7D93AD7B98F8ABD9CA3A64-Png/150/150/AvatarHeadshot/Png/noFilter', 'Mango', NULL, NULL, '2026-03-14 13:46:16.095373+00', '2026-03-14 13:46:16.095373+00', '2026-04-20 16:35:52.218+00');


--
-- Data for Name: playoff_configs; Type: TABLE DATA; Schema: public; Owner: postgres
--

INSERT INTO "public"."playoff_configs" ("id", "name", "qualified_teams", "playin_teams", "elimination_type", "created_at") VALUES
	('c9c9b3a5-c41d-44c2-b142-1509da677bbe', 'Standard 20-team format', 12, 8, 'single', '2026-03-05 07:09:58.138302+00');


--
-- Data for Name: regions; Type: TABLE DATA; Schema: public; Owner: postgres
--

INSERT INTO "public"."regions" ("id", "code", "name") VALUES
	('2c8675a8-20fd-41de-b463-5496c4bdd031', 'AS', 'Asia and Oceania'),
	('c9008fc9-ebf1-4061-9147-cd24f4df3f23', 'NA', 'North America and South America'),
	('80b43d5d-cf4f-4e98-b161-48167815acb7', 'EU', 'Europe');


--
-- Data for Name: seasons; Type: TABLE DATA; Schema: public; Owner: postgres
--

INSERT INTO "public"."seasons" ("id", "region_id", "name", "slug", "theme", "start_date", "end_date", "is_active", "created_at", "updated_at", "playoff_config_id", "playoff_started", "playoff_completed", "weeks") VALUES
	('df9b04fe-29a1-4833-b377-bd6ef4ecc8b2', '2c8675a8-20fd-41de-b463-5496c4bdd031', 'Season 1', 'season-1', 'Universities', '2026-01-01 08:13:20+00', NULL, true, '2026-02-28 08:13:32+00', '2026-02-28 08:13:36+00', 'c9c9b3a5-c41d-44c2-b142-1509da677bbe', true, false, 5),
	('3767dce2-05ae-4fe0-aaa4-0d555b2f17c5', 'c9008fc9-ebf1-4061-9147-cd24f4df3f23', 'Season 1', 'season-1', 'Universities', '2026-02-01 02:27:06+00', NULL, true, '2026-03-03 02:27:14+00', '2026-03-03 02:27:15+00', 'c9c9b3a5-c41d-44c2-b142-1509da677bbe', false, false, 5);


--
-- Data for Name: teams; Type: TABLE DATA; Schema: public; Owner: postgres
--

INSERT INTO "public"."teams" ("id", "season_id", "name", "slug", "logo_url", "brick_number", "brick_color", "previous_team_id", "deleted_at", "created_at", "updated_at", "starting_lvr", "is_bye") VALUES
	('71fc4973-e0d6-4d87-97dc-7d010c069aef', 'df9b04fe-29a1-4833-b377-bd6ef4ecc8b2', 'Mapua', 'mapua', 'https://vugadarignzinrfhxbng.supabase.co/storage/v1/object/public/public-assets/teams/71fc4973-e0d6-4d87-97dc-7d010c069aef.png', 331, '#F54927', NULL, NULL, '2026-03-01 15:31:30.103943+00', '2026-03-01 15:31:30.103943+00', 100, false),
	('5e09b019-7325-4bb5-a2db-1f1dd5cf5a7f', 'df9b04fe-29a1-4833-b377-bd6ef4ecc8b2', 'Rakuzan', 'rakuzan', 'https://vugadarignzinrfhxbng.supabase.co/storage/v1/object/public/public-assets/teams/5e09b019-7325-4bb5-a2db-1f1dd5cf5a7f.png', 212, '#9FC3E9', NULL, NULL, '2026-03-01 15:31:48.962402+00', '2026-03-01 15:31:48.962402+00', 100, false),
	('d05fdbdf-d4d9-43b5-b3c1-78a81b31138b', 'df9b04fe-29a1-4833-b377-bd6ef4ecc8b2', 'Baldwin Wallace', 'baldwin-wallace', 'https://vugadarignzinrfhxbng.supabase.co/storage/v1/object/public/public-assets/teams/d05fdbdf-d4d9-43b5-b3c1-78a81b31138b.png', 44, '#FFE375', NULL, NULL, '2026-03-01 15:33:06.911545+00', '2026-03-01 15:33:06.911545+00', 100, false),
	('703c7299-2d5b-42a4-8b32-79241c01070c', 'df9b04fe-29a1-4833-b377-bd6ef4ecc8b2', 'Senshu University', 'senshu-university', 'https://vugadarignzinrfhxbng.supabase.co/storage/v1/object/public/public-assets/teams/703c7299-2d5b-42a4-8b32-79241c01070c.png', 116, '#55A5AE', NULL, NULL, '2026-03-05 07:53:04.405633+00', '2026-03-05 07:53:04.405633+00', 100, false),
	('35899d6c-813e-48a1-8f0e-34bc5d8a567a', 'df9b04fe-29a1-4833-b377-bd6ef4ecc8b2', 'POP', 'pop', 'https://vugadarignzinrfhxbng.supabase.co/storage/v1/object/public/public-assets/teams/35899d6c-813e-48a1-8f0e-34bc5d8a567a.png', 321, '#A75E9B', NULL, NULL, '2026-03-05 12:53:58.624966+00', '2026-03-05 12:53:58.624966+00', 100, false),
	('a932d1c5-fcf5-4331-92c9-b2805ce06b87', 'df9b04fe-29a1-4833-b377-bd6ef4ecc8b2', 'Southern California', 'southern-california', 'https://vugadarignzinrfhxbng.supabase.co/storage/v1/object/public/public-assets/teams/a932d1c5-fcf5-4331-92c9-b2805ce06b87.png', 331, '#FF5959', NULL, NULL, '2026-03-05 12:54:51.297685+00', '2026-03-05 12:54:51.297685+00', 100, false),
	('a512e347-a077-4aa2-a92c-2f0e991c0d65', 'df9b04fe-29a1-4833-b377-bd6ef4ecc8b2', 'Rin', 'rin', 'https://vugadarignzinrfhxbng.supabase.co/storage/v1/object/public/public-assets/teams/a512e347-a077-4aa2-a92c-2f0e991c0d65.png', 332, '#470000', NULL, NULL, '2026-03-05 12:55:32.659846+00', '2026-03-05 12:55:32.659846+00', 100, false),
	('9d938e02-c7bb-45d4-a41e-5d7ee30aea58', 'df9b04fe-29a1-4833-b377-bd6ef4ecc8b2', 'Chugoku Gakuen', 'chugoku-gakuen', 'https://vugadarignzinrfhxbng.supabase.co/storage/v1/object/public/public-assets/teams/9d938e02-c7bb-45d4-a41e-5d7ee30aea58.png', 1012, '#0041C2', NULL, NULL, '2026-03-05 12:57:05.079113+00', '2026-03-05 12:57:05.079113+00', 100, false),
	('9045442a-78f9-4849-b8e6-79ba9cda3dfb', 'df9b04fe-29a1-4833-b377-bd6ef4ecc8b2', 'Juniata College', 'juniata-college', 'https://vugadarignzinrfhxbng.supabase.co/storage/v1/object/public/public-assets/teams/9045442a-78f9-4849-b8e6-79ba9cda3dfb.png', 351, '#C5B358', NULL, NULL, '2026-03-05 12:57:34.969517+00', '2026-03-05 12:57:34.969517+00', 100, false),
	('3e710bf4-4f87-4562-b3f7-f611bbaf49f9', 'df9b04fe-29a1-4833-b377-bd6ef4ecc8b2', 'New Jeans', 'new-jeans', 'https://vugadarignzinrfhxbng.supabase.co/storage/v1/object/public/public-assets/teams/3e710bf4-4f87-4562-b3f7-f611bbaf49f9.webp', 1026, '#C3B1E1', NULL, NULL, '2026-03-06 00:44:47.692692+00', '2026-03-06 00:44:47.692692+00', 100, false),
	('8a4778cd-3d91-493d-b5f8-5db7bd20dd4a', 'df9b04fe-29a1-4833-b377-bd6ef4ecc8b2', 'Liberty University', 'liberty-university', 'https://vugadarignzinrfhxbng.supabase.co/storage/v1/object/public/public-assets/teams/8a4778cd-3d91-493d-b5f8-5db7bd20dd4a.webp', 143, '#CFEBF7', NULL, NULL, '2026-03-09 06:03:15.980566+00', '2026-03-09 06:03:15.980566+00', 100, false),
	('e965449c-cce3-4ea4-ac78-13765ad8b39b', 'df9b04fe-29a1-4833-b377-bd6ef4ecc8b2', 'Sacred Heart', 'sacred-heart', 'https://vugadarignzinrfhxbng.supabase.co/storage/v1/object/public/public-assets/teams/e965449c-cce3-4ea4-ac78-13765ad8b39b.webp', 21, '#EA4335', NULL, NULL, '2026-03-09 06:06:02.886788+00', '2026-03-09 06:06:02.886788+00', 100, false),
	('a743626a-f54f-4471-be1f-fb94708db317', 'df9b04fe-29a1-4833-b377-bd6ef4ecc8b2', 'Lynn', 'lynn', 'https://vugadarignzinrfhxbng.supabase.co/storage/v1/object/public/public-assets/teams/a743626a-f54f-4471-be1f-fb94708db317.webp', 105, '#FF8C00', NULL, NULL, '2026-03-09 06:08:47.381804+00', '2026-03-09 06:08:47.381804+00', 100, false),
	('310015ca-fca4-4aea-b6ff-5b6260671af3', 'df9b04fe-29a1-4833-b377-bd6ef4ecc8b2', 'Bikini Bottom', 'bikini-bottom', 'https://vugadarignzinrfhxbng.supabase.co/storage/v1/object/public/public-assets/teams/310015ca-fca4-4aea-b6ff-5b6260671af3.webp', 1013, '#2323FF', NULL, NULL, '2026-03-09 06:09:23.720982+00', '2026-03-09 06:09:23.720982+00', 100, false),
	('20d1191c-9e4a-4c57-9f2b-9201fef0f5f4', 'df9b04fe-29a1-4833-b377-bd6ef4ecc8b2', 'Genting Highland', 'genting-highland', 'https://vugadarignzinrfhxbng.supabase.co/storage/v1/object/public/public-assets/teams/20d1191c-9e4a-4c57-9f2b-9201fef0f5f4.webp', 1004, '#FF0000', NULL, NULL, '2026-03-09 06:09:44.118831+00', '2026-03-09 06:09:44.118831+00', 100, false),
	('7cde1c52-8c8f-4817-be9b-6ed423d200f6', 'df9b04fe-29a1-4833-b377-bd6ef4ecc8b2', 'Duke', 'duke', 'https://vugadarignzinrfhxbng.supabase.co/storage/v1/object/public/public-assets/teams/7cde1c52-8c8f-4817-be9b-6ed423d200f6.webp', 1003, '#435493', NULL, NULL, '2026-03-09 06:10:29.020055+00', '2026-03-09 06:10:29.020055+00', 100, false),
	('467a64d6-8686-44c0-854a-d96e2e9566bc', 'df9b04fe-29a1-4833-b377-bd6ef4ecc8b2', 'Pillow Princesses', 'pillow-princesses', 'https://vugadarignzinrfhxbng.supabase.co/storage/v1/object/public/public-assets/teams/467a64d6-8686-44c0-854a-d96e2e9566bc.webp', 22, '#C71585', NULL, NULL, '2026-03-09 06:10:55.068302+00', '2026-03-09 06:10:55.068302+00', 100, false),
	('3e074193-2a5f-4123-9db4-9c54591afed3', 'df9b04fe-29a1-4833-b377-bd6ef4ecc8b2', 'University of Philippines', 'university-of-philippines', 'https://vugadarignzinrfhxbng.supabase.co/storage/v1/object/public/public-assets/teams/3e074193-2a5f-4123-9db4-9c54591afed3.webp', 339, '#562424', NULL, NULL, '2026-03-09 06:12:07.805801+00', '2026-03-09 06:12:07.805801+00', 100, false),
	('9da197c7-e0f1-4b6b-8c28-87d070e1dcef', 'df9b04fe-29a1-4833-b377-bd6ef4ecc8b2', 'The Citadel', 'the-citadel', 'https://vugadarignzinrfhxbng.supabase.co/storage/v1/object/public/public-assets/teams/9da197c7-e0f1-4b6b-8c28-87d070e1dcef.webp', 43, '#ADD8E6', NULL, NULL, '2026-03-09 06:12:51.263272+00', '2026-03-09 06:12:51.263272+00', 100, false),
	('71cf4756-9037-4c6b-aa4b-9fa434d94abb', 'df9b04fe-29a1-4833-b377-bd6ef4ecc8b2', 'USC Trojans', 'usc-trojans', 'https://vugadarignzinrfhxbng.supabase.co/storage/v1/object/public/public-assets/teams/71cf4756-9037-4c6b-aa4b-9fa434d94abb.webp', 21, '#EE4B2B', NULL, NULL, '2026-03-09 06:13:13.29953+00', '2026-03-09 06:13:13.29953+00', 100, false),
	('bc0b94c1-24ce-4641-ad10-280d461751fd', 'df9b04fe-29a1-4833-b377-bd6ef4ecc8b2', 'ABG', 'abg', 'https://vugadarignzinrfhxbng.supabase.co/storage/v1/object/public/public-assets/teams/bc0b94c1-24ce-4641-ad10-280d461751fd_1773038388951.webp', 330, '#F57AE0', NULL, NULL, '2026-03-09 06:27:49.828056+00', '2026-03-09 06:27:49.828056+00', 100, false),
	('7d8de2d1-27ae-4e2f-a3ef-6199d11b7214', 'df9b04fe-29a1-4833-b377-bd6ef4ecc8b2', 'Yakuza', 'yakuza', 'https://vugadarignzinrfhxbng.supabase.co/storage/v1/object/public/public-assets/teams/7d8de2d1-27ae-4e2f-a3ef-6199d11b7214_1773039170079.webp', 27, '#707070', NULL, NULL, '2026-03-09 06:46:46.035403+00', '2026-03-09 06:46:46.035403+00', 100, false),
	('84a6b9a6-bf90-4b39-b3f0-a979736a7d64', 'df9b04fe-29a1-4833-b377-bd6ef4ecc8b2', 'Ponders', 'ponders', 'https://vugadarignzinrfhxbng.supabase.co/storage/v1/object/public/public-assets/teams/84a6b9a6-bf90-4b39-b3f0-a979736a7d64_1773039197244.webp', 104, '#7E31E2', NULL, NULL, '2026-03-09 06:46:05.952823+00', '2026-03-09 06:46:05.952823+00', 100, false),
	('825ef03c-091f-4564-8835-087031027f4f', 'df9b04fe-29a1-4833-b377-bd6ef4ecc8b2', 'K2', 'k2', 'https://vugadarignzinrfhxbng.supabase.co/storage/v1/object/public/public-assets/teams/825ef03c-091f-4564-8835-087031027f4f_1773039221279.webp', 26, '#17171B', NULL, NULL, '2026-03-09 06:47:41.001341+00', '2026-03-09 06:47:41.001341+00', 100, false),
	('b514c65c-374f-4cc0-965e-8245a3e285e1', 'df9b04fe-29a1-4833-b377-bd6ef4ecc8b2', 'BYE', '-', NULL, 0, '0', NULL, NULL, '2026-03-09 07:38:09.614357+00', '2026-03-09 07:38:09.614357+00', 0, true),
	('5e4979a4-d119-4b24-9d76-2ad7e234c744', 'df9b04fe-29a1-4833-b377-bd6ef4ecc8b2', 'Notre Dame', 'notre-dame', 'https://vugadarignzinrfhxbng.supabase.co/storage/v1/object/public/public-assets/teams/5e4979a4-d119-4b24-9d76-2ad7e234c744.png', 190, '#C89700', NULL, NULL, '2026-02-28 08:17:02.854488+00', '2026-02-28 08:17:02.854488+00', 100, false),
	('3b29ebcc-9d35-4f64-8db3-a847349c671e', 'df9b04fe-29a1-4833-b377-bd6ef4ecc8b2', 'Apollo', 'apollo', 'https://vugadarignzinrfhxbng.supabase.co/storage/v1/object/public/public-assets/teams/3b29ebcc-9d35-4f64-8db3-a847349c671e_1773042009473.webp', 24, '#F9D62E', NULL, NULL, '2026-03-09 06:47:58.13546+00', '2026-03-09 06:47:58.13546+00', 100, false),
	('858c56b2-833c-4d8e-8f25-6d7e66fd4114', 'df9b04fe-29a1-4833-b377-bd6ef4ecc8b2', 'Espada', 'espada', 'https://vugadarignzinrfhxbng.supabase.co/storage/v1/object/public/public-assets/teams/858c56b2-833c-4d8e-8f25-6d7e66fd4114_1773306140163.webp', 140, '#48494B', NULL, NULL, '2026-03-09 06:47:25.826794+00', '2026-03-09 06:47:25.826794+00', 100, false),
	('41e0c87b-5ddc-4b47-9ab8-0509f55498ea', 'df9b04fe-29a1-4833-b377-bd6ef4ecc8b2', 'Fukushima', 'fukushima', 'https://vugadarignzinrfhxbng.supabase.co/storage/v1/object/public/public-assets/teams/41e0c87b-5ddc-4b47-9ab8-0509f55498ea_1773114375726.webp', 11, '#68ABF2', NULL, NULL, '2026-03-09 06:45:47.093161+00', '2026-03-09 06:45:47.093161+00', 100, false),
	('ae9ce8a8-29de-48af-be5d-6b3c2f1636b7', 'df9b04fe-29a1-4833-b377-bd6ef4ecc8b2', 'Soju', 'soju', 'https://vugadarignzinrfhxbng.supabase.co/storage/v1/object/public/public-assets/teams/ae9ce8a8-29de-48af-be5d-6b3c2f1636b7_1773123758403.webp', 223, '#FFD1DF', NULL, NULL, '2026-03-09 06:46:26.414189+00', '2026-03-09 06:46:26.414189+00', 100, false);


--
-- Data for Name: matches; Type: TABLE DATA; Schema: public; Owner: postgres
--

INSERT INTO "public"."matches" ("id", "season_id", "home_team_id", "away_team_id", "scheduled_at", "week", "status", "match_type", "home_sets_won", "away_sets_won", "home_team_lvr", "away_team_lvr", "created_at", "updated_at", "match_mvp_player_id", "loser_mvp_player_id", "best_of", "is_forfeit") VALUES
	('c186066b-d957-40e6-b737-76b1f1515035', 'df9b04fe-29a1-4833-b377-bd6ef4ecc8b2', '20d1191c-9e4a-4c57-9f2b-9201fef0f5f4', '825ef03c-091f-4564-8835-087031027f4f', '2026-01-18 11:00:00+00', 1, 'completed', 'season', 0, 2, -7.72, 7.72, '2026-03-09 08:09:24.276546+00', '2026-03-09 08:09:24.276546+00', NULL, NULL, 3, false),
	('9a08640f-00ef-42fd-8ceb-a4e4a4ff9edf', 'df9b04fe-29a1-4833-b377-bd6ef4ecc8b2', '3e710bf4-4f87-4562-b3f7-f611bbaf49f9', 'ae9ce8a8-29de-48af-be5d-6b3c2f1636b7', '2026-01-17 13:00:00+00', 1, 'completed', 'season', 0, 2, -7.36, 7.36, '2026-03-09 08:09:24.276546+00', '2026-03-09 08:09:24.276546+00', NULL, NULL, 3, false),
	('f8630561-cd6e-4125-a98b-429eab75c202', 'df9b04fe-29a1-4833-b377-bd6ef4ecc8b2', '41e0c87b-5ddc-4b47-9ab8-0509f55498ea', '71fc4973-e0d6-4d87-97dc-7d010c069aef', '2026-01-17 12:00:00+00', 1, 'completed', 'season', 1, 2, -4.46, 4.46, '2026-03-09 08:09:24.276546+00', '2026-03-09 08:09:24.276546+00', NULL, NULL, 3, false),
	('52701763-76a1-4a9e-b734-2e05caf7495c', 'df9b04fe-29a1-4833-b377-bd6ef4ecc8b2', '84a6b9a6-bf90-4b39-b3f0-a979736a7d64', '5e4979a4-d119-4b24-9d76-2ad7e234c744', '2026-01-18 12:00:00+00', 1, 'completed', 'season', 0, 2, -7.42, 7.42, '2026-03-09 08:09:24.276546+00', '2026-03-09 08:09:24.276546+00', NULL, NULL, 3, false),
	('c92dfbd5-d6d9-4e81-9f18-80166e7be686', 'df9b04fe-29a1-4833-b377-bd6ef4ecc8b2', 'a512e347-a077-4aa2-a92c-2f0e991c0d65', '8a4778cd-3d91-493d-b5f8-5db7bd20dd4a', '2026-01-17 13:00:00+00', 1, 'completed', 'season', 2, 0, 7.24, -7.24, '2026-03-09 08:09:24.276546+00', '2026-03-09 08:09:24.276546+00', NULL, NULL, 3, false),
	('91427666-2875-4558-8de2-648ca3e62cff', 'df9b04fe-29a1-4833-b377-bd6ef4ecc8b2', 'd05fdbdf-d4d9-43b5-b3c1-78a81b31138b', 'bc0b94c1-24ce-4641-ad10-280d461751fd', '2026-01-17 12:00:00+00', 1, 'completed', 'season', 2, 0, 7.54, -7.54, '2026-03-09 08:09:24.276546+00', '2026-03-09 08:09:24.276546+00', NULL, NULL, 3, false),
	('d013f681-a69c-4df7-9e06-db110d4ce289', 'df9b04fe-29a1-4833-b377-bd6ef4ecc8b2', '5e09b019-7325-4bb5-a2db-1f1dd5cf5a7f', 'a743626a-f54f-4471-be1f-fb94708db317', '2026-01-17 12:00:00+00', 1, 'completed', 'season', 2, 0, 8.50, -8.50, '2026-03-09 08:09:24.276546+00', '2026-03-09 08:09:24.276546+00', NULL, NULL, 3, false),
	('1737abbd-2668-4781-963c-87ffc5cc76a8', 'df9b04fe-29a1-4833-b377-bd6ef4ecc8b2', 'a932d1c5-fcf5-4331-92c9-b2805ce06b87', '35899d6c-813e-48a1-8f0e-34bc5d8a567a', '2026-01-17 12:00:00+00', 1, 'completed', 'season', 1, 2, -3.86, 3.86, '2026-03-09 08:09:24.276546+00', '2026-03-09 08:09:24.276546+00', NULL, NULL, 3, false),
	('a486996b-c66d-4b7e-9ace-77eeb5bff7da', 'df9b04fe-29a1-4833-b377-bd6ef4ecc8b2', '703c7299-2d5b-42a4-8b32-79241c01070c', '9d938e02-c7bb-45d4-a41e-5d7ee30aea58', '2026-01-18 13:00:00+00', 1, 'completed', 'season', 2, 0, 7.96, -7.96, '2026-03-09 08:09:24.276546+00', '2026-03-09 08:09:24.276546+00', NULL, NULL, 3, false),
	('ab7a5386-4021-4d3f-b14c-69ffb34e4224', 'df9b04fe-29a1-4833-b377-bd6ef4ecc8b2', '9045442a-78f9-4849-b8e6-79ba9cda3dfb', '3e074193-2a5f-4123-9db4-9c54591afed3', '2026-01-17 13:00:00+00', 1, 'completed', 'season', 2, 1, 3.56, -3.56, '2026-03-09 08:09:24.276546+00', '2026-03-09 08:09:24.276546+00', NULL, NULL, 3, false),
	('8f63044b-42dc-40d9-9bc1-13b21cc72db3', 'df9b04fe-29a1-4833-b377-bd6ef4ecc8b2', '71cf4756-9037-4c6b-aa4b-9fa434d94abb', 'b514c65c-374f-4cc0-965e-8245a3e285e1', '2026-01-18 10:00:00+00', 1, 'completed', 'season', 2, 0, 5.00, -10.00, '2026-03-09 08:09:24.276546+00', '2026-03-09 08:09:24.276546+00', NULL, NULL, 3, true),
	('6e3bde09-48c4-4b94-a3f3-7caf949b460c', 'df9b04fe-29a1-4833-b377-bd6ef4ecc8b2', '3b29ebcc-9d35-4f64-8db3-a847349c671e', 'b514c65c-374f-4cc0-965e-8245a3e285e1', '2026-01-18 09:00:00+00', 1, 'completed', 'season', 2, 0, 5.00, -10.00, '2026-03-09 08:09:24.276546+00', '2026-03-09 08:09:24.276546+00', NULL, NULL, 3, true),
	('0f882383-ab24-43b1-a1ca-9054471df615', 'df9b04fe-29a1-4833-b377-bd6ef4ecc8b2', '467a64d6-8686-44c0-854a-d96e2e9566bc', 'b514c65c-374f-4cc0-965e-8245a3e285e1', '2026-01-19 10:00:00+00', 1, 'completed', 'season', 2, 0, 5.00, -10.00, '2026-03-09 08:09:24.276546+00', '2026-03-09 08:09:24.276546+00', NULL, NULL, 3, true),
	('d5b0d597-678d-4eec-9ca0-3f38a76cfe78', 'df9b04fe-29a1-4833-b377-bd6ef4ecc8b2', '7cde1c52-8c8f-4817-be9b-6ed423d200f6', '858c56b2-833c-4d8e-8f25-6d7e66fd4114', '2026-01-18 09:00:00+00', 1, 'completed', 'season', 0, 2, -7.54, 7.54, '2026-03-09 08:09:24.276546+00', '2026-03-09 08:09:24.276546+00', NULL, NULL, 3, false),
	('b980d49b-dde4-4ba3-be05-4d0277e88849', 'df9b04fe-29a1-4833-b377-bd6ef4ecc8b2', 'e965449c-cce3-4ea4-ac78-13765ad8b39b', 'b514c65c-374f-4cc0-965e-8245a3e285e1', '2026-01-18 10:00:00+00', 1, 'completed', 'season', 2, 0, 5.00, -10.00, '2026-03-09 08:09:24.276546+00', '2026-03-09 08:09:24.276546+00', NULL, NULL, 3, true),
	('07420ba4-b383-4bc1-8981-87bb8697c64e', 'df9b04fe-29a1-4833-b377-bd6ef4ecc8b2', '7d8de2d1-27ae-4e2f-a3ef-6199d11b7214', '9da197c7-e0f1-4b6b-8c28-87d070e1dcef', '2026-01-17 08:00:00+00', 1, 'completed', 'season', 0, 2, -8.14, 8.14, '2026-03-09 08:09:24.276546+00', '2026-03-09 08:09:24.276546+00', NULL, NULL, 3, false),
	('0ed9612f-b8e8-4624-bf46-468cdd7a3041', 'df9b04fe-29a1-4833-b377-bd6ef4ecc8b2', '9da197c7-e0f1-4b6b-8c28-87d070e1dcef', '467a64d6-8686-44c0-854a-d96e2e9566bc', '2026-01-25 09:00:00+00', 2, 'completed', 'season', 1, 2, -3.62, 3.62, '2026-03-09 08:09:24.276546+00', '2026-03-09 08:09:24.276546+00', NULL, NULL, 3, false),
	('78f2028c-edfc-436b-a2f7-b25473a42281', 'df9b04fe-29a1-4833-b377-bd6ef4ecc8b2', '3b29ebcc-9d35-4f64-8db3-a847349c671e', '858c56b2-833c-4d8e-8f25-6d7e66fd4114', '2026-01-25 10:00:00+00', 2, 'completed', 'season', 2, 0, 7.66, -7.66, '2026-03-09 08:09:24.276546+00', '2026-03-09 08:09:24.276546+00', NULL, NULL, 3, false),
	('c14674a4-b489-40fe-9d13-08b52f528618', 'df9b04fe-29a1-4833-b377-bd6ef4ecc8b2', 'e965449c-cce3-4ea4-ac78-13765ad8b39b', '71cf4756-9037-4c6b-aa4b-9fa434d94abb', '2026-01-26 10:00:00+00', 2, 'completed', 'season', 2, 0, 7.72, -7.72, '2026-03-09 08:09:24.276546+00', '2026-03-09 08:09:24.276546+00', NULL, NULL, 3, false),
	('fc65e5a4-54b5-4795-9d47-20572b4887e5', 'df9b04fe-29a1-4833-b377-bd6ef4ecc8b2', '310015ca-fca4-4aea-b6ff-5b6260671af3', '7d8de2d1-27ae-4e2f-a3ef-6199d11b7214', '2026-01-25 07:30:00+00', 2, 'completed', 'season', 1, 2, -3.56, 3.56, '2026-03-09 08:09:24.276546+00', '2026-03-09 08:09:24.276546+00', NULL, NULL, 3, false),
	('b67e814c-4be7-4df7-8352-39ef6a03cec1', 'df9b04fe-29a1-4833-b377-bd6ef4ecc8b2', 'b514c65c-374f-4cc0-965e-8245a3e285e1', '7cde1c52-8c8f-4817-be9b-6ed423d200f6', NULL, 2, 'completed', 'season', 0, 2, -10.00, 5.00, '2026-03-09 08:09:24.276546+00', '2026-03-09 08:09:24.276546+00', NULL, NULL, 3, true),
	('7aa550de-a12b-436a-868a-f7f7ca609ad1', 'df9b04fe-29a1-4833-b377-bd6ef4ecc8b2', 'a512e347-a077-4aa2-a92c-2f0e991c0d65', '5e09b019-7325-4bb5-a2db-1f1dd5cf5a7f', '2026-01-24 12:00:00+00', 2, 'completed', 'season', 0, 2, -10.00, 5.00, '2026-03-09 08:09:24.276546+00', '2026-03-09 08:09:24.276546+00', NULL, NULL, 3, true),
	('38d42e2e-f80a-4e58-854f-4f493bed2e32', 'df9b04fe-29a1-4833-b377-bd6ef4ecc8b2', '9045442a-78f9-4849-b8e6-79ba9cda3dfb', '35899d6c-813e-48a1-8f0e-34bc5d8a567a', '2026-01-23 11:00:00+00', 2, 'completed', 'season', 0, 2, -7.60, 7.60, '2026-03-09 08:09:24.276546+00', '2026-03-09 08:09:24.276546+00', NULL, NULL, 3, false),
	('af773e03-8249-48b8-a86a-1b0a3eab1b3c', 'df9b04fe-29a1-4833-b377-bd6ef4ecc8b2', '71fc4973-e0d6-4d87-97dc-7d010c069aef', '5e4979a4-d119-4b24-9d76-2ad7e234c744', '2026-01-24 12:00:00+00', 2, 'completed', 'season', 2, 1, 4.46, -4.46, '2026-03-09 08:09:24.276546+00', '2026-03-09 08:09:24.276546+00', NULL, NULL, 3, false),
	('3e03476f-2a06-471e-abc1-8545926d311f', 'df9b04fe-29a1-4833-b377-bd6ef4ecc8b2', 'd05fdbdf-d4d9-43b5-b3c1-78a81b31138b', '825ef03c-091f-4564-8835-087031027f4f', '2026-01-24 13:00:00+00', 2, 'completed', 'season', 2, 1, 3.44, -3.44, '2026-03-09 08:09:24.276546+00', '2026-03-09 08:09:24.276546+00', NULL, NULL, 3, false),
	('e52a0971-8bd2-44c0-b75c-4bb4cf9c1769', 'df9b04fe-29a1-4833-b377-bd6ef4ecc8b2', '703c7299-2d5b-42a4-8b32-79241c01070c', 'ae9ce8a8-29de-48af-be5d-6b3c2f1636b7', '2026-01-25 13:00:00+00', 2, 'completed', 'season', 0, 2, -7.96, 7.96, '2026-03-09 08:09:24.276546+00', '2026-03-09 08:09:24.276546+00', NULL, NULL, 3, false),
	('116b4a55-f259-4035-b2c5-4a769fc0fc84', 'df9b04fe-29a1-4833-b377-bd6ef4ecc8b2', '41e0c87b-5ddc-4b47-9ab8-0509f55498ea', 'bc0b94c1-24ce-4641-ad10-280d461751fd', '2026-01-24 12:45:00+00', 2, 'completed', 'season', 2, 0, 7.66, -7.66, '2026-03-09 08:09:24.276546+00', '2026-03-09 08:09:24.276546+00', NULL, NULL, 3, false),
	('189d5441-db33-4de6-aa67-653944353038', 'df9b04fe-29a1-4833-b377-bd6ef4ecc8b2', '8a4778cd-3d91-493d-b5f8-5db7bd20dd4a', '3e074193-2a5f-4123-9db4-9c54591afed3', '2026-01-24 12:30:00+00', 2, 'completed', 'season', 2, 0, 8.26, -8.26, '2026-03-09 08:09:24.276546+00', '2026-03-09 08:09:24.276546+00', NULL, NULL, 3, false),
	('ca4b5899-a6c4-4df0-b3fa-b66790201c2b', 'df9b04fe-29a1-4833-b377-bd6ef4ecc8b2', 'a932d1c5-fcf5-4331-92c9-b2805ce06b87', '9d938e02-c7bb-45d4-a41e-5d7ee30aea58', '2026-01-25 13:00:00+00', 2, 'completed', 'season', 2, 0, 8.26, -8.26, '2026-03-09 08:09:24.276546+00', '2026-03-09 08:09:24.276546+00', NULL, NULL, 3, false),
	('2de1d983-1ca6-492b-9d26-5032d038d71b', 'df9b04fe-29a1-4833-b377-bd6ef4ecc8b2', '3e710bf4-4f87-4562-b3f7-f611bbaf49f9', '20d1191c-9e4a-4c57-9f2b-9201fef0f5f4', '2026-01-24 13:30:00+00', 2, 'completed', 'season', 2, 1, 3.74, -3.74, '2026-03-09 08:09:24.276546+00', '2026-03-09 08:09:24.276546+00', NULL, NULL, 3, false),
	('b30afbaa-4539-4418-9201-8b03fcdaada3', 'df9b04fe-29a1-4833-b377-bd6ef4ecc8b2', 'a743626a-f54f-4471-be1f-fb94708db317', '84a6b9a6-bf90-4b39-b3f0-a979736a7d64', '2026-01-25 09:00:00+00', 2, 'completed', 'season', 0, 2, -7.36, 7.36, '2026-03-09 08:09:24.276546+00', '2026-03-09 08:09:24.276546+00', NULL, NULL, 3, false),
	('ae806bef-371e-4b97-9378-7862ee6899b9', 'df9b04fe-29a1-4833-b377-bd6ef4ecc8b2', '825ef03c-091f-4564-8835-087031027f4f', 'a743626a-f54f-4471-be1f-fb94708db317', '2026-01-31 09:00:00+00', 3, 'completed', 'season', 2, 0, 7.54, -7.54, '2026-03-09 08:09:24.276546+00', '2026-03-09 08:09:24.276546+00', NULL, NULL, 3, false),
	('97c1821e-0785-4a3c-a2e3-ae6070743926', 'df9b04fe-29a1-4833-b377-bd6ef4ecc8b2', '703c7299-2d5b-42a4-8b32-79241c01070c', 'bc0b94c1-24ce-4641-ad10-280d461751fd', '2026-02-01 13:00:00+00', 3, 'completed', 'season', 2, 0, 5.00, -10.00, '2026-03-09 08:09:24.276546+00', '2026-03-09 08:09:24.276546+00', NULL, NULL, 3, true),
	('26c5b478-3015-4a32-911d-45a6f2a58703', 'df9b04fe-29a1-4833-b377-bd6ef4ecc8b2', '20d1191c-9e4a-4c57-9f2b-9201fef0f5f4', '9d938e02-c7bb-45d4-a41e-5d7ee30aea58', '2026-01-31 13:00:00+00', 3, 'completed', 'season', 2, 0, 7.66, -7.66, '2026-03-09 08:09:24.276546+00', '2026-03-09 08:09:24.276546+00', NULL, NULL, 3, false),
	('830d1299-415d-4607-807c-9200d5ffa544', 'df9b04fe-29a1-4833-b377-bd6ef4ecc8b2', 'a512e347-a077-4aa2-a92c-2f0e991c0d65', '9045442a-78f9-4849-b8e6-79ba9cda3dfb', '2026-01-31 14:00:00+00', 3, 'completed', 'season', 2, 1, 3.80, -3.80, '2026-03-09 08:09:24.276546+00', '2026-03-09 08:09:24.276546+00', NULL, NULL, 3, false),
	('121aed30-1ac4-451a-a81f-c27ef69d0721', 'df9b04fe-29a1-4833-b377-bd6ef4ecc8b2', '5e4979a4-d119-4b24-9d76-2ad7e234c744', '3e074193-2a5f-4123-9db4-9c54591afed3', '2026-01-31 12:00:00+00', 3, 'completed', 'season', 2, 0, 9.22, -9.22, '2026-03-09 08:09:24.276546+00', '2026-03-09 08:09:24.276546+00', NULL, NULL, 3, false),
	('2df1fe5f-6654-464b-88a4-ffef54d2e40e', 'df9b04fe-29a1-4833-b377-bd6ef4ecc8b2', '84a6b9a6-bf90-4b39-b3f0-a979736a7d64', '71fc4973-e0d6-4d87-97dc-7d010c069aef', '2026-01-30 12:00:00+00', 3, 'completed', 'season', 2, 0, 5.00, -10.00, '2026-03-09 08:09:24.276546+00', '2026-03-09 08:09:24.276546+00', NULL, NULL, 3, true),
	('80e5af74-7d08-4ba8-8099-193e9e057229', 'df9b04fe-29a1-4833-b377-bd6ef4ecc8b2', 'a932d1c5-fcf5-4331-92c9-b2805ce06b87', '41e0c87b-5ddc-4b47-9ab8-0509f55498ea', '2026-02-03 12:00:00+00', 3, 'completed', 'season', 2, 1, 3.86, -3.86, '2026-03-09 08:09:24.276546+00', '2026-03-09 08:09:24.276546+00', NULL, NULL, 3, false),
	('d4f2563c-0833-44b7-a6ac-f06609718b08', 'df9b04fe-29a1-4833-b377-bd6ef4ecc8b2', '3e710bf4-4f87-4562-b3f7-f611bbaf49f9', '5e09b019-7325-4bb5-a2db-1f1dd5cf5a7f', '2026-02-01 12:00:00+00', 3, 'completed', 'season', 0, 2, -9.04, 9.04, '2026-03-09 08:09:24.276546+00', '2026-03-09 08:09:24.276546+00', NULL, NULL, 3, false),
	('4b145443-53c7-4133-94dd-a879149db9c4', 'df9b04fe-29a1-4833-b377-bd6ef4ecc8b2', '35899d6c-813e-48a1-8f0e-34bc5d8a567a', 'd05fdbdf-d4d9-43b5-b3c1-78a81b31138b', '2026-02-01 11:00:00+00', 3, 'completed', 'season', 1, 2, -4.04, 4.04, '2026-03-09 08:09:24.276546+00', '2026-03-09 08:09:24.276546+00', NULL, NULL, 3, false),
	('7be9ab6a-a062-446a-a3ad-e6456eb60ef8', 'df9b04fe-29a1-4833-b377-bd6ef4ecc8b2', 'ae9ce8a8-29de-48af-be5d-6b3c2f1636b7', '8a4778cd-3d91-493d-b5f8-5db7bd20dd4a', '2026-01-31 08:40:00+00', 3, 'completed', 'season', 0, 2, -7.42, 7.42, '2026-03-09 08:09:24.276546+00', '2026-03-09 08:09:24.276546+00', NULL, NULL, 3, false),
	('40b8f3e5-a2ad-4cdc-bde0-7e0346fd3967', 'df9b04fe-29a1-4833-b377-bd6ef4ecc8b2', 'e965449c-cce3-4ea4-ac78-13765ad8b39b', '467a64d6-8686-44c0-854a-d96e2e9566bc', '2026-02-01 10:00:00+00', 3, 'completed', 'season', 2, 0, 8.44, -8.44, '2026-03-09 08:09:24.276546+00', '2026-03-09 08:09:24.276546+00', NULL, NULL, 3, false),
	('b7771823-34a8-4a32-86c3-8bba53fff729', 'df9b04fe-29a1-4833-b377-bd6ef4ecc8b2', '9da197c7-e0f1-4b6b-8c28-87d070e1dcef', '3b29ebcc-9d35-4f64-8db3-a847349c671e', '2026-01-30 10:00:00+00', 3, 'completed', 'season', 2, 0, 8.14, -8.14, '2026-03-09 08:09:24.276546+00', '2026-03-09 08:09:24.276546+00', NULL, NULL, 3, false),
	('767fc050-403c-43aa-b057-7291899ee333', 'df9b04fe-29a1-4833-b377-bd6ef4ecc8b2', '7cde1c52-8c8f-4817-be9b-6ed423d200f6', '71cf4756-9037-4c6b-aa4b-9fa434d94abb', '2026-02-02 09:00:00+00', 3, 'completed', 'season', 0, 2, -7.30, 7.30, '2026-03-09 08:09:24.276546+00', '2026-03-09 08:09:24.276546+00', NULL, NULL, 3, false),
	('d511dfdc-8d00-478d-aeff-2b884cf8038d', 'df9b04fe-29a1-4833-b377-bd6ef4ecc8b2', '310015ca-fca4-4aea-b6ff-5b6260671af3', '858c56b2-833c-4d8e-8f25-6d7e66fd4114', '2026-01-30 06:00:00+00', 3, 'completed', 'season', 1, 2, -4.04, 4.04, '2026-03-09 08:09:24.276546+00', '2026-03-09 08:09:24.276546+00', NULL, NULL, 3, false),
	('0b9a0c28-428d-4867-a2f4-9f6450615512', 'df9b04fe-29a1-4833-b377-bd6ef4ecc8b2', '7d8de2d1-27ae-4e2f-a3ef-6199d11b7214', 'b514c65c-374f-4cc0-965e-8245a3e285e1', NULL, 3, 'completed', 'season', 2, 0, 5.00, -10.00, '2026-03-09 08:09:24.276546+00', '2026-03-09 08:09:24.276546+00', NULL, NULL, 3, true),
	('a026bb4e-b0f5-4665-9514-7ea000ff068c', 'df9b04fe-29a1-4833-b377-bd6ef4ecc8b2', 'e965449c-cce3-4ea4-ac78-13765ad8b39b', '9da197c7-e0f1-4b6b-8c28-87d070e1dcef', '2026-02-08 09:00:00+00', 4, 'completed', 'season', 2, 1, 3.74, -3.74, '2026-03-09 08:09:24.276546+00', '2026-03-09 08:09:24.276546+00', NULL, NULL, 3, false),
	('7aa0ca61-8a9b-4f72-a74d-ed95fa07342d', 'df9b04fe-29a1-4833-b377-bd6ef4ecc8b2', '71cf4756-9037-4c6b-aa4b-9fa434d94abb', '858c56b2-833c-4d8e-8f25-6d7e66fd4114', '2026-02-16 07:00:00+00', 4, 'completed', 'season', 2, 0, 8.20, -8.20, '2026-03-09 08:09:24.276546+00', '2026-03-09 08:09:24.276546+00', NULL, NULL, 3, false),
	('108cb8ec-687c-4769-86dc-20d9aae50144', 'df9b04fe-29a1-4833-b377-bd6ef4ecc8b2', '3b29ebcc-9d35-4f64-8db3-a847349c671e', '467a64d6-8686-44c0-854a-d96e2e9566bc', '2026-02-08 09:00:00+00', 4, 'completed', 'season', 0, 2, -7.72, 7.72, '2026-03-09 08:09:24.276546+00', '2026-03-09 08:09:24.276546+00', NULL, NULL, 3, false),
	('1cf8900e-aadf-4ca4-86aa-1db9459a3cf2', 'df9b04fe-29a1-4833-b377-bd6ef4ecc8b2', '7d8de2d1-27ae-4e2f-a3ef-6199d11b7214', '7cde1c52-8c8f-4817-be9b-6ed423d200f6', '2026-02-13 10:00:00+00', 4, 'completed', 'season', 0, 2, -7.48, 7.48, '2026-03-09 08:09:24.276546+00', '2026-03-09 08:09:24.276546+00', NULL, NULL, 3, false),
	('e10485e0-a7ba-418e-afc2-e1e629738e54', 'df9b04fe-29a1-4833-b377-bd6ef4ecc8b2', '310015ca-fca4-4aea-b6ff-5b6260671af3', 'b514c65c-374f-4cc0-965e-8245a3e285e1', NULL, 4, 'completed', 'season', 2, 0, 5.00, -10.00, '2026-03-09 08:09:24.276546+00', '2026-03-09 08:09:24.276546+00', NULL, NULL, 3, true),
	('24d571b4-fc6c-4b92-a0df-0ebb3e7657c9', 'df9b04fe-29a1-4833-b377-bd6ef4ecc8b2', '20d1191c-9e4a-4c57-9f2b-9201fef0f5f4', '703c7299-2d5b-42a4-8b32-79241c01070c', '2026-02-07 11:00:00+00', 4, 'completed', 'season', 1, 2, -3.62, 3.62, '2026-03-09 08:09:24.276546+00', '2026-03-09 08:09:24.276546+00', NULL, NULL, 3, false),
	('6719d23e-b4d4-4db1-a114-2d75a5d76b07', 'df9b04fe-29a1-4833-b377-bd6ef4ecc8b2', '825ef03c-091f-4564-8835-087031027f4f', '84a6b9a6-bf90-4b39-b3f0-a979736a7d64', '2026-02-07 10:00:00+00', 4, 'completed', 'season', 2, 1, 3.74, -3.74, '2026-03-09 08:09:24.276546+00', '2026-03-09 08:09:24.276546+00', NULL, NULL, 3, false),
	('db11b90a-0df4-4ed2-9de3-2895ddfc82f5', 'df9b04fe-29a1-4833-b377-bd6ef4ecc8b2', '8a4778cd-3d91-493d-b5f8-5db7bd20dd4a', '5e09b019-7325-4bb5-a2db-1f1dd5cf5a7f', '2026-02-07 12:00:00+00', 4, 'completed', 'season', 0, 2, -8.68, 8.68, '2026-03-09 08:09:24.276546+00', '2026-03-09 08:09:24.276546+00', NULL, NULL, 3, false),
	('850b179f-2568-49c2-be9f-d2e5c780117c', 'df9b04fe-29a1-4833-b377-bd6ef4ecc8b2', '5e4979a4-d119-4b24-9d76-2ad7e234c744', 'a512e347-a077-4aa2-a92c-2f0e991c0d65', '2026-02-07 12:00:00+00', 4, 'completed', 'season', 2, 0, 8.44, -8.44, '2026-03-09 08:09:24.276546+00', '2026-03-09 08:09:24.276546+00', NULL, NULL, 3, false),
	('eee158ee-c254-449b-820f-e3e8c260b609', 'df9b04fe-29a1-4833-b377-bd6ef4ecc8b2', 'd05fdbdf-d4d9-43b5-b3c1-78a81b31138b', 'a932d1c5-fcf5-4331-92c9-b2805ce06b87', '2026-02-08 12:00:00+00', 4, 'completed', 'season', 2, 1, 3.56, -3.56, '2026-03-09 08:09:24.276546+00', '2026-03-09 08:09:24.276546+00', NULL, NULL, 3, false),
	('55e30ae5-057b-4d6f-9bed-8de6a41916ab', 'df9b04fe-29a1-4833-b377-bd6ef4ecc8b2', '9d938e02-c7bb-45d4-a41e-5d7ee30aea58', '41e0c87b-5ddc-4b47-9ab8-0509f55498ea', '2026-02-07 11:00:00+00', 4, 'completed', 'season', 0, 2, -7.24, 7.24, '2026-03-09 08:09:24.276546+00', '2026-03-09 08:09:24.276546+00', NULL, NULL, 3, false),
	('f383659f-eeb5-4101-8ff3-913101437452', 'df9b04fe-29a1-4833-b377-bd6ef4ecc8b2', '71fc4973-e0d6-4d87-97dc-7d010c069aef', 'ae9ce8a8-29de-48af-be5d-6b3c2f1636b7', '2026-02-07 12:00:00+00', 4, 'completed', 'season', 2, 0, 8.20, -8.20, '2026-03-09 08:09:24.276546+00', '2026-03-09 08:09:24.276546+00', NULL, NULL, 3, false),
	('6ec87dc1-9e4e-4ebf-8e68-b018ed77c806', 'df9b04fe-29a1-4833-b377-bd6ef4ecc8b2', 'a743626a-f54f-4471-be1f-fb94708db317', '9045442a-78f9-4849-b8e6-79ba9cda3dfb', '2026-02-07 13:00:00+00', 4, 'completed', 'season', 2, 0, 7.78, -7.78, '2026-03-09 08:09:24.276546+00', '2026-03-09 08:09:24.276546+00', NULL, NULL, 3, false),
	('ff0ef5b0-5196-43ae-be9b-194d312698d1', 'df9b04fe-29a1-4833-b377-bd6ef4ecc8b2', '3e074193-2a5f-4123-9db4-9c54591afed3', '35899d6c-813e-48a1-8f0e-34bc5d8a567a', '2026-02-08 11:00:00+00', 4, 'completed', 'season', 1, 2, -3.68, 3.68, '2026-03-09 08:09:24.276546+00', '2026-03-09 08:09:24.276546+00', NULL, NULL, 3, false),
	('cfb9a00f-1245-477c-a07b-c75a46df5b8a', 'df9b04fe-29a1-4833-b377-bd6ef4ecc8b2', 'bc0b94c1-24ce-4641-ad10-280d461751fd', '3e710bf4-4f87-4562-b3f7-f611bbaf49f9', '2026-02-08 13:00:00+00', 4, 'completed', 'season', 2, 1, 3.62, -3.62, '2026-03-09 08:09:24.276546+00', '2026-03-09 08:09:24.276546+00', NULL, NULL, 3, false),
	('c9e34bc7-340a-4592-b493-bd8676ef85bb', 'df9b04fe-29a1-4833-b377-bd6ef4ecc8b2', 'ae9ce8a8-29de-48af-be5d-6b3c2f1636b7', 'a512e347-a077-4aa2-a92c-2f0e991c0d65', '2026-02-21 14:00:00+00', 5, 'completed', 'season', 2, 1, 4.22, -4.22, '2026-03-09 08:09:24.276546+00', '2026-03-09 08:09:24.276546+00', NULL, NULL, 3, false),
	('b2bb50df-b06b-494b-aca1-251787738927', 'df9b04fe-29a1-4833-b377-bd6ef4ecc8b2', '84a6b9a6-bf90-4b39-b3f0-a979736a7d64', '3e710bf4-4f87-4562-b3f7-f611bbaf49f9', '2026-02-21 10:00:00+00', 5, 'completed', 'season', 2, 0, 5.00, -10.00, '2026-03-09 08:09:24.276546+00', '2026-03-09 08:09:24.276546+00', NULL, NULL, 3, true),
	('29931d88-a7a1-4399-8efd-835adab18caa', 'df9b04fe-29a1-4833-b377-bd6ef4ecc8b2', '8a4778cd-3d91-493d-b5f8-5db7bd20dd4a', '9045442a-78f9-4849-b8e6-79ba9cda3dfb', '2026-02-21 12:00:00+00', 5, 'completed', 'season', 2, 0, 7.54, -7.54, '2026-03-09 08:09:24.276546+00', '2026-03-09 08:09:24.276546+00', NULL, NULL, 3, false),
	('3cc4cef0-d6e1-45b5-b627-aee07c1c1b97', 'df9b04fe-29a1-4833-b377-bd6ef4ecc8b2', '9d938e02-c7bb-45d4-a41e-5d7ee30aea58', '3e074193-2a5f-4123-9db4-9c54591afed3', '2026-02-21 13:00:00+00', 5, 'completed', 'season', 2, 0, 5.00, -10.00, '2026-03-09 08:09:24.276546+00', '2026-03-09 08:09:24.276546+00', NULL, NULL, 3, true),
	('782808e5-c6a4-41b1-a265-0a5dcd57bb98', 'df9b04fe-29a1-4833-b377-bd6ef4ecc8b2', '20d1191c-9e4a-4c57-9f2b-9201fef0f5f4', 'a932d1c5-fcf5-4331-92c9-b2805ce06b87', '2026-02-21 13:00:00+00', 5, 'completed', 'season', 1, 2, -4.28, 4.28, '2026-03-09 08:09:24.276546+00', '2026-03-09 08:09:24.276546+00', NULL, NULL, 3, false),
	('60f46597-f35e-4592-802e-a311f0ccfab0', 'df9b04fe-29a1-4833-b377-bd6ef4ecc8b2', 'bc0b94c1-24ce-4641-ad10-280d461751fd', 'a743626a-f54f-4471-be1f-fb94708db317', '2026-02-21 09:00:00+00', 5, 'completed', 'season', 2, 1, 4.22, -4.22, '2026-03-09 08:09:24.276546+00', '2026-03-09 08:09:24.276546+00', NULL, NULL, 3, false),
	('ede5b1a6-edbf-4b3a-be71-2e6fafbf278f', 'df9b04fe-29a1-4833-b377-bd6ef4ecc8b2', '5e4979a4-d119-4b24-9d76-2ad7e234c744', 'd05fdbdf-d4d9-43b5-b3c1-78a81b31138b', '2026-02-22 11:30:00+00', 5, 'completed', 'season', 2, 0, 7.90, -7.90, '2026-03-09 08:09:24.276546+00', '2026-03-09 08:09:24.276546+00', NULL, NULL, 3, false),
	('c5afc2f0-faa7-4f8f-9412-451b85f538aa', 'df9b04fe-29a1-4833-b377-bd6ef4ecc8b2', '41e0c87b-5ddc-4b47-9ab8-0509f55498ea', '5e09b019-7325-4bb5-a2db-1f1dd5cf5a7f', '2026-02-21 12:00:00+00', 5, 'completed', 'season', 0, 2, -7.60, 7.60, '2026-03-09 08:09:24.276546+00', '2026-03-09 08:09:24.276546+00', NULL, NULL, 3, false),
	('1bb55dfe-7ab4-4c44-9d03-8bb37eddff7b', 'df9b04fe-29a1-4833-b377-bd6ef4ecc8b2', '825ef03c-091f-4564-8835-087031027f4f', '71fc4973-e0d6-4d87-97dc-7d010c069aef', '2026-02-21 13:00:00+00', 5, 'completed', 'season', 0, 2, -8.14, 8.14, '2026-03-09 08:09:24.276546+00', '2026-03-09 08:09:24.276546+00', NULL, NULL, 3, false),
	('642816fd-5d43-4aad-8914-f2a8b43cfdd0', 'df9b04fe-29a1-4833-b377-bd6ef4ecc8b2', '35899d6c-813e-48a1-8f0e-34bc5d8a567a', '703c7299-2d5b-42a4-8b32-79241c01070c', '2026-02-22 12:30:00+00', 5, 'completed', 'season', 2, 0, 7.72, -7.72, '2026-03-09 08:09:24.276546+00', '2026-03-09 08:09:24.276546+00', NULL, NULL, 3, false),
	('df562b92-b0c3-4aed-9dc1-ad7c008b4547', 'df9b04fe-29a1-4833-b377-bd6ef4ecc8b2', 'e965449c-cce3-4ea4-ac78-13765ad8b39b', '7d8de2d1-27ae-4e2f-a3ef-6199d11b7214', '2026-02-28 08:00:00+00', 5, 'completed', 'season', 0, 2, -7.66, 7.66, '2026-03-09 08:09:24.276546+00', '2026-03-09 08:09:24.276546+00', NULL, NULL, 3, false),
	('393f83b6-4c64-4a98-9dfe-68e96aea22a9', 'df9b04fe-29a1-4833-b377-bd6ef4ecc8b2', '71cf4756-9037-4c6b-aa4b-9fa434d94abb', '467a64d6-8686-44c0-854a-d96e2e9566bc', '2026-02-27 09:30:00+00', 5, 'completed', 'season', 2, 1, 3.62, -3.62, '2026-03-09 08:09:24.276546+00', '2026-03-09 08:09:24.276546+00', NULL, NULL, 3, false),
	('6fd96e10-6c36-43ca-801d-517917dfa2f4', 'df9b04fe-29a1-4833-b377-bd6ef4ecc8b2', '9da197c7-e0f1-4b6b-8c28-87d070e1dcef', '858c56b2-833c-4d8e-8f25-6d7e66fd4114', '2026-02-22 05:30:00+00', 5, 'completed', 'season', 2, 0, 5.00, -10.00, '2026-03-09 08:09:24.276546+00', '2026-03-09 08:09:24.276546+00', NULL, NULL, 3, true),
	('223bd382-2eef-404f-864f-2286dd5fdc78', 'df9b04fe-29a1-4833-b377-bd6ef4ecc8b2', '7cde1c52-8c8f-4817-be9b-6ed423d200f6', '310015ca-fca4-4aea-b6ff-5b6260671af3', '2026-02-21 09:00:00+00', 5, 'completed', 'season', 2, 0, 7.96, -7.96, '2026-03-09 08:09:24.276546+00', '2026-03-09 08:09:24.276546+00', NULL, NULL, 3, false),
	('88745624-2816-4e52-9490-b9bb598a93ba', 'df9b04fe-29a1-4833-b377-bd6ef4ecc8b2', '3b29ebcc-9d35-4f64-8db3-a847349c671e', 'b514c65c-374f-4cc0-965e-8245a3e285e1', NULL, 5, 'completed', 'season', 2, 0, 10.00, -10.00, '2026-03-09 08:09:24.276546+00', '2026-03-09 08:09:24.276546+00', NULL, NULL, 3, true),
	('2d9c88b8-d485-4bd3-a55e-708f0a341956', 'df9b04fe-29a1-4833-b377-bd6ef4ecc8b2', '5e09b019-7325-4bb5-a2db-1f1dd5cf5a7f', 'ae9ce8a8-29de-48af-be5d-6b3c2f1636b7', '2026-03-15 12:00:00+00', 2, 'completed', 'playoffs', 2, 0, NULL, NULL, '2026-03-22 16:02:51.445671+00', '2026-03-22 16:02:51.445671+00', NULL, NULL, 3, false),
	('49aa8175-282c-4a8c-8a5e-6d371ed12527', 'df9b04fe-29a1-4833-b377-bd6ef4ecc8b2', '5e4979a4-d119-4b24-9d76-2ad7e234c744', '467a64d6-8686-44c0-854a-d96e2e9566bc', '2026-03-15 11:00:00+00', 2, 'completed', 'playoffs', 2, 0, NULL, NULL, '2026-03-22 16:02:51.445671+00', '2026-03-22 16:02:51.445671+00', NULL, NULL, 3, true),
	('6e21d9c5-b443-4db7-ade2-e65c919b8764', 'df9b04fe-29a1-4833-b377-bd6ef4ecc8b2', '35899d6c-813e-48a1-8f0e-34bc5d8a567a', '7cde1c52-8c8f-4817-be9b-6ed423d200f6', '2026-03-14 12:00:00+00', 2, 'completed', 'playoffs', 0, 2, NULL, NULL, '2026-03-22 16:02:51.445671+00', '2026-03-22 16:02:51.445671+00', NULL, NULL, 3, false),
	('4bb1a05b-7d7e-4e9c-b9a8-327877b8c285', 'df9b04fe-29a1-4833-b377-bd6ef4ecc8b2', 'e965449c-cce3-4ea4-ac78-13765ad8b39b', '310015ca-fca4-4aea-b6ff-5b6260671af3', '2026-03-07 07:00:00+00', 2, 'completed', 'playoffs', 0, 2, NULL, NULL, '2026-03-22 16:02:51.445671+00', '2026-03-22 16:02:51.445671+00', NULL, NULL, 3, true),
	('cc233a2b-9fdf-47c2-870b-8d13252d8c78', 'df9b04fe-29a1-4833-b377-bd6ef4ecc8b2', '71cf4756-9037-4c6b-aa4b-9fa434d94abb', '3b29ebcc-9d35-4f64-8db3-a847349c671e', '2026-03-06 09:30:00+00', 2, 'completed', 'playoffs', 0, 2, NULL, NULL, '2026-03-22 16:02:51.445671+00', '2026-03-22 16:02:51.445671+00', NULL, NULL, 3, false),
	('e8d90f8b-1c5d-47f9-8a8e-33320fa73c91', 'df9b04fe-29a1-4833-b377-bd6ef4ecc8b2', '9da197c7-e0f1-4b6b-8c28-87d070e1dcef', '825ef03c-091f-4564-8835-087031027f4f', '2026-03-14 12:00:00+00', 2, 'completed', 'playoffs', 0, 2, NULL, NULL, '2026-03-22 16:02:51.445671+00', '2026-03-22 16:02:51.445671+00', NULL, NULL, 3, true),
	('75ab8bd6-2571-43f1-9ca8-271f8eb0a631', 'df9b04fe-29a1-4833-b377-bd6ef4ecc8b2', 'd05fdbdf-d4d9-43b5-b3c1-78a81b31138b', 'a932d1c5-fcf5-4331-92c9-b2805ce06b87', '2026-03-15 13:00:00+00', 2, 'completed', 'playoffs', 2, 0, NULL, NULL, '2026-03-22 16:02:51.445671+00', '2026-03-22 16:02:51.445671+00', NULL, NULL, 3, false),
	('281b24cf-af4b-454d-ae61-809bcf242a55', 'df9b04fe-29a1-4833-b377-bd6ef4ecc8b2', '5e09b019-7325-4bb5-a2db-1f1dd5cf5a7f', 'd05fdbdf-d4d9-43b5-b3c1-78a81b31138b', '2026-03-22 12:00:00+00', 3, 'completed', 'playoffs', 2, 1, NULL, NULL, '2026-03-22 16:02:51.445671+00', '2026-03-22 16:02:51.445671+00', NULL, NULL, 3, false),
	('de5182be-3472-4939-8d0c-2426df9893d7', 'df9b04fe-29a1-4833-b377-bd6ef4ecc8b2', '7cde1c52-8c8f-4817-be9b-6ed423d200f6', '71fc4973-e0d6-4d87-97dc-7d010c069aef', '2026-03-21 11:00:00+00', 3, 'completed', 'playoffs', 0, 2, NULL, NULL, '2026-03-22 16:02:51.445671+00', '2026-03-22 16:02:51.445671+00', NULL, NULL, 3, false),
	('4bbb4c06-cfea-475e-b518-8c118665a74f', 'df9b04fe-29a1-4833-b377-bd6ef4ecc8b2', '5e4979a4-d119-4b24-9d76-2ad7e234c744', '825ef03c-091f-4564-8835-087031027f4f', '2026-03-29 12:30:00+00', 3, 'completed', 'playoffs', 2, 0, NULL, NULL, '2026-03-22 16:02:51.445671+00', '2026-03-22 16:02:51.445671+00', NULL, NULL, 3, false),
	('2158a6c5-dadb-4311-bf69-bee5eb4019f1', 'df9b04fe-29a1-4833-b377-bd6ef4ecc8b2', '310015ca-fca4-4aea-b6ff-5b6260671af3', '3b29ebcc-9d35-4f64-8db3-a847349c671e', '2026-03-28 08:00:00+00', 3, 'completed', 'playoffs', 1, 2, NULL, NULL, '2026-03-22 16:02:51.445671+00', '2026-03-22 16:02:51.445671+00', NULL, NULL, 3, false),
	('d67a8a51-dec0-48d0-86b1-6b07ebbc2c1a', 'df9b04fe-29a1-4833-b377-bd6ef4ecc8b2', '5e4979a4-d119-4b24-9d76-2ad7e234c744', '71fc4973-e0d6-4d87-97dc-7d010c069aef', '2026-04-04 09:00:00+00', 4, 'completed', 'playoffs', 0, 3, NULL, NULL, '2026-03-22 16:02:51.445671+00', '2026-03-22 16:02:51.445671+00', NULL, NULL, 5, false),
	('05052ece-2c9a-4b54-8994-a1bffc16fcea', 'df9b04fe-29a1-4833-b377-bd6ef4ecc8b2', '5e09b019-7325-4bb5-a2db-1f1dd5cf5a7f', '3b29ebcc-9d35-4f64-8db3-a847349c671e', '2026-04-04 12:00:00+00', 4, 'completed', 'playoffs', 2, 3, NULL, NULL, '2026-03-22 16:02:51.445671+00', '2026-03-22 16:02:51.445671+00', NULL, NULL, 5, false),
	('5e8176ec-ce1a-499e-a339-5587e31f3e24', 'df9b04fe-29a1-4833-b377-bd6ef4ecc8b2', '5e09b019-7325-4bb5-a2db-1f1dd5cf5a7f', '5e4979a4-d119-4b24-9d76-2ad7e234c744', '2026-04-11 13:00:00+00', 5, 'completed', 'playoffs', 3, 2, NULL, NULL, '2026-03-22 16:02:51.445671+00', '2026-03-22 16:02:51.445671+00', NULL, NULL, 5, false),
	('5b54eda8-c51e-4bee-8744-3db02c0a5cc1', 'df9b04fe-29a1-4833-b377-bd6ef4ecc8b2', '84a6b9a6-bf90-4b39-b3f0-a979736a7d64', '310015ca-fca4-4aea-b6ff-5b6260671af3', '2026-03-01 08:00:00+00', 1, 'completed', 'playoffs', 0, 2, NULL, NULL, '2026-03-22 16:02:51.445671+00', '2026-03-22 16:02:51.445671+00', NULL, NULL, 3, false),
	('88fb74cb-dd7e-4815-b09d-3332220f9347', 'df9b04fe-29a1-4833-b377-bd6ef4ecc8b2', '7cde1c52-8c8f-4817-be9b-6ed423d200f6', '41e0c87b-5ddc-4b47-9ab8-0509f55498ea', '2026-03-07 12:00:00+00', 1, 'completed', 'playoffs', 2, 1, NULL, NULL, '2026-03-22 16:02:51.445671+00', '2026-03-22 16:02:51.445671+00', NULL, NULL, 3, false),
	('2e3c27e5-521f-4301-aa0c-b890f1a4c095', 'df9b04fe-29a1-4833-b377-bd6ef4ecc8b2', '467a64d6-8686-44c0-854a-d96e2e9566bc', '7d8de2d1-27ae-4e2f-a3ef-6199d11b7214', '2026-03-06 10:30:00+00', 1, 'completed', 'playoffs', 2, 0, NULL, NULL, '2026-03-22 16:02:51.445671+00', '2026-03-22 16:02:51.445671+00', NULL, NULL, 3, false),
	('a8e3dbb0-4f4b-4c79-892d-7e01efdfe42d', 'df9b04fe-29a1-4833-b377-bd6ef4ecc8b2', '71fc4973-e0d6-4d87-97dc-7d010c069aef', '8a4778cd-3d91-493d-b5f8-5db7bd20dd4a', '2026-03-14 12:00:00+00', 2, 'completed', 'playoffs', 2, 0, NULL, NULL, '2026-03-22 16:02:51.445671+00', '2026-03-22 16:02:51.445671+00', NULL, NULL, 3, true),
	('c80edf63-7e4f-41bd-bce6-e0fe2e87ed12', 'df9b04fe-29a1-4833-b377-bd6ef4ecc8b2', '3b29ebcc-9d35-4f64-8db3-a847349c671e', '71fc4973-e0d6-4d87-97dc-7d010c069aef', '2026-04-11 09:00:00+00', 5, 'completed', 'playoffs', 2, 3, NULL, NULL, '2026-03-22 16:02:51.445671+00', '2026-03-22 16:02:51.445671+00', NULL, NULL, 5, false),
	('34df5ce3-8f50-4b53-bfa6-ba89c360c6db', 'df9b04fe-29a1-4833-b377-bd6ef4ecc8b2', 'ae9ce8a8-29de-48af-be5d-6b3c2f1636b7', '703c7299-2d5b-42a4-8b32-79241c01070c', '2026-03-08 12:00:00+00', 1, 'completed', 'playoffs', 2, 1, NULL, NULL, '2026-03-22 16:02:51.445671+00', '2026-03-22 16:02:51.445671+00', NULL, NULL, 3, false);


--
-- Data for Name: officials; Type: TABLE DATA; Schema: public; Owner: postgres
--

INSERT INTO "public"."officials" ("id", "roblox_user_id", "created_at", "updated_at", "username", "avatar_url", "last_synced_at", "display_name") VALUES
	('b3aef2b2-eeaf-4958-8831-9609a1dc46b6', 97046632, '2026-03-09 08:45:55.425347+00', '2026-03-22 16:28:42.675084+00', 'NinjaOfFireIceEarth', 'https://tr.rbxcdn.com/30DAY-AvatarHeadshot-819C71E0AE31AA23F15B02D79285BA17-Png/150/150/AvatarHeadshot/Png/noFilter', '2026-03-22 16:28:42.496+00', 'eyp'),
	('2f6d4226-faec-48e4-8ffd-13dd74878011', 120009563, '2026-03-09 08:46:14.684072+00', '2026-03-22 16:28:47.534662+00', 'Solomonelali', 'https://tr.rbxcdn.com/30DAY-AvatarHeadshot-F4A5403020CE878AC9329E5C68BAC5C8-Png/150/150/AvatarHeadshot/Png/noFilter', '2026-03-22 16:28:47.353+00', 'progamergirl123456'),
	('ad709d51-0def-40d3-b2e7-efdc709d0f54', 8074636945, '2026-03-09 08:46:23.396541+00', '2026-03-22 16:28:52.421445+00', 'kiyunns', 'https://tr.rbxcdn.com/30DAY-AvatarHeadshot-09546ED602E2DD225395C3D8C8EE927D-Png/150/150/AvatarHeadshot/Png/noFilter', '2026-03-22 16:28:52.248+00', 'kixarye'),
	('766adc6f-9e68-4fdf-9f81-39dd62e4e26d', 8646337020, '2026-03-15 16:00:56.191887+00', '2026-03-22 16:29:56.992273+00', 'BumNoob123456', 'https://tr.rbxcdn.com/30DAY-AvatarHeadshot-AB49904E197B8AAD1593CA37027900DB-Png/150/150/AvatarHeadshot/Png/noFilter', '2026-03-22 16:29:56.813+00', 'Ipavewayformyspikers'),
	('e9ddc0c6-7327-4246-a3e5-4a31a82dd974', 1049710421, '2026-03-03 07:51:55.65799+00', '2026-03-22 16:23:05.857192+00', 'Ardmair', 'https://tr.rbxcdn.com/30DAY-AvatarHeadshot-9A0A42FDD512E2D5A46A6257C2BFB7E1-Png/150/150/AvatarHeadshot/Png/noFilter', '2026-03-22 16:23:05.687+00', 'ard'),
	('7a014a57-af9d-4afe-82b9-c59ce0ef775a', 12391, '2026-03-22 16:23:10.0541+00', '2026-03-22 16:23:10.0541+00', 'Vader', 'https://tr.rbxcdn.com/30DAY-AvatarHeadshot-498563835D4F0EDD708190F5A6991858-Png/150/150/AvatarHeadshot/Png/noFilter', '2026-03-22 16:23:09.806+00', 'Vader'),
	('e6f4d1fd-9b39-4d12-b7e9-d6622b2a1bc4', 1959493159, '2026-03-09 08:40:46.096293+00', '2026-03-22 16:23:16.527177+00', 'VaderEnteredTheZone', 'https://tr.rbxcdn.com/30DAY-AvatarHeadshot-DDF2F205673B6EE68EFA741EAD7687C9-Png/150/150/AvatarHeadshot/Png/noFilter', '2026-03-22 16:23:16.357+00', 'TWEAKMASTER'),
	('a22b8910-1fee-41cc-bda4-fa28e269175a', 2320801579, '2026-03-09 08:41:34.946238+00', '2026-03-22 16:23:20.907367+00', 'Veryagilefriend', 'https://tr.rbxcdn.com/30DAY-AvatarHeadshot-ABB2923EF6F7E363BA4025D0393E2E75-Png/150/150/AvatarHeadshot/Png/noFilter', '2026-03-22 16:23:20.74+00', 'Hairo'),
	('6d82a6b8-e72e-4459-b02e-7cf27fc22cb8', 7465005631, '2026-03-04 07:30:30.227067+00', '2026-03-22 16:23:25.270733+00', 'skibiditoliet_856', 'https://tr.rbxcdn.com/30DAY-AvatarHeadshot-606D691381E0F7AF88A0758BE30C4C15-Png/150/150/AvatarHeadshot/Png/noFilter', '2026-03-22 16:23:25.105+00', 'Ioxsp'),
	('87b44da5-06f2-4860-a98e-75aea09f5d5a', 999763148, '2026-03-09 08:42:08.12258+00', '2026-03-30 09:56:56.017552+00', 'jvo354', 'https://tr.rbxcdn.com/30DAY-AvatarHeadshot-8C1638BC87404685E7B3132D27FD3CD8-Png/150/150/AvatarHeadshot/Png/noFilter', '2026-03-30 09:56:55.987+00', 'jvn'),
	('22a0033a-2320-4a50-8e62-1205431a62dc', 92127748, '2026-04-04 10:17:34.995351+00', '2026-04-04 10:17:34.995351+00', 'justinbeab', 'https://tr.rbxcdn.com/30DAY-AvatarHeadshot-19D59C59B87F42D38DF75F358FD61CA6-Png/150/150/AvatarHeadshot/Png/noFilter', '2026-04-04 10:17:34.447+00', 'WonderingGabby'),
	('0f191017-fe84-42e4-ae0c-61528cc5d311', 102818318, '2026-03-09 08:42:35.22668+00', '2026-04-04 10:17:41.049748+00', 'aemanreal', 'https://tr.rbxcdn.com/30DAY-AvatarHeadshot-9C1140A604F79538306145D60289F31A-Png/150/150/AvatarHeadshot/Png/noFilter', '2026-04-04 10:17:41.019+00', 'ae_man'),
	('7fcf041b-669d-478b-b9eb-f00715472578', 263619322, '2026-03-14 11:22:01.996793+00', '2026-04-04 14:32:31.738805+00', 'pr44y', 'https://tr.rbxcdn.com/30DAY-AvatarHeadshot-2B0966107329DF10B6E945FF0BCB3C87-Png/150/150/AvatarHeadshot/Png/noFilter', '2026-04-04 14:32:31.721+00', 'gas'),
	('754a89f6-8b8f-4fda-a5a2-c95439650ee5', 25350124, '2026-03-09 08:41:42.60254+00', '2026-03-22 16:23:32.171925+00', 'lVJorene', 'https://tr.rbxcdn.com/30DAY-AvatarHeadshot-54BE810195C6D710EEEF438C6D2BDC39-Png/150/150/AvatarHeadshot/Png/noFilter', '2026-03-22 16:23:32.01+00', 'jorene'),
	('f3ffa83e-aec4-4627-96c9-cc9abb1dd468', 8007962727, '2026-03-09 08:42:40.892466+00', '2026-03-22 16:24:09.841148+00', 'syntheno', 'https://tr.rbxcdn.com/30DAY-AvatarHeadshot-600C464C522CE38D6BDDD0329896D32E-Png/150/150/AvatarHeadshot/Png/noFilter', '2026-03-22 16:24:09.67+00', 'six'),
	('a48ed7d4-3b9e-4dc0-afff-3bc70950e79b', 223060675, '2026-03-09 08:40:58.783248+00', '2026-03-22 16:25:04.230925+00', 'MAOMIldes', 'https://tr.rbxcdn.com/30DAY-AvatarHeadshot-9674A95204AF38D11C83519E2B0935BD-Png/150/150/AvatarHeadshot/Png/noFilter', '2026-03-22 16:25:04.062+00', 'MaochineGun'),
	('8e959b24-fd8f-41c7-ad67-1a382a9af564', 1210299906, '2026-03-15 15:58:42.023791+00', '2026-03-22 16:26:57.903456+00', 'Everraid915', 'https://tr.rbxcdn.com/30DAY-AvatarHeadshot-EE62C6C19876031D4091B5EA5F5F773B-Png/150/150/AvatarHeadshot/Png/noFilter', '2026-03-22 16:26:57.726+00', 'Eve'),
	('47fa01bb-efb6-45cb-89ee-842202aa9228', 3621200142, '2026-03-11 02:31:12.517074+00', '2026-04-04 14:32:36.063417+00', 'Dabi_Ham', 'https://tr.rbxcdn.com/30DAY-AvatarHeadshot-F11800BF305434325ADA3049A5F0910F-Png/150/150/AvatarHeadshot/Png/noFilter', '2026-04-04 14:32:36.045+00', 'ClownPierce');


--
-- Data for Name: match_officials; Type: TABLE DATA; Schema: public; Owner: postgres
--

INSERT INTO "public"."match_officials" ("id", "match_id", "official_id", "official_type", "created_at") VALUES
	('aa2566c4-6bb5-4b0a-99b0-1e12379be3f5', '5b54eda8-c51e-4bee-8744-3db02c0a5cc1', 'e9ddc0c6-7327-4246-a3e5-4a31a82dd974', 'referee', '2026-03-22 16:23:04.419616+00'),
	('0abbcaf8-fe9e-4089-b802-d791a79bd8d2', '5b54eda8-c51e-4bee-8744-3db02c0a5cc1', 'e6f4d1fd-9b39-4d12-b7e9-d6622b2a1bc4', 'referee', '2026-03-22 16:23:15.421267+00'),
	('8bde9eee-5d22-4484-b58c-2035e51d1a27', '5b54eda8-c51e-4bee-8744-3db02c0a5cc1', 'a22b8910-1fee-41cc-bda4-fa28e269175a', 'media', '2026-03-22 16:23:19.894526+00'),
	('4bb4bc47-d319-416d-9553-ce115e298f5e', '5b54eda8-c51e-4bee-8744-3db02c0a5cc1', '754a89f6-8b8f-4fda-a5a2-c95439650ee5', 'media', '2026-03-22 16:23:31.0696+00'),
	('062a1810-42f0-49f8-8b8f-0bff8e5569b1', '88fb74cb-dd7e-4815-b09d-3332220f9347', '87b44da5-06f2-4860-a98e-75aea09f5d5a', 'referee', '2026-03-22 16:24:00.470113+00'),
	('903490f1-0204-4aa8-aa1c-1f39539fe020', '88fb74cb-dd7e-4815-b09d-3332220f9347', '0f191017-fe84-42e4-ae0c-61528cc5d311', 'media', '2026-03-22 16:24:04.858468+00'),
	('5269b912-d8fc-45cd-b00e-d8ad9f785ee0', '88fb74cb-dd7e-4815-b09d-3332220f9347', 'f3ffa83e-aec4-4627-96c9-cc9abb1dd468', 'media', '2026-03-22 16:24:08.819772+00'),
	('49452c7f-3740-4c74-acbf-48604cf33496', '2e3c27e5-521f-4301-aa0c-b890f1a4c095', '87b44da5-06f2-4860-a98e-75aea09f5d5a', 'referee', '2026-03-22 16:24:21.674846+00'),
	('97e4b26b-4e46-4fa2-9996-3df8410257eb', '2e3c27e5-521f-4301-aa0c-b890f1a4c095', '87b44da5-06f2-4860-a98e-75aea09f5d5a', 'media', '2026-03-22 16:24:25.771109+00'),
	('470c77df-9945-4689-9d2e-d1d575787586', '34df5ce3-8f50-4b53-bfa6-ba89c360c6db', 'e9ddc0c6-7327-4246-a3e5-4a31a82dd974', 'referee', '2026-03-22 16:24:49.756069+00'),
	('ad3cec10-34c9-43d7-9ab9-b27c40a610b7', '34df5ce3-8f50-4b53-bfa6-ba89c360c6db', 'e6f4d1fd-9b39-4d12-b7e9-d6622b2a1bc4', 'referee', '2026-03-22 16:24:59.148573+00'),
	('5906e80a-90f3-4f05-ae0a-a1effbec0987', '34df5ce3-8f50-4b53-bfa6-ba89c360c6db', 'a48ed7d4-3b9e-4dc0-afff-3bc70950e79b', 'media', '2026-03-22 16:25:03.128269+00'),
	('725220a7-66e2-408b-926e-b3dd55783070', '2d9c88b8-d485-4bd3-a55e-708f0a341956', '7fcf041b-669d-478b-b9eb-f00715472578', 'referee', '2026-03-22 16:26:52.244184+00'),
	('0cfeac3a-58ed-48df-922c-a96fabce6602', '2d9c88b8-d485-4bd3-a55e-708f0a341956', '8e959b24-fd8f-41c7-ad67-1a382a9af564', 'media', '2026-03-22 16:26:56.766133+00'),
	('e10fb404-3e2c-47f0-a874-89f0eae1600b', '49aa8175-282c-4a8c-8a5e-6d371ed12527', '87b44da5-06f2-4860-a98e-75aea09f5d5a', 'referee', '2026-03-22 16:27:13.517663+00'),
	('36a1527a-0b3c-43bc-b151-2ee760b91e9d', '49aa8175-282c-4a8c-8a5e-6d371ed12527', '87b44da5-06f2-4860-a98e-75aea09f5d5a', 'media', '2026-03-22 16:27:17.080464+00'),
	('ae77c55f-99bd-4f51-b59b-1c0e75f63f9d', '6e21d9c5-b443-4db7-ade2-e65c919b8764', '7fcf041b-669d-478b-b9eb-f00715472578', 'referee', '2026-03-22 16:27:42.1385+00'),
	('5ab63e6b-2d54-4ea7-a041-5a3475980aba', '6e21d9c5-b443-4db7-ade2-e65c919b8764', '87b44da5-06f2-4860-a98e-75aea09f5d5a', 'media', '2026-03-22 16:27:45.411637+00'),
	('1f59a1a5-1d0e-4293-b1be-76377389be81', '4bb1a05b-7d7e-4e9c-b9a8-327877b8c285', '87b44da5-06f2-4860-a98e-75aea09f5d5a', 'referee', '2026-03-22 16:28:13.217819+00'),
	('f6550637-cdf3-4301-92cb-ef5aa23d068e', '4bb1a05b-7d7e-4e9c-b9a8-327877b8c285', '87b44da5-06f2-4860-a98e-75aea09f5d5a', 'media', '2026-03-22 16:28:16.812742+00'),
	('ac410a6a-bb57-43a9-8783-5f63d3b5d421', 'cc233a2b-9fdf-47c2-870b-8d13252d8c78', 'b3aef2b2-eeaf-4958-8831-9609a1dc46b6', 'referee', '2026-03-22 16:28:41.546399+00'),
	('c32e455d-dba4-4390-87a2-d70c6531ed25', 'cc233a2b-9fdf-47c2-870b-8d13252d8c78', '2f6d4226-faec-48e4-8ffd-13dd74878011', 'media', '2026-03-22 16:28:46.51016+00'),
	('4ce9f6ca-b38f-4836-9b54-6c3b5a305b29', 'cc233a2b-9fdf-47c2-870b-8d13252d8c78', 'ad709d51-0def-40d3-b2e7-efdc709d0f54', 'media', '2026-03-22 16:28:51.418599+00'),
	('9526b164-8214-4b52-b0fe-425ddf025b3e', 'a8e3dbb0-4f4b-4c79-892d-7e01efdfe42d', 'e9ddc0c6-7327-4246-a3e5-4a31a82dd974', 'referee', '2026-03-22 16:29:11.649732+00'),
	('8ef68289-44b1-4512-8592-eec1db9ff66e', 'a8e3dbb0-4f4b-4c79-892d-7e01efdfe42d', '47fa01bb-efb6-45cb-89ee-842202aa9228', 'media', '2026-03-22 16:29:15.15059+00'),
	('15ee503a-3ad7-4c80-aa42-beae4ec40408', 'e8d90f8b-1c5d-47f9-8a8e-33320fa73c91', 'e6f4d1fd-9b39-4d12-b7e9-d6622b2a1bc4', 'referee', '2026-03-22 16:29:37.373038+00'),
	('18e0e94a-232b-4c3f-8000-59bb539e815d', 'e8d90f8b-1c5d-47f9-8a8e-33320fa73c91', 'a22b8910-1fee-41cc-bda4-fa28e269175a', 'media', '2026-03-22 16:29:40.997298+00'),
	('01a078a3-cd2f-4502-a6c8-8094a69713d0', '75ab8bd6-2571-43f1-9ca8-271f8eb0a631', '766adc6f-9e68-4fdf-9f81-39dd62e4e26d', 'referee', '2026-03-22 16:29:55.888849+00'),
	('3ff7c019-c0fc-4066-9da2-d1b766b1c0e3', '75ab8bd6-2571-43f1-9ca8-271f8eb0a631', '0f191017-fe84-42e4-ae0c-61528cc5d311', 'media', '2026-03-22 16:30:00.183467+00'),
	('6c1f5317-7083-4541-86b3-9ecde9a850ad', '281b24cf-af4b-454d-ae61-809bcf242a55', '7fcf041b-669d-478b-b9eb-f00715472578', 'referee', '2026-03-22 16:33:38.872335+00'),
	('249c3f3c-0a13-4476-ae95-c7f3375d1ea4', '281b24cf-af4b-454d-ae61-809bcf242a55', '87b44da5-06f2-4860-a98e-75aea09f5d5a', 'media', '2026-03-22 16:33:43.327614+00'),
	('232cf1c1-03f1-40dc-b908-1b78b250e39e', 'de5182be-3472-4939-8d0c-2426df9893d7', 'e9ddc0c6-7327-4246-a3e5-4a31a82dd974', 'referee', '2026-03-22 16:34:00.74779+00'),
	('ccae194e-6506-4edf-bb64-a84929a97943', 'de5182be-3472-4939-8d0c-2426df9893d7', 'a48ed7d4-3b9e-4dc0-afff-3bc70950e79b', 'media', '2026-03-22 16:34:04.345786+00'),
	('742e9dad-c28f-4f0e-8322-fc32f1f0bc0c', '4bbb4c06-cfea-475e-b518-8c118665a74f', '7fcf041b-669d-478b-b9eb-f00715472578', 'referee', '2026-03-30 09:56:26.59864+00'),
	('172b5c19-de57-4390-a071-0bd09071958f', '4bbb4c06-cfea-475e-b518-8c118665a74f', '47fa01bb-efb6-45cb-89ee-842202aa9228', 'media', '2026-03-30 09:56:36.786222+00'),
	('a18028ac-846a-4a27-9817-51aa0f25081b', '2158a6c5-dadb-4311-bf69-bee5eb4019f1', '87b44da5-06f2-4860-a98e-75aea09f5d5a', 'referee', '2026-03-30 09:56:54.790605+00'),
	('bb093bb1-ae5c-4e45-b2be-f59eabbd5a42', '2158a6c5-dadb-4311-bf69-bee5eb4019f1', '87b44da5-06f2-4860-a98e-75aea09f5d5a', 'media', '2026-03-30 09:56:59.434842+00'),
	('a98370df-7be0-4dfa-952c-7ecf7894be6a', 'd67a8a51-dec0-48d0-86b1-6b07ebbc2c1a', '7fcf041b-669d-478b-b9eb-f00715472578', 'referee', '2026-04-04 10:17:25.458771+00'),
	('8fb5fcfe-0b4f-4cbe-a02c-40cba520d21a', 'd67a8a51-dec0-48d0-86b1-6b07ebbc2c1a', '22a0033a-2320-4a50-8e62-1205431a62dc', 'referee', '2026-04-04 10:17:35.605283+00'),
	('7588aaf9-3e0d-4f6c-8780-541cc44f6eb5', 'd67a8a51-dec0-48d0-86b1-6b07ebbc2c1a', '0f191017-fe84-42e4-ae0c-61528cc5d311', 'media', '2026-04-04 10:17:40.068535+00'),
	('e6e5a44d-a66e-4fe5-8151-24c372a149ae', '05052ece-2c9a-4b54-8994-a1bffc16fcea', '7fcf041b-669d-478b-b9eb-f00715472578', 'referee', '2026-04-04 14:32:30.524156+00'),
	('a4548982-646b-4c3f-9f80-66f9b6137400', '05052ece-2c9a-4b54-8994-a1bffc16fcea', '47fa01bb-efb6-45cb-89ee-842202aa9228', 'media', '2026-04-04 14:32:35.109971+00');


--
-- Data for Name: match_sets; Type: TABLE DATA; Schema: public; Owner: postgres
--

INSERT INTO "public"."match_sets" ("id", "match_id", "set_number", "home_score", "away_score", "created_at", "updated_at") VALUES
	('1ac5770a-16e3-470b-b33b-193ef604052e', '5b54eda8-c51e-4bee-8744-3db02c0a5cc1', 1, 16, 25, '2026-03-22 16:25:24.399228+00', '2026-03-22 16:25:24.399228+00'),
	('a005311e-b27a-44b5-85b1-92c0aa12b966', '5b54eda8-c51e-4bee-8744-3db02c0a5cc1', 2, 11, 25, '2026-03-22 16:25:24.399228+00', '2026-03-22 16:25:24.399228+00'),
	('8b3e6490-ef05-4675-a079-e91e24158fac', '88fb74cb-dd7e-4815-b09d-3332220f9347', 1, 25, 18, '2026-03-22 16:25:51.143497+00', '2026-03-22 16:25:51.143497+00'),
	('3fb2531c-bbe8-4478-82e1-9978e6e3b943', '88fb74cb-dd7e-4815-b09d-3332220f9347', 2, 22, 25, '2026-03-22 16:25:51.143497+00', '2026-03-22 16:25:51.143497+00'),
	('cc9547f7-d85e-41c8-9f08-f7372af3af76', '88fb74cb-dd7e-4815-b09d-3332220f9347', 3, 25, 22, '2026-03-22 16:25:51.143497+00', '2026-03-22 16:25:51.143497+00'),
	('22328f7e-f7a8-47fa-9be2-ce0411bca058', '2e3c27e5-521f-4301-aa0c-b890f1a4c095', 1, 25, 14, '2026-03-22 16:26:06.493468+00', '2026-03-22 16:26:06.493468+00'),
	('6336adda-1bc5-4de7-b6fd-c1bd9f5e1e83', '2e3c27e5-521f-4301-aa0c-b890f1a4c095', 2, 28, 26, '2026-03-22 16:26:06.493468+00', '2026-03-22 16:26:06.493468+00'),
	('524f1ca1-198d-4638-b20e-5f0b0582e12c', '2d9c88b8-d485-4bd3-a55e-708f0a341956', 1, 25, 9, '2026-03-22 16:30:15.361602+00', '2026-03-22 16:30:15.361602+00'),
	('52a72861-5fb8-4727-aece-d09f2599343e', '2d9c88b8-d485-4bd3-a55e-708f0a341956', 2, 25, 5, '2026-03-22 16:30:15.361602+00', '2026-03-22 16:30:15.361602+00'),
	('0fb596c5-d156-45c2-9665-de907d97baaa', '49aa8175-282c-4a8c-8a5e-6d371ed12527', 1, 25, 0, '2026-03-22 16:30:40.233369+00', '2026-03-22 16:30:40.233369+00'),
	('486f0ad5-e714-4a68-9d3f-7ea14f9c6faa', '49aa8175-282c-4a8c-8a5e-6d371ed12527', 2, 25, 0, '2026-03-22 16:30:40.233369+00', '2026-03-22 16:30:40.233369+00'),
	('10e90202-721a-46c7-9dcc-0f83b2dbf62b', 'cc233a2b-9fdf-47c2-870b-8d13252d8c78', 1, 15, 25, '2026-03-22 16:31:54.905108+00', '2026-03-22 16:31:54.905108+00'),
	('04eb0247-1d7c-4347-a140-c3269f1db500', 'cc233a2b-9fdf-47c2-870b-8d13252d8c78', 2, 21, 25, '2026-03-22 16:31:54.905108+00', '2026-03-22 16:31:54.905108+00'),
	('aa3f73ca-95ca-4963-bf0b-1697837d3f7a', 'e8d90f8b-1c5d-47f9-8a8e-33320fa73c91', 1, 0, 25, '2026-03-22 16:32:43.717822+00', '2026-03-22 16:32:43.717822+00'),
	('25a9ce05-d97e-41b9-9598-131d73433d57', 'e8d90f8b-1c5d-47f9-8a8e-33320fa73c91', 2, 0, 25, '2026-03-22 16:32:43.717822+00', '2026-03-22 16:32:43.717822+00'),
	('1decb206-2186-47f8-8adc-f479f24d502d', '281b24cf-af4b-454d-ae61-809bcf242a55', 1, 25, 11, '2026-03-22 16:34:21.324034+00', '2026-03-22 16:34:21.324034+00'),
	('98f04194-2d7e-48ac-bd35-39c8113e9b61', '281b24cf-af4b-454d-ae61-809bcf242a55', 2, 23, 25, '2026-03-22 16:34:21.324034+00', '2026-03-22 16:34:21.324034+00'),
	('5d5ae869-24a5-42c0-8988-8c161da1b58b', '281b24cf-af4b-454d-ae61-809bcf242a55', 3, 25, 19, '2026-03-22 16:34:21.324034+00', '2026-03-22 16:34:21.324034+00'),
	('73b24d0b-c729-48f9-8661-ae557f2aef0f', 'de5182be-3472-4939-8d0c-2426df9893d7', 1, 15, 25, '2026-03-22 16:34:35.001684+00', '2026-03-22 16:34:35.001684+00'),
	('e14dac14-6f31-452b-bec8-2e75188d5bd5', 'de5182be-3472-4939-8d0c-2426df9893d7', 2, 24, 26, '2026-03-22 16:34:35.001684+00', '2026-03-22 16:34:35.001684+00'),
	('cc18aa36-1e80-49ea-8323-eabd8b6236bd', 'd67a8a51-dec0-48d0-86b1-6b07ebbc2c1a', 1, 20, 25, '2026-04-04 10:18:05.619141+00', '2026-04-04 10:18:05.619141+00'),
	('82640fd4-8245-409e-a25f-42f49bd5b06e', 'd67a8a51-dec0-48d0-86b1-6b07ebbc2c1a', 2, 23, 25, '2026-04-04 10:18:05.619141+00', '2026-04-04 10:18:05.619141+00'),
	('aaad8503-5811-4ab3-aa8d-8cee13a3f63f', 'd67a8a51-dec0-48d0-86b1-6b07ebbc2c1a', 3, 17, 25, '2026-04-04 10:18:05.619141+00', '2026-04-04 10:18:05.619141+00'),
	('bfe014b5-8c78-44fc-92fe-cdb4c4c2f9b0', 'c80edf63-7e4f-41bd-bce6-e0fe2e87ed12', 1, 15, 25, '2026-04-18 15:19:05.203872+00', '2026-04-18 15:19:05.203872+00'),
	('4eddba11-5c9c-4ac6-bb71-521f51d92a14', 'c80edf63-7e4f-41bd-bce6-e0fe2e87ed12', 2, 25, 23, '2026-04-18 15:19:05.203872+00', '2026-04-18 15:19:05.203872+00'),
	('a27b5bd1-3925-4f4a-9845-fd14ffb87d5a', 'c80edf63-7e4f-41bd-bce6-e0fe2e87ed12', 3, 18, 25, '2026-04-18 15:19:05.203872+00', '2026-04-18 15:19:05.203872+00'),
	('da43b45f-2c81-44f0-9423-f0df184965f0', 'c186066b-d957-40e6-b737-76b1f1515035', 1, 12, 25, '2026-03-09 08:09:24.276546+00', '2026-03-09 08:09:24.276546+00'),
	('9bdb472e-8385-4931-ab43-2ec14e10aaee', 'c186066b-d957-40e6-b737-76b1f1515035', 2, 16, 25, '2026-03-09 08:09:24.276546+00', '2026-03-09 08:09:24.276546+00'),
	('51a944d9-5ee0-41ff-8932-13c0dd483376', '9a08640f-00ef-42fd-8ceb-a4e4a4ff9edf', 1, 21, 25, '2026-03-09 08:09:24.276546+00', '2026-03-09 08:09:24.276546+00'),
	('72b6c86b-ad31-4555-aa18-b70f048142f8', '9a08640f-00ef-42fd-8ceb-a4e4a4ff9edf', 2, 29, 31, '2026-03-09 08:09:24.276546+00', '2026-03-09 08:09:24.276546+00'),
	('b5538df8-c395-47d7-aa22-4e5cca1a8aff', 'f8630561-cd6e-4125-a98b-429eab75c202', 1, 10, 25, '2026-03-09 08:09:24.276546+00', '2026-03-09 08:09:24.276546+00'),
	('83d1b9e7-5b1e-43c4-8072-ab77f66d3666', 'f8630561-cd6e-4125-a98b-429eab75c202', 2, 25, 20, '2026-03-09 08:09:24.276546+00', '2026-03-09 08:09:24.276546+00'),
	('f3a73536-6b06-4702-892f-80ebdff70836', 'f8630561-cd6e-4125-a98b-429eab75c202', 3, 19, 25, '2026-03-09 08:09:24.276546+00', '2026-03-09 08:09:24.276546+00'),
	('ae691708-bd4d-4231-b831-c64796e9f219', '52701763-76a1-4a9e-b734-2e05caf7495c', 1, 21, 25, '2026-03-09 08:09:24.276546+00', '2026-03-09 08:09:24.276546+00'),
	('d2d082d9-6dc7-4ebd-ab3f-30fbf8e4f0b3', '52701763-76a1-4a9e-b734-2e05caf7495c', 2, 22, 25, '2026-03-09 08:09:24.276546+00', '2026-03-09 08:09:24.276546+00'),
	('2ec6bec0-c427-4dea-90c7-13f043680121', 'c92dfbd5-d6d9-4e81-9f18-80166e7be686', 1, 29, 27, '2026-03-09 08:09:24.276546+00', '2026-03-09 08:09:24.276546+00'),
	('610acc02-e059-4f5f-8645-e702492cd16c', 'c92dfbd5-d6d9-4e81-9f18-80166e7be686', 2, 29, 27, '2026-03-09 08:09:24.276546+00', '2026-03-09 08:09:24.276546+00'),
	('f4af3973-a646-4bda-93a1-b39195122a17', '91427666-2875-4558-8de2-648ca3e62cff', 1, 25, 21, '2026-03-09 08:09:24.276546+00', '2026-03-09 08:09:24.276546+00'),
	('7832ddfc-eaa9-4421-8e24-987d986be4b1', '91427666-2875-4558-8de2-648ca3e62cff', 2, 25, 20, '2026-03-09 08:09:24.276546+00', '2026-03-09 08:09:24.276546+00'),
	('1f4967d2-bf22-4b2b-a2c8-444892a0bfa3', 'd013f681-a69c-4df7-9e06-db110d4ce289', 1, 25, 10, '2026-03-09 08:09:24.276546+00', '2026-03-09 08:09:24.276546+00'),
	('6b6534cf-007f-4644-883d-e8897bd339bc', 'd013f681-a69c-4df7-9e06-db110d4ce289', 2, 25, 15, '2026-03-09 08:09:24.276546+00', '2026-03-09 08:09:24.276546+00'),
	('d6eaee27-e7c7-4ca3-9e24-86830b867f9e', '1737abbd-2668-4781-963c-87ffc5cc76a8', 1, 19, 25, '2026-03-09 08:09:24.276546+00', '2026-03-09 08:09:24.276546+00'),
	('1a72fb32-da8e-4ca5-aaaa-6080d0f62d7c', '1737abbd-2668-4781-963c-87ffc5cc76a8', 2, 25, 23, '2026-03-09 08:09:24.276546+00', '2026-03-09 08:09:24.276546+00'),
	('bc1cf394-68fa-4aa9-9c81-170d747f299d', '1737abbd-2668-4781-963c-87ffc5cc76a8', 3, 27, 29, '2026-03-09 08:09:24.276546+00', '2026-03-09 08:09:24.276546+00'),
	('26f06615-1853-41f8-8937-53cd02f52e8b', 'a486996b-c66d-4b7e-9ace-77eeb5bff7da', 1, 25, 11, '2026-03-09 08:09:24.276546+00', '2026-03-09 08:09:24.276546+00'),
	('2ee9fb4e-0e9e-4f09-9932-b3a96cb9dcab', 'a486996b-c66d-4b7e-9ace-77eeb5bff7da', 2, 25, 23, '2026-03-09 08:09:24.276546+00', '2026-03-09 08:09:24.276546+00'),
	('683eeade-0a36-4709-83fa-38bb7d6c487d', 'ab7a5386-4021-4d3f-b14c-69ffb34e4224', 1, 21, 25, '2026-03-09 08:09:24.276546+00', '2026-03-09 08:09:24.276546+00'),
	('6d588483-f611-41f6-b56c-c897553fe671', 'ab7a5386-4021-4d3f-b14c-69ffb34e4224', 2, 25, 22, '2026-03-09 08:09:24.276546+00', '2026-03-09 08:09:24.276546+00'),
	('6483f4fe-e05a-42cd-b29b-ec6e8dab7eb8', 'ab7a5386-4021-4d3f-b14c-69ffb34e4224', 3, 25, 23, '2026-03-09 08:09:24.276546+00', '2026-03-09 08:09:24.276546+00'),
	('ef0aff39-2efe-42fd-b71b-5e61072060be', '8f63044b-42dc-40d9-9bc1-13b21cc72db3', 1, 25, 0, '2026-03-09 08:09:24.276546+00', '2026-03-09 08:09:24.276546+00'),
	('686f7ad6-26db-4d87-850c-086efdf7acf4', '8f63044b-42dc-40d9-9bc1-13b21cc72db3', 2, 25, 0, '2026-03-09 08:09:24.276546+00', '2026-03-09 08:09:24.276546+00'),
	('d3de0835-92bf-407c-ae87-1bec5427a689', '6e3bde09-48c4-4b94-a3f3-7caf949b460c', 1, 25, 0, '2026-03-09 08:09:24.276546+00', '2026-03-09 08:09:24.276546+00'),
	('af213f60-d518-4fbe-b794-0588f67b97a6', '6e3bde09-48c4-4b94-a3f3-7caf949b460c', 2, 25, 0, '2026-03-09 08:09:24.276546+00', '2026-03-09 08:09:24.276546+00'),
	('fa610ed0-3f36-49e0-a136-3bd92eb32180', '0f882383-ab24-43b1-a1ca-9054471df615', 1, 25, 0, '2026-03-09 08:09:24.276546+00', '2026-03-09 08:09:24.276546+00'),
	('25a6ba59-6fad-4b22-8d84-a485d3c9444f', '0f882383-ab24-43b1-a1ca-9054471df615', 2, 25, 0, '2026-03-09 08:09:24.276546+00', '2026-03-09 08:09:24.276546+00'),
	('6a1821d8-1461-4746-b197-d029ef4f3a7a', 'd5b0d597-678d-4eec-9ca0-3f38a76cfe78', 1, 18, 25, '2026-03-09 08:09:24.276546+00', '2026-03-09 08:09:24.276546+00'),
	('8f3713f0-9316-4fdf-9015-d63f943c039a', 'd5b0d597-678d-4eec-9ca0-3f38a76cfe78', 2, 24, 26, '2026-03-09 08:09:24.276546+00', '2026-03-09 08:09:24.276546+00'),
	('0ba5bdc5-1cb9-43f3-b402-328ef74c4b2f', 'b980d49b-dde4-4ba3-be05-4d0277e88849', 1, 25, 0, '2026-03-09 08:09:24.276546+00', '2026-03-09 08:09:24.276546+00'),
	('680b7a25-f97a-49eb-a49b-172b4a1c66e5', 'b980d49b-dde4-4ba3-be05-4d0277e88849', 2, 25, 0, '2026-03-09 08:09:24.276546+00', '2026-03-09 08:09:24.276546+00'),
	('4ae30f88-9bbf-44cc-b85a-d4134f025a7e', '07420ba4-b383-4bc1-8981-87bb8697c64e', 1, 13, 25, '2026-03-09 08:09:24.276546+00', '2026-03-09 08:09:24.276546+00'),
	('83acb26f-e45c-431d-a114-c352b2e718ca', '07420ba4-b383-4bc1-8981-87bb8697c64e', 2, 18, 25, '2026-03-09 08:09:24.276546+00', '2026-03-09 08:09:24.276546+00'),
	('7e828ad4-add4-4d3d-b3f8-b48fb16d0134', '0ed9612f-b8e8-4624-bf46-468cdd7a3041', 1, 21, 25, '2026-03-09 08:09:24.276546+00', '2026-03-09 08:09:24.276546+00'),
	('1ee2952b-8ead-4fd8-8c7f-ccbe9ecad125', '0ed9612f-b8e8-4624-bf46-468cdd7a3041', 2, 25, 16, '2026-03-09 08:09:24.276546+00', '2026-03-09 08:09:24.276546+00'),
	('cf5ce3e2-c9ea-472e-8ae0-05a0c0a51a58', '0ed9612f-b8e8-4624-bf46-468cdd7a3041', 3, 18, 25, '2026-03-09 08:09:24.276546+00', '2026-03-09 08:09:24.276546+00'),
	('725f6878-7a0b-471c-b478-ccb753880504', '78f2028c-edfc-436b-a2f7-b25473a42281', 1, 25, 18, '2026-03-09 08:09:24.276546+00', '2026-03-09 08:09:24.276546+00'),
	('59df08d2-d868-4676-94a8-584e9168384f', '78f2028c-edfc-436b-a2f7-b25473a42281', 2, 25, 21, '2026-03-09 08:09:24.276546+00', '2026-03-09 08:09:24.276546+00'),
	('eb81dc23-dae0-4365-bc0a-41e26b3d9fbc', 'c14674a4-b489-40fe-9d13-08b52f528618', 1, 25, 21, '2026-03-09 08:09:24.276546+00', '2026-03-09 08:09:24.276546+00'),
	('0123e7d4-9f05-4415-8b44-014e386c6006', 'c14674a4-b489-40fe-9d13-08b52f528618', 2, 25, 17, '2026-03-09 08:09:24.276546+00', '2026-03-09 08:09:24.276546+00'),
	('052bb85a-9648-424c-a562-ca1415005193', 'fc65e5a4-54b5-4795-9d47-20572b4887e5', 1, 25, 18, '2026-03-09 08:09:24.276546+00', '2026-03-09 08:09:24.276546+00'),
	('c0e0190a-10b2-4a1b-92ad-a8576cd8cbab', 'fc65e5a4-54b5-4795-9d47-20572b4887e5', 2, 20, 25, '2026-03-09 08:09:24.276546+00', '2026-03-09 08:09:24.276546+00'),
	('b001538a-3ce4-44f2-9f54-68c3eb308793', 'fc65e5a4-54b5-4795-9d47-20572b4887e5', 3, 22, 25, '2026-03-09 08:09:24.276546+00', '2026-03-09 08:09:24.276546+00'),
	('dfe716d3-796f-4e1c-b372-c047b6ad2304', 'b67e814c-4be7-4df7-8352-39ef6a03cec1', 1, 0, 25, '2026-03-09 08:09:24.276546+00', '2026-03-09 08:09:24.276546+00'),
	('e3b75f96-ed8d-46ba-a268-bf7af0b8bf3f', 'b67e814c-4be7-4df7-8352-39ef6a03cec1', 2, 0, 25, '2026-03-09 08:09:24.276546+00', '2026-03-09 08:09:24.276546+00'),
	('426fd5b1-2efe-4867-b58b-f926940f09c7', '7aa550de-a12b-436a-868a-f7f7ca609ad1', 1, 0, 25, '2026-03-09 08:09:24.276546+00', '2026-03-09 08:09:24.276546+00'),
	('bf7ee6b5-462e-470e-8821-a2453e744b95', '7aa550de-a12b-436a-868a-f7f7ca609ad1', 2, 0, 25, '2026-03-09 08:09:24.276546+00', '2026-03-09 08:09:24.276546+00'),
	('39c547d7-bdab-414f-93e7-4fd73846d655', '38d42e2e-f80a-4e58-854f-4f493bed2e32', 1, 22, 25, '2026-03-09 08:09:24.276546+00', '2026-03-09 08:09:24.276546+00'),
	('714f51f9-bb22-4d85-8910-e65d637a0942', '38d42e2e-f80a-4e58-854f-4f493bed2e32', 2, 18, 25, '2026-03-09 08:09:24.276546+00', '2026-03-09 08:09:24.276546+00'),
	('0cbb5d40-edb4-4ab4-8011-d11be7a7725e', 'af773e03-8249-48b8-a86a-1b0a3eab1b3c', 1, 23, 25, '2026-03-09 08:09:24.276546+00', '2026-03-09 08:09:24.276546+00'),
	('1e3f569f-0da8-4aa6-ab33-185d1e3fe328', 'af773e03-8249-48b8-a86a-1b0a3eab1b3c', 2, 25, 18, '2026-03-09 08:09:24.276546+00', '2026-03-09 08:09:24.276546+00'),
	('fae54d8f-72fe-4752-b072-29b506ff3256', 'af773e03-8249-48b8-a86a-1b0a3eab1b3c', 3, 25, 14, '2026-03-09 08:09:24.276546+00', '2026-03-09 08:09:24.276546+00'),
	('d35b0779-6f8c-4ef4-a222-281128693fac', '3e03476f-2a06-471e-abc1-8545926d311f', 1, 26, 24, '2026-03-09 08:09:24.276546+00', '2026-03-09 08:09:24.276546+00'),
	('61b82aab-ec9a-4db2-9f4e-2044220a4fa6', '3e03476f-2a06-471e-abc1-8545926d311f', 2, 20, 25, '2026-03-09 08:09:24.276546+00', '2026-03-09 08:09:24.276546+00'),
	('32b96442-a5ca-4e6c-a5c7-a783796dcd06', '3e03476f-2a06-471e-abc1-8545926d311f', 3, 25, 23, '2026-03-09 08:09:24.276546+00', '2026-03-09 08:09:24.276546+00'),
	('441446ed-e1c0-4e75-add9-916fe783e323', 'e52a0971-8bd2-44c0-b75c-4bb4cf9c1769', 1, 18, 25, '2026-03-09 08:09:24.276546+00', '2026-03-09 08:09:24.276546+00'),
	('9d00c14a-283b-44c6-8868-82d5118d2dee', 'e52a0971-8bd2-44c0-b75c-4bb4cf9c1769', 2, 16, 25, '2026-03-09 08:09:24.276546+00', '2026-03-09 08:09:24.276546+00'),
	('ef8c83b0-3eec-4112-bdd7-6e3fc169025a', '116b4a55-f259-4035-b2c5-4a769fc0fc84', 1, 25, 16, '2026-03-09 08:09:24.276546+00', '2026-03-09 08:09:24.276546+00'),
	('aa6d8fc0-8a9c-4b2c-a222-44d23c4cff74', '116b4a55-f259-4035-b2c5-4a769fc0fc84', 2, 25, 23, '2026-03-09 08:09:24.276546+00', '2026-03-09 08:09:24.276546+00'),
	('23fccce0-d528-43f1-84e4-baa31e6e60b8', '189d5441-db33-4de6-aa67-653944353038', 1, 25, 21, '2026-03-09 08:09:24.276546+00', '2026-03-09 08:09:24.276546+00'),
	('97b1a70c-c181-484b-89b3-50e07c4c56b9', '189d5441-db33-4de6-aa67-653944353038', 2, 25, 8, '2026-03-09 08:09:24.276546+00', '2026-03-09 08:09:24.276546+00'),
	('a5983742-1100-4c3d-86e9-5660c1e67de9', 'ca4b5899-a6c4-4df0-b3fa-b66790201c2b', 1, 25, 12, '2026-03-09 08:09:24.276546+00', '2026-03-09 08:09:24.276546+00'),
	('60e1598c-ca8e-41a2-b764-043e90e61e11', 'ca4b5899-a6c4-4df0-b3fa-b66790201c2b', 2, 25, 17, '2026-03-09 08:09:24.276546+00', '2026-03-09 08:09:24.276546+00'),
	('d40b013f-1ef5-49d0-979f-61584c80cc88', '2de1d983-1ca6-492b-9d26-5032d038d71b', 1, 21, 25, '2026-03-09 08:09:24.276546+00', '2026-03-09 08:09:24.276546+00'),
	('c4c2ca93-fd65-4a37-a3b5-95e6029caf94', '2de1d983-1ca6-492b-9d26-5032d038d71b', 2, 25, 19, '2026-03-09 08:09:24.276546+00', '2026-03-09 08:09:24.276546+00'),
	('0b348a8a-cd65-422a-8181-4a844c5fca7d', '2de1d983-1ca6-492b-9d26-5032d038d71b', 3, 25, 23, '2026-03-09 08:09:24.276546+00', '2026-03-09 08:09:24.276546+00'),
	('1408c0be-0149-497c-b082-82c8689c24f3', 'b30afbaa-4539-4418-9201-8b03fcdaada3', 1, 23, 25, '2026-03-09 08:09:24.276546+00', '2026-03-09 08:09:24.276546+00'),
	('8344552a-84ca-4595-94ab-bc129efb9dab', 'b30afbaa-4539-4418-9201-8b03fcdaada3', 2, 21, 25, '2026-03-09 08:09:24.276546+00', '2026-03-09 08:09:24.276546+00'),
	('017d9e29-a2fa-4b92-9ad3-cd82acaa7ad9', 'ae806bef-371e-4b97-9378-7862ee6899b9', 1, 25, 19, '2026-03-09 08:09:24.276546+00', '2026-03-09 08:09:24.276546+00'),
	('09830d2d-5a7a-4065-ab48-0ec5a653413c', 'ae806bef-371e-4b97-9378-7862ee6899b9', 2, 25, 22, '2026-03-09 08:09:24.276546+00', '2026-03-09 08:09:24.276546+00'),
	('4943ff47-d215-4a0b-afc3-d10890d031ae', '97c1821e-0785-4a3c-a2e3-ae6070743926', 1, 25, 0, '2026-03-09 08:09:24.276546+00', '2026-03-09 08:09:24.276546+00'),
	('d080283f-9c4a-42b4-8dbd-1cf2c11ff732', '97c1821e-0785-4a3c-a2e3-ae6070743926', 2, 25, 0, '2026-03-09 08:09:24.276546+00', '2026-03-09 08:09:24.276546+00'),
	('6677583b-f5d8-4915-be97-8cff48536f3d', '26c5b478-3015-4a32-911d-45a6f2a58703', 1, 25, 16, '2026-03-09 08:09:24.276546+00', '2026-03-09 08:09:24.276546+00'),
	('f04c96d0-19b1-4022-8fd7-c75c12dfb30d', '26c5b478-3015-4a32-911d-45a6f2a58703', 2, 25, 23, '2026-03-09 08:09:24.276546+00', '2026-03-09 08:09:24.276546+00'),
	('d86d1498-b4d3-4e3f-93ef-4b0abf7af054', '830d1299-415d-4607-807c-9200d5ffa544', 1, 16, 25, '2026-03-09 08:09:24.276546+00', '2026-03-09 08:09:24.276546+00'),
	('6a902327-9cb4-40f2-976c-11bd074e9642', '830d1299-415d-4607-807c-9200d5ffa544', 2, 25, 17, '2026-03-09 08:09:24.276546+00', '2026-03-09 08:09:24.276546+00'),
	('b963978c-5eca-4d5e-9318-e435f1d7fa4c', '830d1299-415d-4607-807c-9200d5ffa544', 3, 25, 19, '2026-03-09 08:09:24.276546+00', '2026-03-09 08:09:24.276546+00'),
	('174683de-ab86-407e-a4b8-f8a9ede15c7a', '121aed30-1ac4-451a-a81f-c27ef69d0721', 1, 25, 6, '2026-03-09 08:09:24.276546+00', '2026-03-09 08:09:24.276546+00'),
	('925510be-3169-458c-9c76-94d5e38c9ef3', '121aed30-1ac4-451a-a81f-c27ef69d0721', 2, 25, 7, '2026-03-09 08:09:24.276546+00', '2026-03-09 08:09:24.276546+00'),
	('fbd14d22-3662-46f2-99b2-d75e3e287d8e', '2df1fe5f-6654-464b-88a4-ffef54d2e40e', 1, 25, 0, '2026-03-09 08:09:24.276546+00', '2026-03-09 08:09:24.276546+00'),
	('2e9ce8a7-da1c-4d75-97d8-53146db1f3ee', '2df1fe5f-6654-464b-88a4-ffef54d2e40e', 2, 25, 0, '2026-03-09 08:09:24.276546+00', '2026-03-09 08:09:24.276546+00'),
	('7c2cd9af-bc52-4044-9d80-736b9c0e6dab', '80e5af74-7d08-4ba8-8099-193e9e057229', 1, 25, 27, '2026-03-09 08:09:24.276546+00', '2026-03-09 08:09:24.276546+00'),
	('c6c93a74-7ad5-43a1-8450-003102a5facd', '80e5af74-7d08-4ba8-8099-193e9e057229', 2, 25, 22, '2026-03-09 08:09:24.276546+00', '2026-03-09 08:09:24.276546+00'),
	('b8ae8589-44bd-4dfb-84a2-b1e20dd7e870', '80e5af74-7d08-4ba8-8099-193e9e057229', 3, 25, 20, '2026-03-09 08:09:24.276546+00', '2026-03-09 08:09:24.276546+00'),
	('18fdf88a-2743-41cc-84ac-608342f8c328', 'd4f2563c-0833-44b7-a6ac-f06609718b08', 1, 7, 25, '2026-03-09 08:09:24.276546+00', '2026-03-09 08:09:24.276546+00'),
	('c95f2a84-0265-4317-9ca1-b36bc6ed4153', 'd4f2563c-0833-44b7-a6ac-f06609718b08', 2, 9, 25, '2026-03-09 08:09:24.276546+00', '2026-03-09 08:09:24.276546+00'),
	('0616f42f-de9d-4241-93fc-e8d830522b6c', '4b145443-53c7-4133-94dd-a879149db9c4', 1, 25, 22, '2026-03-09 08:09:24.276546+00', '2026-03-09 08:09:24.276546+00'),
	('89334ebc-79f2-41f6-8a52-8ed3381885f2', '4b145443-53c7-4133-94dd-a879149db9c4', 2, 23, 25, '2026-03-09 08:09:24.276546+00', '2026-03-09 08:09:24.276546+00'),
	('be4cecb0-ce74-4ce5-a4b9-9cc1bd52cb4c', '4b145443-53c7-4133-94dd-a879149db9c4', 3, 15, 25, '2026-03-09 08:09:24.276546+00', '2026-03-09 08:09:24.276546+00'),
	('4f8c116c-9033-4304-9b14-a6aed252ec25', '7be9ab6a-a062-446a-a3ad-e6456eb60ef8', 1, 21, 25, '2026-03-09 08:09:24.276546+00', '2026-03-09 08:09:24.276546+00'),
	('7aed9b60-7c0f-48bf-9cc7-e501a3538092', '7be9ab6a-a062-446a-a3ad-e6456eb60ef8', 2, 22, 25, '2026-03-09 08:09:24.276546+00', '2026-03-09 08:09:24.276546+00'),
	('57e4b633-bbf1-4c14-b8ee-525e92829d24', '40b8f3e5-a2ad-4cdc-bde0-7e0346fd3967', 1, 25, 8, '2026-03-09 08:09:24.276546+00', '2026-03-09 08:09:24.276546+00'),
	('62adedc8-dd85-4c2b-931d-603f2f0acfde', '40b8f3e5-a2ad-4cdc-bde0-7e0346fd3967', 2, 25, 18, '2026-03-09 08:09:24.276546+00', '2026-03-09 08:09:24.276546+00'),
	('b6ed0429-b361-496b-a91d-152f8bf45f6d', 'b7771823-34a8-4a32-86c3-8bba53fff729', 1, 25, 14, '2026-03-09 08:09:24.276546+00', '2026-03-09 08:09:24.276546+00'),
	('b43864ab-5fd3-4522-b2cb-09393734f93d', 'b7771823-34a8-4a32-86c3-8bba53fff729', 2, 25, 17, '2026-03-09 08:09:24.276546+00', '2026-03-09 08:09:24.276546+00'),
	('42655140-0685-485e-8f59-2000f6a90716', '767fc050-403c-43aa-b057-7291899ee333', 1, 23, 25, '2026-03-09 08:09:24.276546+00', '2026-03-09 08:09:24.276546+00'),
	('8a4132c1-fcbb-4739-923f-1847f6ac43de', '767fc050-403c-43aa-b057-7291899ee333', 2, 22, 25, '2026-03-09 08:09:24.276546+00', '2026-03-09 08:09:24.276546+00'),
	('db3afd81-f565-4be9-ae6a-b9aeb66ca7bd', 'd511dfdc-8d00-478d-aeff-2b884cf8038d', 1, 25, 22, '2026-03-09 08:09:24.276546+00', '2026-03-09 08:09:24.276546+00'),
	('9048a1bc-efb4-4afa-8261-39cdcbf7bb63', 'd511dfdc-8d00-478d-aeff-2b884cf8038d', 2, 16, 25, '2026-03-09 08:09:24.276546+00', '2026-03-09 08:09:24.276546+00'),
	('c92bfb3d-4a4a-4065-999a-e7f2f0d2fa6c', 'd511dfdc-8d00-478d-aeff-2b884cf8038d', 3, 22, 25, '2026-03-09 08:09:24.276546+00', '2026-03-09 08:09:24.276546+00'),
	('7838f5db-d8e6-4231-b92f-7430028bb6c5', '0b9a0c28-428d-4867-a2f4-9f6450615512', 1, 25, 0, '2026-03-09 08:09:24.276546+00', '2026-03-09 08:09:24.276546+00'),
	('6d287be8-b31f-4e99-b7d9-9383c265a8b4', '0b9a0c28-428d-4867-a2f4-9f6450615512', 2, 25, 0, '2026-03-09 08:09:24.276546+00', '2026-03-09 08:09:24.276546+00'),
	('9df54d04-b5de-4b2d-9ef3-5333691e599c', 'a026bb4e-b0f5-4665-9514-7ea000ff068c', 1, 22, 25, '2026-03-09 08:09:24.276546+00', '2026-03-09 08:09:24.276546+00'),
	('e454a5bf-274e-4814-a032-66713661b6fb', 'a026bb4e-b0f5-4665-9514-7ea000ff068c', 2, 25, 21, '2026-03-09 08:09:24.276546+00', '2026-03-09 08:09:24.276546+00'),
	('1edec66d-8e0d-426a-9521-6cd0c8fb21bd', 'a026bb4e-b0f5-4665-9514-7ea000ff068c', 3, 25, 22, '2026-03-09 08:09:24.276546+00', '2026-03-09 08:09:24.276546+00'),
	('293e699e-1760-4d3d-a04a-ab512a6cb0d1', '7aa0ca61-8a9b-4f72-a74d-ed95fa07342d', 1, 25, 23, '2026-03-09 08:09:24.276546+00', '2026-03-09 08:09:24.276546+00'),
	('f586bf22-f635-43e5-98ed-95f5c61ac390', '7aa0ca61-8a9b-4f72-a74d-ed95fa07342d', 2, 25, 7, '2026-03-09 08:09:24.276546+00', '2026-03-09 08:09:24.276546+00'),
	('f096542e-7355-43e4-a4da-a16186a82600', '108cb8ec-687c-4769-86dc-20d9aae50144', 1, 22, 25, '2026-03-09 08:09:24.276546+00', '2026-03-09 08:09:24.276546+00'),
	('493dad94-7c76-4250-9279-133ab86eaa42', '108cb8ec-687c-4769-86dc-20d9aae50144', 2, 16, 25, '2026-03-09 08:09:24.276546+00', '2026-03-09 08:09:24.276546+00'),
	('8dc8cfb5-f3cc-44a7-849f-2194bba244b6', '1cf8900e-aadf-4ca4-86aa-1db9459a3cf2', 1, 20, 25, '2026-03-09 08:09:24.276546+00', '2026-03-09 08:09:24.276546+00'),
	('2a1a7bf1-0204-4705-a4d3-66fb127b052c', '1cf8900e-aadf-4ca4-86aa-1db9459a3cf2', 2, 22, 25, '2026-03-09 08:09:24.276546+00', '2026-03-09 08:09:24.276546+00'),
	('305c3c02-e965-4f01-b411-a8c80d702b0d', 'e10485e0-a7ba-418e-afc2-e1e629738e54', 1, 25, 0, '2026-03-09 08:09:24.276546+00', '2026-03-09 08:09:24.276546+00'),
	('6daea758-8a0f-43e7-b1d3-5a2f7e77f0ce', 'e10485e0-a7ba-418e-afc2-e1e629738e54', 2, 25, 0, '2026-03-09 08:09:24.276546+00', '2026-03-09 08:09:24.276546+00'),
	('c707b97e-98ad-47b2-8e22-ab46c3023341', '24d571b4-fc6c-4b92-a0df-0ebb3e7657c9', 1, 20, 25, '2026-03-09 08:09:24.276546+00', '2026-03-09 08:09:24.276546+00'),
	('5464ff69-7bdf-47de-a96d-983c00894fe1', '24d571b4-fc6c-4b92-a0df-0ebb3e7657c9', 2, 25, 18, '2026-03-09 08:09:24.276546+00', '2026-03-09 08:09:24.276546+00'),
	('962757ec-8f1d-4516-8dce-7361e136c703', '24d571b4-fc6c-4b92-a0df-0ebb3e7657c9', 3, 21, 25, '2026-03-09 08:09:24.276546+00', '2026-03-09 08:09:24.276546+00'),
	('a38742b8-0708-4f30-8adf-c42bd8a551fc', '6719d23e-b4d4-4db1-a114-2d75a5d76b07', 1, 23, 25, '2026-03-09 08:09:24.276546+00', '2026-03-09 08:09:24.276546+00'),
	('aa782c37-06f2-4eae-a7d5-9dffc4286cde', '6719d23e-b4d4-4db1-a114-2d75a5d76b07', 2, 26, 24, '2026-03-09 08:09:24.276546+00', '2026-03-09 08:09:24.276546+00'),
	('4b60cc95-d2d0-438e-b60e-c4437efa57ef', '6719d23e-b4d4-4db1-a114-2d75a5d76b07', 3, 25, 21, '2026-03-09 08:09:24.276546+00', '2026-03-09 08:09:24.276546+00'),
	('e47ebaa5-e4b0-4adb-9ae1-e429b653e1a8', 'db11b90a-0df4-4ed2-9de3-2895ddfc82f5', 1, 7, 25, '2026-03-09 08:09:24.276546+00', '2026-03-09 08:09:24.276546+00'),
	('cf7db8bd-342e-4f9b-ac0e-5b1f958c82f8', 'db11b90a-0df4-4ed2-9de3-2895ddfc82f5', 2, 15, 25, '2026-03-09 08:09:24.276546+00', '2026-03-09 08:09:24.276546+00'),
	('f9fa6975-2efd-4596-8368-e1351b35ff5b', '850b179f-2568-49c2-be9f-d2e5c780117c', 1, 25, 9, '2026-03-09 08:09:24.276546+00', '2026-03-09 08:09:24.276546+00'),
	('7373c8d9-9664-4dc4-af3d-ab507472baf7', '850b179f-2568-49c2-be9f-d2e5c780117c', 2, 25, 17, '2026-03-09 08:09:24.276546+00', '2026-03-09 08:09:24.276546+00'),
	('07eae07c-d2f3-4ad2-a389-b07d006ad69f', 'eee158ee-c254-449b-820f-e3e8c260b609', 1, 25, 23, '2026-03-09 08:09:24.276546+00', '2026-03-09 08:09:24.276546+00'),
	('929b279b-04aa-4cf5-9e58-2f5c29552c97', 'eee158ee-c254-449b-820f-e3e8c260b609', 2, 22, 25, '2026-03-09 08:09:24.276546+00', '2026-03-09 08:09:24.276546+00'),
	('47c6fb87-263e-428d-bea8-fd38f4a1d9e9', 'eee158ee-c254-449b-820f-e3e8c260b609', 3, 28, 26, '2026-03-09 08:09:24.276546+00', '2026-03-09 08:09:24.276546+00'),
	('1467707d-9516-4910-8885-f8e7b0c3ddd8', '55e30ae5-057b-4d6f-9bed-8de6a41916ab', 1, 23, 25, '2026-03-09 08:09:24.276546+00', '2026-03-09 08:09:24.276546+00'),
	('2f77e4fc-16e4-471d-b726-59929d71f78b', '55e30ae5-057b-4d6f-9bed-8de6a41916ab', 2, 28, 30, '2026-03-09 08:09:24.276546+00', '2026-03-09 08:09:24.276546+00'),
	('a6f65c0c-5c0e-43df-ba08-136107ce2631', 'f383659f-eeb5-4101-8ff3-913101437452', 1, 25, 10, '2026-03-09 08:09:24.276546+00', '2026-03-09 08:09:24.276546+00'),
	('b271617d-0002-44b0-8667-3eac9bb234bc', 'f383659f-eeb5-4101-8ff3-913101437452', 2, 25, 20, '2026-03-09 08:09:24.276546+00', '2026-03-09 08:09:24.276546+00'),
	('165d83dd-1221-42ed-98de-c73b2a2d73ea', '6ec87dc1-9e4e-4ebf-8e68-b018ed77c806', 1, 25, 17, '2026-03-09 08:09:24.276546+00', '2026-03-09 08:09:24.276546+00'),
	('aae6f272-ed2a-4b5e-a547-db7b1626d598', '6ec87dc1-9e4e-4ebf-8e68-b018ed77c806', 2, 25, 20, '2026-03-09 08:09:24.276546+00', '2026-03-09 08:09:24.276546+00'),
	('763c4752-9791-43b0-ad7a-6b0f306bb5fa', 'ff0ef5b0-5196-43ae-be9b-194d312698d1', 1, 26, 24, '2026-03-09 08:09:24.276546+00', '2026-03-09 08:09:24.276546+00'),
	('45a4d54e-75c2-4f83-857f-ded5e6c59037', 'ff0ef5b0-5196-43ae-be9b-194d312698d1', 2, 24, 26, '2026-03-09 08:09:24.276546+00', '2026-03-09 08:09:24.276546+00'),
	('9db4574f-b098-45f6-a5c9-8118515076b6', 'ff0ef5b0-5196-43ae-be9b-194d312698d1', 3, 22, 25, '2026-03-09 08:09:24.276546+00', '2026-03-09 08:09:24.276546+00'),
	('eb690e51-d38f-43a6-9c7f-95ce9484a234', 'cfb9a00f-1245-477c-a07b-c75a46df5b8a', 1, 19, 25, '2026-03-09 08:09:24.276546+00', '2026-03-09 08:09:24.276546+00'),
	('eb68f4ac-ce96-4036-96b2-d8a35b7bf2b9', 'cfb9a00f-1245-477c-a07b-c75a46df5b8a', 2, 25, 19, '2026-03-09 08:09:24.276546+00', '2026-03-09 08:09:24.276546+00'),
	('b636b991-c209-43be-abad-9f5392e07372', 'cfb9a00f-1245-477c-a07b-c75a46df5b8a', 3, 26, 24, '2026-03-09 08:09:24.276546+00', '2026-03-09 08:09:24.276546+00'),
	('b5d9dd12-b412-45fc-bafa-e7eabf0784c2', 'c9e34bc7-340a-4592-b493-bd8676ef85bb', 1, 25, 20, '2026-03-09 08:09:24.276546+00', '2026-03-09 08:09:24.276546+00'),
	('e1163402-e4a9-4186-a921-d441611f6927', 'c9e34bc7-340a-4592-b493-bd8676ef85bb', 2, 22, 25, '2026-03-09 08:09:24.276546+00', '2026-03-09 08:09:24.276546+00'),
	('ef743976-79df-4425-a72f-42cf4533a7ab', 'c9e34bc7-340a-4592-b493-bd8676ef85bb', 3, 25, 15, '2026-03-09 08:09:24.276546+00', '2026-03-09 08:09:24.276546+00'),
	('e77b4e31-eb33-44fc-8264-28cf274444dc', 'b2bb50df-b06b-494b-aca1-251787738927', 1, 25, 0, '2026-03-09 08:09:24.276546+00', '2026-03-09 08:09:24.276546+00'),
	('a3d4088b-54d8-4560-999d-129e65808bf7', 'b2bb50df-b06b-494b-aca1-251787738927', 2, 25, 0, '2026-03-09 08:09:24.276546+00', '2026-03-09 08:09:24.276546+00'),
	('5a18bbf3-ec43-48d2-a734-0e27e41e34af', '29931d88-a7a1-4399-8efd-835adab18caa', 1, 25, 18, '2026-03-09 08:09:24.276546+00', '2026-03-09 08:09:24.276546+00'),
	('4b83de78-2641-4cec-8bb1-708f1756e69f', '29931d88-a7a1-4399-8efd-835adab18caa', 2, 25, 23, '2026-03-09 08:09:24.276546+00', '2026-03-09 08:09:24.276546+00'),
	('197ab04b-9324-41da-af8f-a6aadb5a0ca8', '3cc4cef0-d6e1-45b5-b627-aee07c1c1b97', 1, 25, 0, '2026-03-09 08:09:24.276546+00', '2026-03-09 08:09:24.276546+00'),
	('19bf7ff0-db7c-40ff-8a9f-70e628a5d07d', '3cc4cef0-d6e1-45b5-b627-aee07c1c1b97', 2, 25, 0, '2026-03-09 08:09:24.276546+00', '2026-03-09 08:09:24.276546+00'),
	('af7340ad-78d6-46cc-8700-df3db2408227', '782808e5-c6a4-41b1-a265-0a5dcd57bb98', 1, 19, 25, '2026-03-09 08:09:24.276546+00', '2026-03-09 08:09:24.276546+00'),
	('15c33936-571b-4407-acb9-ea05c4b8a2d9', '782808e5-c6a4-41b1-a265-0a5dcd57bb98', 2, 25, 23, '2026-03-09 08:09:24.276546+00', '2026-03-09 08:09:24.276546+00'),
	('f024d722-d9bb-4caa-be29-e9aaf4644b46', '782808e5-c6a4-41b1-a265-0a5dcd57bb98', 3, 16, 25, '2026-03-09 08:09:24.276546+00', '2026-03-09 08:09:24.276546+00'),
	('8e4353aa-1973-4506-96bc-5de97d246504', '60f46597-f35e-4592-802e-a311f0ccfab0', 1, 22, 25, '2026-03-09 08:09:24.276546+00', '2026-03-09 08:09:24.276546+00'),
	('64d09d0e-675c-41e7-86b3-b643132ed465', '60f46597-f35e-4592-802e-a311f0ccfab0', 2, 25, 16, '2026-03-09 08:09:24.276546+00', '2026-03-09 08:09:24.276546+00'),
	('41a842d9-9e24-4634-bc05-ab3fd4037d26', '60f46597-f35e-4592-802e-a311f0ccfab0', 3, 25, 19, '2026-03-09 08:09:24.276546+00', '2026-03-09 08:09:24.276546+00'),
	('4ba3370c-0a21-46b1-b856-1a159c18ff9b', 'ede5b1a6-edbf-4b3a-be71-2e6fafbf278f', 1, 25, 17, '2026-03-09 08:09:24.276546+00', '2026-03-09 08:09:24.276546+00'),
	('f508219b-500a-4bd6-b95a-0701242d2165', 'ede5b1a6-edbf-4b3a-be71-2e6fafbf278f', 2, 25, 18, '2026-03-09 08:09:24.276546+00', '2026-03-09 08:09:24.276546+00'),
	('fc2faaa4-d5a8-4839-8025-be2615a7d5e8', 'c5afc2f0-faa7-4f8f-9412-451b85f538aa', 1, 21, 25, '2026-03-09 08:09:24.276546+00', '2026-03-09 08:09:24.276546+00'),
	('d0ea5a7c-3ae8-4388-9086-44f79a876b8f', 'c5afc2f0-faa7-4f8f-9412-451b85f538aa', 2, 19, 25, '2026-03-09 08:09:24.276546+00', '2026-03-09 08:09:24.276546+00'),
	('9c581704-7d97-433c-8b3b-94044ab7d425', '1bb55dfe-7ab4-4c44-9d03-8bb37eddff7b', 1, 8, 25, '2026-03-09 08:09:24.276546+00', '2026-03-09 08:09:24.276546+00'),
	('333bcabc-17ed-45a3-8d16-45c60b32d3d5', '1bb55dfe-7ab4-4c44-9d03-8bb37eddff7b', 2, 23, 25, '2026-03-09 08:09:24.276546+00', '2026-03-09 08:09:24.276546+00'),
	('43d623a2-39c4-4d3e-bf8d-4a9de4735a50', '642816fd-5d43-4aad-8914-f2a8b43cfdd0', 1, 25, 16, '2026-03-09 08:09:24.276546+00', '2026-03-09 08:09:24.276546+00'),
	('e7ad0a49-76cc-4c86-a29b-f2a42b577049', '642816fd-5d43-4aad-8914-f2a8b43cfdd0', 2, 25, 22, '2026-03-09 08:09:24.276546+00', '2026-03-09 08:09:24.276546+00'),
	('5147aedc-3581-48c4-ae66-841e50aabc16', 'df562b92-b0c3-4aed-9dc1-ad7c008b4547', 1, 19, 25, '2026-03-09 08:09:24.276546+00', '2026-03-09 08:09:24.276546+00'),
	('9eb3e7fa-3741-4aeb-8215-77ce0fd83b15', 'df562b92-b0c3-4aed-9dc1-ad7c008b4547', 2, 20, 25, '2026-03-09 08:09:24.276546+00', '2026-03-09 08:09:24.276546+00'),
	('2c8ef9f8-3e34-49c0-8186-b3adf98818bc', '393f83b6-4c64-4a98-9dfe-68e96aea22a9', 1, 26, 24, '2026-03-09 08:09:24.276546+00', '2026-03-09 08:09:24.276546+00'),
	('5f268002-87ec-467f-92a6-2e6c7762fb35', '393f83b6-4c64-4a98-9dfe-68e96aea22a9', 2, 21, 25, '2026-03-09 08:09:24.276546+00', '2026-03-09 08:09:24.276546+00'),
	('c1da7307-dfe7-4e92-8b6c-4dc3047cdeb7', '393f83b6-4c64-4a98-9dfe-68e96aea22a9', 3, 25, 21, '2026-03-09 08:09:24.276546+00', '2026-03-09 08:09:24.276546+00'),
	('d5a920ab-9a71-40be-ae5b-f57758ded271', '6fd96e10-6c36-43ca-801d-517917dfa2f4', 1, 25, 0, '2026-03-09 08:09:24.276546+00', '2026-03-09 08:09:24.276546+00'),
	('51f2c485-073d-49f4-9fdb-0de4554d54b7', '6fd96e10-6c36-43ca-801d-517917dfa2f4', 2, 25, 0, '2026-03-09 08:09:24.276546+00', '2026-03-09 08:09:24.276546+00'),
	('b4c64bdd-bec5-486d-916a-5de8070cea47', '223bd382-2eef-404f-864f-2286dd5fdc78', 1, 25, 13, '2026-03-09 08:09:24.276546+00', '2026-03-09 08:09:24.276546+00'),
	('3917ee68-fef8-43b5-bbb7-dd2a29178ddd', '223bd382-2eef-404f-864f-2286dd5fdc78', 2, 25, 21, '2026-03-09 08:09:24.276546+00', '2026-03-09 08:09:24.276546+00'),
	('05c5c1ae-eb44-4fb4-b72b-33515f176643', '88745624-2816-4e52-9490-b9bb598a93ba', 1, 25, 0, '2026-03-09 08:09:24.276546+00', '2026-03-09 08:09:24.276546+00'),
	('dc7c6386-f6ab-4922-8118-9a05fc9f2dcb', '88745624-2816-4e52-9490-b9bb598a93ba', 2, 25, 0, '2026-03-09 08:09:24.276546+00', '2026-03-09 08:09:24.276546+00'),
	('680c3631-28d0-4a56-bdf4-b46a2937fda8', '34df5ce3-8f50-4b53-bfa6-ba89c360c6db', 1, 10, 25, '2026-03-22 16:26:27.338153+00', '2026-03-22 16:26:27.338153+00'),
	('fe1731b5-1124-4142-b1aa-0f6773c254e8', '34df5ce3-8f50-4b53-bfa6-ba89c360c6db', 2, 25, 19, '2026-03-22 16:26:27.338153+00', '2026-03-22 16:26:27.338153+00'),
	('7789ec03-e655-47a3-b178-df2309e02e05', '34df5ce3-8f50-4b53-bfa6-ba89c360c6db', 3, 25, 20, '2026-03-22 16:26:27.338153+00', '2026-03-22 16:26:27.338153+00'),
	('cd15bf96-fc05-460e-bb2c-660ed793f337', '6e21d9c5-b443-4db7-ade2-e65c919b8764', 1, 27, 29, '2026-03-22 16:31:26.989688+00', '2026-03-22 16:31:26.989688+00'),
	('30f63f92-d409-4670-9abf-5a168dfc61cd', '6e21d9c5-b443-4db7-ade2-e65c919b8764', 2, 16, 25, '2026-03-22 16:31:26.989688+00', '2026-03-22 16:31:26.989688+00'),
	('9951184b-8acc-4125-ac5d-f5b557832c03', '4bb1a05b-7d7e-4e9c-b9a8-327877b8c285', 1, 0, 25, '2026-03-22 16:31:41.243293+00', '2026-03-22 16:31:41.243293+00'),
	('51e371ce-ceb6-4b0a-9e5d-a2d5bc6d1823', '4bb1a05b-7d7e-4e9c-b9a8-327877b8c285', 2, 0, 25, '2026-03-22 16:31:41.243293+00', '2026-03-22 16:31:41.243293+00'),
	('24bc3ec7-7f62-456c-8615-5542d51d0aa9', 'a8e3dbb0-4f4b-4c79-892d-7e01efdfe42d', 1, 25, 0, '2026-03-22 16:32:33.666696+00', '2026-03-22 16:32:33.666696+00'),
	('372889d4-833d-4d9b-b139-fa75f6b55026', 'a8e3dbb0-4f4b-4c79-892d-7e01efdfe42d', 2, 25, 0, '2026-03-22 16:32:33.666696+00', '2026-03-22 16:32:33.666696+00'),
	('164cb06e-1c3c-4eba-9b62-b5e5bc850b64', '75ab8bd6-2571-43f1-9ca8-271f8eb0a631', 1, 26, 24, '2026-03-22 16:33:19.426264+00', '2026-03-22 16:33:19.426264+00'),
	('9d21735b-c01a-49df-9c88-ff5cf2bde363', '75ab8bd6-2571-43f1-9ca8-271f8eb0a631', 2, 25, 19, '2026-03-22 16:33:19.426264+00', '2026-03-22 16:33:19.426264+00'),
	('ee3d7067-037f-434a-b2da-a399b74dbe43', '4bbb4c06-cfea-475e-b518-8c118665a74f', 1, 25, 17, '2026-03-30 09:57:23.022627+00', '2026-03-30 09:57:23.022627+00'),
	('37dbc9ca-5754-4a10-9f5d-13c08e81529a', '4bbb4c06-cfea-475e-b518-8c118665a74f', 2, 25, 18, '2026-03-30 09:57:23.022627+00', '2026-03-30 09:57:23.022627+00'),
	('3ebf3a09-25c3-467e-b6d3-592c15454d72', '2158a6c5-dadb-4311-bf69-bee5eb4019f1', 1, 25, 23, '2026-03-30 09:58:03.131384+00', '2026-03-30 09:58:03.131384+00'),
	('ba733d31-1b90-45a3-a7a7-b7a216a0f4ef', '2158a6c5-dadb-4311-bf69-bee5eb4019f1', 2, 15, 25, '2026-03-30 09:58:03.131384+00', '2026-03-30 09:58:03.131384+00'),
	('07034f36-768b-463a-a5fa-86d6dabe89c5', '2158a6c5-dadb-4311-bf69-bee5eb4019f1', 3, 17, 25, '2026-03-30 09:58:03.131384+00', '2026-03-30 09:58:03.131384+00'),
	('1a8ff846-3a6b-4181-a52a-ce3651d3cccb', '05052ece-2c9a-4b54-8994-a1bffc16fcea', 1, 25, 20, '2026-04-04 14:32:11.527303+00', '2026-04-04 14:32:11.527303+00'),
	('9aa610f2-69e7-4764-b430-28b28e85b07f', '05052ece-2c9a-4b54-8994-a1bffc16fcea', 2, 19, 25, '2026-04-04 14:32:11.527303+00', '2026-04-04 14:32:11.527303+00'),
	('5b7ec65c-bdb1-45d6-9d25-55d38134614b', '05052ece-2c9a-4b54-8994-a1bffc16fcea', 3, 25, 23, '2026-04-04 14:32:11.527303+00', '2026-04-04 14:32:11.527303+00'),
	('5cad382c-bba0-4fda-9e21-a151f04823f1', '05052ece-2c9a-4b54-8994-a1bffc16fcea', 4, 23, 25, '2026-04-04 14:32:11.527303+00', '2026-04-04 14:32:11.527303+00'),
	('6059fe34-366c-4079-bf55-b59a8ae8df66', '05052ece-2c9a-4b54-8994-a1bffc16fcea', 5, 9, 15, '2026-04-04 14:32:11.527303+00', '2026-04-04 14:32:11.527303+00'),
	('994a318c-5bcb-46d4-98cb-32986f13b173', 'c80edf63-7e4f-41bd-bce6-e0fe2e87ed12', 4, 25, 23, '2026-04-18 15:19:05.203872+00', '2026-04-18 15:19:05.203872+00'),
	('ebd6eb6c-b829-4ba6-aa44-d4bae6136082', 'c80edf63-7e4f-41bd-bce6-e0fe2e87ed12', 5, 7, 15, '2026-04-18 15:19:05.203872+00', '2026-04-18 15:19:05.203872+00'),
	('2e847b3e-fcd8-4786-9bba-05b5403a42b8', '5e8176ec-ce1a-499e-a339-5587e31f3e24', 1, 25, 18, '2026-04-18 15:21:41.473005+00', '2026-04-18 15:21:41.473005+00'),
	('59e7e212-acb3-4f28-8dab-ca9b385c5170', '5e8176ec-ce1a-499e-a339-5587e31f3e24', 2, 22, 25, '2026-04-18 15:21:41.473005+00', '2026-04-18 15:21:41.473005+00'),
	('c7c091fc-02a6-431e-8993-90a28fe5f26b', '5e8176ec-ce1a-499e-a339-5587e31f3e24', 3, 25, 20, '2026-04-18 15:21:41.473005+00', '2026-04-18 15:21:41.473005+00'),
	('e65f9627-4585-4793-b767-51fccfbbab16', '5e8176ec-ce1a-499e-a339-5587e31f3e24', 4, 23, 25, '2026-04-18 15:21:41.473005+00', '2026-04-18 15:21:41.473005+00'),
	('59326982-f598-4c30-b2f0-096c0ffd45cc', '5e8176ec-ce1a-499e-a339-5587e31f3e24', 5, 15, 8, '2026-04-18 15:21:41.473005+00', '2026-04-18 15:21:41.473005+00');


--
-- Data for Name: pending_users; Type: TABLE DATA; Schema: public; Owner: postgres
--



--
-- Data for Name: player_stats; Type: TABLE DATA; Schema: public; Owner: postgres
--



--
-- Data for Name: player_team_seasons; Type: TABLE DATA; Schema: public; Owner: postgres
--

INSERT INTO "public"."player_team_seasons" ("id", "player_id", "team_id", "season_id", "joined_at", "left_at", "created_at", "role") VALUES
	('3de175dc-4412-4866-a243-bf88064fa24d', 'dbdedb0e-2492-428d-ba22-589a361ee6e3', '5e4979a4-d119-4b24-9d76-2ad7e234c744', 'df9b04fe-29a1-4833-b377-bd6ef4ecc8b2', '2026-03-01 06:44:17.561+00', '2026-03-01 06:46:12.356+00', '2026-03-01 06:44:17.899891+00', 'player'),
	('c1dcb1a8-b847-44b7-980c-7eb707da22ed', 'f718705c-932d-4332-a76f-c4cedc299fd0', '71fc4973-e0d6-4d87-97dc-7d010c069aef', 'df9b04fe-29a1-4833-b377-bd6ef4ecc8b2', '2026-03-04 16:07:18.012+00', NULL, '2026-03-04 16:07:19.827547+00', 'player'),
	('25ce7e75-88fa-4fdf-ac4a-a28496d8e83b', '61e673b6-b3c1-4b9e-938b-62bd86ca7eac', '71fc4973-e0d6-4d87-97dc-7d010c069aef', 'df9b04fe-29a1-4833-b377-bd6ef4ecc8b2', '2026-03-04 05:52:41.627+00', '2026-03-04 16:07:21.955+00', '2026-03-04 05:52:42.986213+00', 'player'),
	('67670686-8219-46bc-a346-4a8ab9624ca9', 'b07ebc91-f385-4a8d-b577-f27add76b5a8', '71fc4973-e0d6-4d87-97dc-7d010c069aef', 'df9b04fe-29a1-4833-b377-bd6ef4ecc8b2', '2026-03-04 16:09:25.928+00', '2026-03-04 16:09:41.29+00', '2026-03-04 16:09:27.765196+00', 'player'),
	('d098a01f-2c03-4e78-b547-ce4ec0dccb70', 'dbdedb0e-2492-428d-ba22-589a361ee6e3', '5e4979a4-d119-4b24-9d76-2ad7e234c744', 'df9b04fe-29a1-4833-b377-bd6ef4ecc8b2', '2026-03-01 16:50:37.745+00', '2026-03-04 16:13:43.749+00', '2026-03-01 16:50:38.838855+00', 'player'),
	('e4111ac3-1fc3-453a-97f8-004773245278', '77f05cb6-93e3-4155-8f52-93647e7edd2d', '5e09b019-7325-4bb5-a2db-1f1dd5cf5a7f', 'df9b04fe-29a1-4833-b377-bd6ef4ecc8b2', '2026-03-04 09:13:43.012+00', NULL, '2026-03-04 09:13:43.13602+00', 'captain'),
	('c00e4106-320c-4c14-991a-23020fd39bf4', '433685a2-2152-43a9-b176-a6732cea96e0', '5e09b019-7325-4bb5-a2db-1f1dd5cf5a7f', 'df9b04fe-29a1-4833-b377-bd6ef4ecc8b2', '2026-03-01 16:50:48.454+00', NULL, '2026-03-01 16:50:49.548646+00', 'vice_captain'),
	('fc7dd96a-86ed-44fe-b11f-f315ed542c6a', '38c09c2a-62b7-4f73-9ba5-96c401ae6857', '5e09b019-7325-4bb5-a2db-1f1dd5cf5a7f', 'df9b04fe-29a1-4833-b377-bd6ef4ecc8b2', '2026-03-05 03:01:01.414+00', NULL, '2026-03-05 03:01:03.347835+00', 'player'),
	('1a79b5c5-5304-4045-9ac6-a17823ad696a', '89bae889-29be-4743-bd11-d8bf0744e313', '5e09b019-7325-4bb5-a2db-1f1dd5cf5a7f', 'df9b04fe-29a1-4833-b377-bd6ef4ecc8b2', '2026-03-05 03:01:38.408+00', NULL, '2026-03-05 03:01:40.34076+00', 'player'),
	('c035cbec-2d22-404f-90b4-d61c20bc0145', 'c09ad332-5d1d-43bf-826d-254c3313389f', '5e09b019-7325-4bb5-a2db-1f1dd5cf5a7f', 'df9b04fe-29a1-4833-b377-bd6ef4ecc8b2', '2026-03-05 03:01:55.532+00', NULL, '2026-03-05 03:01:57.471352+00', 'player'),
	('f365ed90-2a1e-4bff-8c04-5a835b1b3fba', '08cadacc-e363-4235-8f94-f949186cbd16', '5e09b019-7325-4bb5-a2db-1f1dd5cf5a7f', 'df9b04fe-29a1-4833-b377-bd6ef4ecc8b2', '2026-03-05 03:02:02.448+00', NULL, '2026-03-05 03:02:04.385266+00', 'player'),
	('d30390fc-e15d-4619-b47f-c3b98b897201', '406be0c8-c715-419c-a882-6d23f16c1fb6', '5e09b019-7325-4bb5-a2db-1f1dd5cf5a7f', 'df9b04fe-29a1-4833-b377-bd6ef4ecc8b2', '2026-03-05 03:02:10.338+00', NULL, '2026-03-05 03:02:12.292238+00', 'player'),
	('e0051d29-220f-4da0-848d-7b3fbd3fae6d', '40249a50-e4fa-407e-8618-ddf119484438', '5e09b019-7325-4bb5-a2db-1f1dd5cf5a7f', 'df9b04fe-29a1-4833-b377-bd6ef4ecc8b2', '2026-03-05 03:02:17.67+00', NULL, '2026-03-05 03:02:19.609767+00', 'player'),
	('dc249703-0039-41da-95ff-3d462c92683e', 'cc61e118-9418-4a54-a05e-4e8f4fd5a67a', '5e09b019-7325-4bb5-a2db-1f1dd5cf5a7f', 'df9b04fe-29a1-4833-b377-bd6ef4ecc8b2', '2026-03-05 03:00:45.725+00', NULL, '2026-03-05 03:00:47.669493+00', 'court_captain'),
	('1e7f2910-c8ff-4104-a1f3-7fbf5188c2a0', 'eda9568f-8b2a-4d0b-b19f-39f888ff5878', '5e4979a4-d119-4b24-9d76-2ad7e234c744', 'df9b04fe-29a1-4833-b377-bd6ef4ecc8b2', '2026-03-05 04:56:50.918+00', NULL, '2026-03-05 04:56:51.059037+00', 'player'),
	('b6b4b64f-329e-4331-936d-516ff5558835', 'dbdedb0e-2492-428d-ba22-589a361ee6e3', '5e4979a4-d119-4b24-9d76-2ad7e234c744', 'df9b04fe-29a1-4833-b377-bd6ef4ecc8b2', '2026-03-05 04:57:00.096+00', NULL, '2026-03-05 04:57:00.233582+00', 'player'),
	('27162cb1-bc03-4d33-9c89-e38bd79052a4', '3d83a3b5-c850-4e4d-8e6d-9b901cfb19cb', '5e4979a4-d119-4b24-9d76-2ad7e234c744', 'df9b04fe-29a1-4833-b377-bd6ef4ecc8b2', '2026-03-04 07:15:53.907+00', NULL, '2026-03-04 07:15:55.368846+00', 'captain'),
	('126c1c9f-861e-46b6-876d-92c31c585748', 'ecd67385-d50e-4031-beb6-9fb11841126f', '5e4979a4-d119-4b24-9d76-2ad7e234c744', 'df9b04fe-29a1-4833-b377-bd6ef4ecc8b2', '2026-03-05 02:15:32.702+00', NULL, '2026-03-05 02:15:34.570765+00', 'vice_captain'),
	('a331591c-6535-4367-add2-e4af4e29a6ec', '02d7c05f-6e48-468c-9fc0-fb6a4a2c4ff8', '5e4979a4-d119-4b24-9d76-2ad7e234c744', 'df9b04fe-29a1-4833-b377-bd6ef4ecc8b2', '2026-03-05 04:56:30.871+00', NULL, '2026-03-05 04:56:31.438417+00', 'court_captain'),
	('12bab913-b39f-41c1-887a-5742e5da5a9e', '02e7b446-6275-42ec-892d-a29520531fb6', 'd05fdbdf-d4d9-43b5-b3c1-78a81b31138b', 'df9b04fe-29a1-4833-b377-bd6ef4ecc8b2', '2026-03-04 05:52:22.446+00', NULL, '2026-03-04 05:52:23.789563+00', 'captain'),
	('ecbd2802-c79f-4d9d-a306-a0b8fc8e983b', 'c7e3ed86-788c-46f8-8de9-b8aafd9e3540', '9d938e02-c7bb-45d4-a41e-5d7ee30aea58', 'df9b04fe-29a1-4833-b377-bd6ef4ecc8b2', '2026-03-07 09:03:56.756+00', NULL, '2026-03-07 09:03:58.487922+00', 'captain'),
	('2f71fc23-c0c3-4c16-a460-b18c6b1cd81d', '81538979-e979-4e40-8741-ea9ee76b7001', '703c7299-2d5b-42a4-8b32-79241c01070c', 'df9b04fe-29a1-4833-b377-bd6ef4ecc8b2', '2026-03-07 09:07:05.054+00', NULL, '2026-03-07 09:07:06.783459+00', 'captain'),
	('d84fe3d2-59cf-4ff4-ae9b-86ccddfa230b', '89abc7da-529a-407b-afea-e014c981f7dd', '5e09b019-7325-4bb5-a2db-1f1dd5cf5a7f', 'df9b04fe-29a1-4833-b377-bd6ef4ecc8b2', '2026-03-09 05:55:25.476+00', NULL, '2026-03-09 05:55:25.937613+00', 'player'),
	('1658ca01-cc57-449b-8753-3ce9031fe8e2', '1cf21a08-0716-41cc-b2c0-3f812efdf030', '5e09b019-7325-4bb5-a2db-1f1dd5cf5a7f', 'df9b04fe-29a1-4833-b377-bd6ef4ecc8b2', '2026-03-09 05:55:47.141+00', NULL, '2026-03-09 05:55:47.170794+00', 'player'),
	('2b470155-5d27-40f8-b8f3-4179ab73be8f', '0c13159e-d6d5-4e12-b43a-ca4ea8d06191', '5e09b019-7325-4bb5-a2db-1f1dd5cf5a7f', 'df9b04fe-29a1-4833-b377-bd6ef4ecc8b2', '2026-03-09 05:55:58.9+00', NULL, '2026-03-09 05:55:58.941463+00', 'player'),
	('8a56a123-f787-444f-98ac-f91b530b724b', '7e2834c3-e194-4483-916f-8ccf40b36eb9', '5e09b019-7325-4bb5-a2db-1f1dd5cf5a7f', 'df9b04fe-29a1-4833-b377-bd6ef4ecc8b2', '2026-03-09 05:56:10.113+00', NULL, '2026-03-09 05:56:10.152348+00', 'player'),
	('0ad860d1-a322-4c30-a4c6-cdf3207ef553', '12aacb80-4049-43ea-8d28-8fce41647963', '5e09b019-7325-4bb5-a2db-1f1dd5cf5a7f', 'df9b04fe-29a1-4833-b377-bd6ef4ecc8b2', '2026-03-09 05:56:21.078+00', NULL, '2026-03-09 05:56:21.103218+00', 'player'),
	('43325e9a-9d62-4e06-87a0-f9bd054c9e6e', '57db7ee1-7dce-44e4-8430-0d9a7aa69638', '5e09b019-7325-4bb5-a2db-1f1dd5cf5a7f', 'df9b04fe-29a1-4833-b377-bd6ef4ecc8b2', '2026-03-09 05:56:31.727+00', NULL, '2026-03-09 05:56:31.754304+00', 'player'),
	('570742d3-ae1a-495a-b46a-e2ea657e45f3', '6c26c388-f704-42a0-a6e9-6198ada23148', '5e09b019-7325-4bb5-a2db-1f1dd5cf5a7f', 'df9b04fe-29a1-4833-b377-bd6ef4ecc8b2', '2026-03-09 05:56:45.378+00', NULL, '2026-03-09 05:56:45.40534+00', 'player'),
	('8ee4b582-affa-4041-b593-1f2c50957326', 'f2dc37d4-63c6-4df5-924a-0c6e39e6d5d4', 'd05fdbdf-d4d9-43b5-b3c1-78a81b31138b', 'df9b04fe-29a1-4833-b377-bd6ef4ecc8b2', '2026-03-09 05:59:35.13+00', NULL, '2026-03-09 05:59:35.370764+00', 'vice_captain'),
	('92600369-a9a3-4815-b763-cff4a062dd9f', '48642772-d148-4556-ab08-e98c03249acd', 'd05fdbdf-d4d9-43b5-b3c1-78a81b31138b', 'df9b04fe-29a1-4833-b377-bd6ef4ecc8b2', '2026-03-09 05:59:54.814+00', NULL, '2026-03-09 05:59:54.844469+00', 'court_captain'),
	('b7ada1ec-0ad5-4a50-a24b-0dcf55729821', '19bb4627-b1c1-4d24-8e55-1a95400cf782', 'd05fdbdf-d4d9-43b5-b3c1-78a81b31138b', 'df9b04fe-29a1-4833-b377-bd6ef4ecc8b2', '2026-03-09 06:00:11.519+00', NULL, '2026-03-09 06:00:11.544337+00', 'player'),
	('ea60c289-7b52-411e-8284-a393a0676717', 'ff825124-e58c-4b2c-8dba-aa3036027d8d', 'd05fdbdf-d4d9-43b5-b3c1-78a81b31138b', 'df9b04fe-29a1-4833-b377-bd6ef4ecc8b2', '2026-03-09 06:00:20.164+00', NULL, '2026-03-09 06:00:20.215922+00', 'player'),
	('3b298a04-334b-4c03-a52b-3b6d2fd984cc', 'cf8367fb-c774-4e22-943a-c6b297d8dd39', 'd05fdbdf-d4d9-43b5-b3c1-78a81b31138b', 'df9b04fe-29a1-4833-b377-bd6ef4ecc8b2', '2026-03-09 06:00:33.184+00', NULL, '2026-03-09 06:00:33.209265+00', 'player'),
	('268e3d6f-20f0-4256-b431-00769f89f889', 'f31759b2-7f18-4734-a27b-e49235d1963e', 'd05fdbdf-d4d9-43b5-b3c1-78a81b31138b', 'df9b04fe-29a1-4833-b377-bd6ef4ecc8b2', '2026-03-09 06:00:40.981+00', NULL, '2026-03-09 06:00:41.029205+00', 'player'),
	('55e76861-17a4-4482-8fce-7929bae873ce', '08c0d81e-af1a-47ee-b878-a1b35f3de3fd', 'd05fdbdf-d4d9-43b5-b3c1-78a81b31138b', 'df9b04fe-29a1-4833-b377-bd6ef4ecc8b2', '2026-03-09 06:00:50.782+00', NULL, '2026-03-09 06:00:50.804317+00', 'player'),
	('88596495-e630-40f3-9410-17be367896df', 'ca6b6ce3-fbd7-49ea-9ca0-6797cd62a77e', 'd05fdbdf-d4d9-43b5-b3c1-78a81b31138b', 'df9b04fe-29a1-4833-b377-bd6ef4ecc8b2', '2026-03-09 06:00:58.783+00', NULL, '2026-03-09 06:00:58.83813+00', 'player'),
	('62ac5924-005b-4ed5-8f80-09297dd9c6e5', '51fbabe0-a3af-4f81-a944-8c82f07df787', 'd05fdbdf-d4d9-43b5-b3c1-78a81b31138b', 'df9b04fe-29a1-4833-b377-bd6ef4ecc8b2', '2026-03-09 06:01:06.841+00', NULL, '2026-03-09 06:01:06.871975+00', 'player'),
	('039f7e06-831e-4702-943d-c62b3a5cd3a3', '509ce555-cf2a-4ac8-9c5f-767ac7c2115d', 'd05fdbdf-d4d9-43b5-b3c1-78a81b31138b', 'df9b04fe-29a1-4833-b377-bd6ef4ecc8b2', '2026-03-09 06:01:13.6+00', NULL, '2026-03-09 06:01:13.627191+00', 'player'),
	('f597e6f0-ae74-46ed-ba68-ff81d2a3a0ca', '092f5a3b-b3f9-47eb-b03c-6f0ecd7c9e34', 'd05fdbdf-d4d9-43b5-b3c1-78a81b31138b', 'df9b04fe-29a1-4833-b377-bd6ef4ecc8b2', '2026-03-09 06:01:21.952+00', NULL, '2026-03-09 06:01:22.037154+00', 'player'),
	('f374558f-fbab-46d2-94ac-9e86d408cf33', 'd81f1563-7e57-4c06-be2f-a7ffdcadf29d', 'd05fdbdf-d4d9-43b5-b3c1-78a81b31138b', 'df9b04fe-29a1-4833-b377-bd6ef4ecc8b2', '2026-03-09 06:01:29.299+00', NULL, '2026-03-09 06:01:29.33457+00', 'player'),
	('1779a521-ba1a-4d50-8851-28beea47bca6', '09725f14-7c96-4652-8d59-cdcfca1becfc', 'd05fdbdf-d4d9-43b5-b3c1-78a81b31138b', 'df9b04fe-29a1-4833-b377-bd6ef4ecc8b2', '2026-03-09 06:01:37.514+00', NULL, '2026-03-09 06:01:37.546454+00', 'player'),
	('bbc422c8-a15a-49e5-a210-97822ea36c79', '4d5e8ee6-8aaf-4193-a514-cd8cc1ced448', 'd05fdbdf-d4d9-43b5-b3c1-78a81b31138b', 'df9b04fe-29a1-4833-b377-bd6ef4ecc8b2', '2026-03-09 06:01:44.66+00', NULL, '2026-03-09 06:01:44.680477+00', 'player'),
	('79bafcb6-feb7-4ea3-a9c6-e2b6a77c9ff4', 'f4cafe92-f281-46fe-98c2-57b8c1ffb30f', '9d938e02-c7bb-45d4-a41e-5d7ee30aea58', 'df9b04fe-29a1-4833-b377-bd6ef4ecc8b2', '2026-03-09 06:02:21.672+00', NULL, '2026-03-09 06:02:21.883002+00', 'vice_captain'),
	('aac4520b-0259-4b79-a9e6-9ba9982c6b95', '0a7830e7-30b1-4117-8935-83be370e0bd7', '9d938e02-c7bb-45d4-a41e-5d7ee30aea58', 'df9b04fe-29a1-4833-b377-bd6ef4ecc8b2', '2026-03-09 06:02:36.072+00', NULL, '2026-03-09 06:02:36.143447+00', 'court_captain'),
	('5012895a-f870-4871-b820-358972ad5f3c', 'ab662599-619d-415d-8089-baec04b27b1e', '9d938e02-c7bb-45d4-a41e-5d7ee30aea58', 'df9b04fe-29a1-4833-b377-bd6ef4ecc8b2', '2026-03-09 06:02:48.908+00', NULL, '2026-03-09 06:02:49.154519+00', 'player'),
	('6350ed97-8ed9-489a-a87d-66a1ff05c4a8', '6bce4368-05de-4635-91dc-2f46468e5a5e', '9d938e02-c7bb-45d4-a41e-5d7ee30aea58', 'df9b04fe-29a1-4833-b377-bd6ef4ecc8b2', '2026-03-09 06:02:59.398+00', NULL, '2026-03-09 06:02:59.425228+00', 'player'),
	('ed93884b-8e6c-46e3-9278-59fe69b22b68', 'c064f2c6-96ed-473b-b223-04b98659a541', '9d938e02-c7bb-45d4-a41e-5d7ee30aea58', 'df9b04fe-29a1-4833-b377-bd6ef4ecc8b2', '2026-03-09 06:03:06.84+00', NULL, '2026-03-09 06:03:06.881527+00', 'player'),
	('b82f0be6-c03c-4d23-97ef-36a5c0d61363', '54de18a1-1702-4475-b81d-eac8fb48a4c9', '9d938e02-c7bb-45d4-a41e-5d7ee30aea58', 'df9b04fe-29a1-4833-b377-bd6ef4ecc8b2', '2026-03-09 06:03:15.213+00', NULL, '2026-03-09 06:03:15.254825+00', 'player'),
	('82e99462-140a-46c1-8071-2d40e74e611c', '714c4b9c-cd9d-47b5-bf2e-5c1e93b8ab68', '9d938e02-c7bb-45d4-a41e-5d7ee30aea58', 'df9b04fe-29a1-4833-b377-bd6ef4ecc8b2', '2026-03-09 06:03:24.234+00', NULL, '2026-03-09 06:03:24.270418+00', 'player'),
	('54fea0d6-306d-4178-8078-b0b177a375c3', '776aaded-7a36-4161-a2c6-0a74cf390498', '9d938e02-c7bb-45d4-a41e-5d7ee30aea58', 'df9b04fe-29a1-4833-b377-bd6ef4ecc8b2', '2026-03-09 06:03:32.618+00', NULL, '2026-03-09 06:03:32.64636+00', 'player'),
	('8e473246-c8f1-4415-91f7-00ed4d9e77e9', 'cf12c673-061a-4f50-aefb-68a785fa3833', '9d938e02-c7bb-45d4-a41e-5d7ee30aea58', 'df9b04fe-29a1-4833-b377-bd6ef4ecc8b2', '2026-03-09 06:03:41.727+00', NULL, '2026-03-09 06:03:41.754133+00', 'player'),
	('0ff4a1a0-f58a-4059-aab1-7ffd48528842', '4dd6a3f1-b5e8-4b64-aeb4-7130c7630396', '9d938e02-c7bb-45d4-a41e-5d7ee30aea58', 'df9b04fe-29a1-4833-b377-bd6ef4ecc8b2', '2026-03-09 06:03:48.996+00', NULL, '2026-03-09 06:03:49.025154+00', 'player'),
	('94999271-40d7-416e-8f91-5922043f6f23', 'a1a4fd4f-2285-4f88-82f7-370cf32a8a60', '9d938e02-c7bb-45d4-a41e-5d7ee30aea58', 'df9b04fe-29a1-4833-b377-bd6ef4ecc8b2', '2026-03-09 06:03:55.23+00', NULL, '2026-03-09 06:03:55.256223+00', 'player'),
	('2ff35a37-4db7-4f6c-9e9f-8e68c4631fd1', 'b08b9f71-5713-4c5c-899e-abb733c54db2', '9d938e02-c7bb-45d4-a41e-5d7ee30aea58', 'df9b04fe-29a1-4833-b377-bd6ef4ecc8b2', '2026-03-09 06:04:01.65+00', NULL, '2026-03-09 06:04:01.679915+00', 'player'),
	('01a04dd9-bb15-4465-b489-6ebcba52ba06', '9f4cf63f-7136-4d15-9db5-58d7ee5803df', '9d938e02-c7bb-45d4-a41e-5d7ee30aea58', 'df9b04fe-29a1-4833-b377-bd6ef4ecc8b2', '2026-03-09 06:04:08.265+00', NULL, '2026-03-09 06:04:08.310076+00', 'player'),
	('283cf8c4-829b-495d-b46f-4efe793ebab8', '7bfc8da7-05a4-47d7-a5bd-a846b9bcd59b', '9d938e02-c7bb-45d4-a41e-5d7ee30aea58', 'df9b04fe-29a1-4833-b377-bd6ef4ecc8b2', '2026-03-09 06:04:15.39+00', NULL, '2026-03-09 06:04:15.427298+00', 'player'),
	('df22b348-d67f-4940-af02-4d4ce6e56874', '70e6ba9f-e8f5-428a-8d90-d19ba22103d1', '9045442a-78f9-4849-b8e6-79ba9cda3dfb', 'df9b04fe-29a1-4833-b377-bd6ef4ecc8b2', '2026-03-09 06:04:51.127+00', NULL, '2026-03-09 06:04:51.157039+00', 'captain'),
	('bf1d8d56-0ee3-4491-ada4-883fc61bc6e5', 'c74a2dbc-fcce-47cd-b126-e72e5de8ad15', '9045442a-78f9-4849-b8e6-79ba9cda3dfb', 'df9b04fe-29a1-4833-b377-bd6ef4ecc8b2', '2026-03-09 06:05:03.174+00', NULL, '2026-03-09 06:05:03.212603+00', 'vice_captain'),
	('cbffdd5d-3595-40ad-a49c-a103ab87c27e', 'dcd0651f-f331-43a8-8205-e962702cbad5', '9045442a-78f9-4849-b8e6-79ba9cda3dfb', 'df9b04fe-29a1-4833-b377-bd6ef4ecc8b2', '2026-03-09 06:05:16.127+00', NULL, '2026-03-09 06:05:16.164877+00', 'court_captain'),
	('f741b40a-fd33-43e8-b965-f4cdc9f3d379', '91cd4cd9-5777-4303-8138-cb410d575478', '9045442a-78f9-4849-b8e6-79ba9cda3dfb', 'df9b04fe-29a1-4833-b377-bd6ef4ecc8b2', '2026-03-09 06:05:29.582+00', NULL, '2026-03-09 06:05:29.6296+00', 'player'),
	('68914322-21e7-46c2-809d-c0de369b6075', 'def494ef-685d-4951-9a16-d9164be07c5c', '9045442a-78f9-4849-b8e6-79ba9cda3dfb', 'df9b04fe-29a1-4833-b377-bd6ef4ecc8b2', '2026-03-09 06:05:41.302+00', NULL, '2026-03-09 06:05:41.333229+00', 'player'),
	('e825f05f-c049-405c-b24b-994b97060928', '0c594489-dc74-4a59-a605-002ae4373d79', '9045442a-78f9-4849-b8e6-79ba9cda3dfb', 'df9b04fe-29a1-4833-b377-bd6ef4ecc8b2', '2026-03-09 06:05:47.83+00', NULL, '2026-03-09 06:05:47.862942+00', 'player'),
	('ba184731-81e2-44f8-aedf-80b353543422', '23c6c8d5-6765-4852-b05d-9c35b14454c3', '9045442a-78f9-4849-b8e6-79ba9cda3dfb', 'df9b04fe-29a1-4833-b377-bd6ef4ecc8b2', '2026-03-09 06:05:55.533+00', NULL, '2026-03-09 06:05:55.561366+00', 'player'),
	('6d876c69-c657-4414-89c3-43d2e06cff09', 'ed286b2a-f655-4820-a79a-d39c25a90632', '9045442a-78f9-4849-b8e6-79ba9cda3dfb', 'df9b04fe-29a1-4833-b377-bd6ef4ecc8b2', '2026-03-09 06:06:02.343+00', NULL, '2026-03-09 06:06:02.380926+00', 'player'),
	('2e1dfdcb-326e-4078-af3f-ba09170f53d3', '513aeff4-c87a-43bd-9890-821f892ddd82', '9045442a-78f9-4849-b8e6-79ba9cda3dfb', 'df9b04fe-29a1-4833-b377-bd6ef4ecc8b2', '2026-03-09 06:06:07.667+00', NULL, '2026-03-09 06:06:07.695256+00', 'player'),
	('816e3b3a-9822-428a-a0a1-296432b038f3', 'bce8c20a-1359-4215-a8cc-26518a9acc67', 'a512e347-a077-4aa2-a92c-2f0e991c0d65', 'df9b04fe-29a1-4833-b377-bd6ef4ecc8b2', '2026-03-07 09:04:27.711+00', NULL, '2026-03-07 09:04:29.428192+00', 'captain'),
	('e2d8e3db-5599-4a86-b836-87400f2a4f76', 'edf7a29a-072c-4e19-afca-4473d96effa0', '9045442a-78f9-4849-b8e6-79ba9cda3dfb', 'df9b04fe-29a1-4833-b377-bd6ef4ecc8b2', '2026-03-09 06:06:12.882+00', NULL, '2026-03-09 06:06:12.920086+00', 'player'),
	('d255d3ae-723a-4a25-8f0f-b32554672713', 'ac1e3a5c-46b9-48ad-ab08-0159b691eec9', '9045442a-78f9-4849-b8e6-79ba9cda3dfb', 'df9b04fe-29a1-4833-b377-bd6ef4ecc8b2', '2026-03-09 06:06:35.084+00', NULL, '2026-03-09 06:06:35.106854+00', 'player'),
	('84952341-b677-4845-8f95-a7fb95fb584b', 'e8bde2e2-2a68-4792-b24f-77adb55aa7ec', '9045442a-78f9-4849-b8e6-79ba9cda3dfb', 'df9b04fe-29a1-4833-b377-bd6ef4ecc8b2', '2026-03-09 06:06:42.101+00', NULL, '2026-03-09 06:06:42.12355+00', 'player'),
	('5adaacce-c0ce-44b9-80dd-225b3db9f541', '6810d243-d6d5-47c6-90df-1737fc771f14', '9045442a-78f9-4849-b8e6-79ba9cda3dfb', 'df9b04fe-29a1-4833-b377-bd6ef4ecc8b2', '2026-03-09 06:06:48.796+00', NULL, '2026-03-09 06:06:48.822478+00', 'player'),
	('20ae8a18-d51a-4db0-a6ef-410b40b3b9d7', '9396ad75-b8b1-45b0-b0c5-0a87cd01dc88', '8a4778cd-3d91-493d-b5f8-5db7bd20dd4a', 'df9b04fe-29a1-4833-b377-bd6ef4ecc8b2', '2026-03-09 06:17:47.685+00', NULL, '2026-03-09 06:17:47.735399+00', 'captain'),
	('37196a37-846c-495e-abeb-2f04d50a62d8', '677db758-2caf-49ec-9e0b-4187cb650fd6', '8a4778cd-3d91-493d-b5f8-5db7bd20dd4a', 'df9b04fe-29a1-4833-b377-bd6ef4ecc8b2', '2026-03-09 06:18:15.161+00', NULL, '2026-03-09 06:18:15.190089+00', 'vice_captain'),
	('b9702713-6d81-47db-a8f9-468b5a1bd218', 'c29bc675-3bc0-47fe-aee0-51189815c9e4', '8a4778cd-3d91-493d-b5f8-5db7bd20dd4a', 'df9b04fe-29a1-4833-b377-bd6ef4ecc8b2', '2026-03-09 06:18:27.336+00', NULL, '2026-03-09 06:18:27.394856+00', 'court_captain'),
	('dc47b052-2b53-4ccd-b467-007c05132c13', '98d8204f-2483-4376-8075-9b8f82958afa', '8a4778cd-3d91-493d-b5f8-5db7bd20dd4a', 'df9b04fe-29a1-4833-b377-bd6ef4ecc8b2', '2026-03-09 06:18:40.858+00', NULL, '2026-03-09 06:18:40.892211+00', 'player'),
	('5e5a3333-9a0a-4051-8df3-450ae8e9f5e2', '6698870a-9442-434c-8173-e4bb054125c2', '8a4778cd-3d91-493d-b5f8-5db7bd20dd4a', 'df9b04fe-29a1-4833-b377-bd6ef4ecc8b2', '2026-03-09 06:18:50.347+00', NULL, '2026-03-09 06:18:50.386091+00', 'player'),
	('987eb960-2f09-4f1c-86dd-ee70912acac9', '1cd8a833-c873-438a-b16a-8fb709c8c89e', '8a4778cd-3d91-493d-b5f8-5db7bd20dd4a', 'df9b04fe-29a1-4833-b377-bd6ef4ecc8b2', '2026-03-09 06:18:57.24+00', NULL, '2026-03-09 06:18:57.276586+00', 'player'),
	('31d401f3-322e-4972-a3dc-af0c2d25dfd9', '38d34a54-c8a2-4b52-865f-7e5cefba9266', '8a4778cd-3d91-493d-b5f8-5db7bd20dd4a', 'df9b04fe-29a1-4833-b377-bd6ef4ecc8b2', '2026-03-09 06:19:04.788+00', NULL, '2026-03-09 06:19:04.816732+00', 'player'),
	('a3a132a4-767a-4dc6-bbb3-79ea2067c063', '40759464-68da-443a-8679-6515d3fad45a', '8a4778cd-3d91-493d-b5f8-5db7bd20dd4a', 'df9b04fe-29a1-4833-b377-bd6ef4ecc8b2', '2026-03-09 06:19:13.647+00', NULL, '2026-03-09 06:19:13.680497+00', 'player'),
	('caf207eb-1cb4-48d1-af6f-de5c216a2549', '30446079-fa8f-4193-8c00-437fedf5f661', '8a4778cd-3d91-493d-b5f8-5db7bd20dd4a', 'df9b04fe-29a1-4833-b377-bd6ef4ecc8b2', '2026-03-09 06:19:21.902+00', NULL, '2026-03-09 06:19:21.931132+00', 'player'),
	('eec3b0e2-5f11-4e72-bd2d-59538519e292', 'bf34effd-dc76-4f18-a336-2913033687c3', '8a4778cd-3d91-493d-b5f8-5db7bd20dd4a', 'df9b04fe-29a1-4833-b377-bd6ef4ecc8b2', '2026-03-09 06:19:30.039+00', NULL, '2026-03-09 06:19:30.06676+00', 'player'),
	('f7cd2e4d-f5cc-4b3d-b7d5-e869fdc060ba', '664b22a3-8bed-41c5-9f17-7543fbc239d6', '8a4778cd-3d91-493d-b5f8-5db7bd20dd4a', 'df9b04fe-29a1-4833-b377-bd6ef4ecc8b2', '2026-03-09 06:19:37.151+00', NULL, '2026-03-09 06:19:37.184703+00', 'player'),
	('293f8548-17ee-44cf-827f-53b7c6c62312', 'ee4ebb14-85f8-4268-ae36-4c7b515faa14', '8a4778cd-3d91-493d-b5f8-5db7bd20dd4a', 'df9b04fe-29a1-4833-b377-bd6ef4ecc8b2', '2026-03-09 06:19:44.425+00', NULL, '2026-03-09 06:19:44.476057+00', 'player'),
	('58f23cb3-17a5-4a29-a40a-1b94c472899e', '849f1af2-586b-4827-af90-07ba9b1a4dd4', '8a4778cd-3d91-493d-b5f8-5db7bd20dd4a', 'df9b04fe-29a1-4833-b377-bd6ef4ecc8b2', '2026-03-09 06:19:51.182+00', NULL, '2026-03-09 06:19:51.21058+00', 'player'),
	('bd761016-f03e-4f49-a950-8279b0de20c3', 'ca768994-9731-4c15-af01-304ec3210037', '8a4778cd-3d91-493d-b5f8-5db7bd20dd4a', 'df9b04fe-29a1-4833-b377-bd6ef4ecc8b2', '2026-03-09 06:19:58.377+00', NULL, '2026-03-09 06:19:58.407556+00', 'player'),
	('078fafcb-58f3-49d0-a7ed-0ef0d2e7ed40', 'b0529cce-3612-4b40-90b2-6f4898ee5c87', '8a4778cd-3d91-493d-b5f8-5db7bd20dd4a', 'df9b04fe-29a1-4833-b377-bd6ef4ecc8b2', '2026-03-09 06:20:06.451+00', NULL, '2026-03-09 06:20:06.495147+00', 'player'),
	('f9056779-9226-4439-9632-f4623299fe1d', '857c431b-ea37-471e-80cf-b65ffd2e540f', '8a4778cd-3d91-493d-b5f8-5db7bd20dd4a', 'df9b04fe-29a1-4833-b377-bd6ef4ecc8b2', '2026-03-09 06:20:13.233+00', NULL, '2026-03-09 06:20:13.262139+00', 'player'),
	('70db2509-7020-4910-933f-3bbf78d51ddc', 'ef7489ca-a2a0-44f7-ab9a-d214e206ca29', '20d1191c-9e4a-4c57-9f2b-9201fef0f5f4', 'df9b04fe-29a1-4833-b377-bd6ef4ecc8b2', '2026-03-09 06:21:17.016+00', NULL, '2026-03-09 06:21:17.043629+00', 'captain'),
	('75797b7d-58a4-4479-82d1-37e6219b44db', '1fc86d77-6b9a-4fac-bbb5-d8b90b570c71', '20d1191c-9e4a-4c57-9f2b-9201fef0f5f4', 'df9b04fe-29a1-4833-b377-bd6ef4ecc8b2', '2026-03-09 06:21:27.427+00', NULL, '2026-03-09 06:21:27.475343+00', 'vice_captain'),
	('6f91d251-8159-40a1-b90b-0179016c8667', '7a7135f6-217b-448a-be99-e0be0675814c', '20d1191c-9e4a-4c57-9f2b-9201fef0f5f4', 'df9b04fe-29a1-4833-b377-bd6ef4ecc8b2', '2026-03-09 06:21:47.789+00', NULL, '2026-03-09 06:21:47.824659+00', 'player'),
	('4fee750c-da0c-47d0-bce5-30d5d4c59920', '34844c98-05e2-46e8-8f61-cd616babd6b4', '20d1191c-9e4a-4c57-9f2b-9201fef0f5f4', 'df9b04fe-29a1-4833-b377-bd6ef4ecc8b2', '2026-03-09 06:21:55.669+00', NULL, '2026-03-09 06:21:55.702078+00', 'player'),
	('d494595f-89d5-4736-bb86-f21a960561b9', '31dfa29b-16b7-48f9-9984-bc944b2291f7', '20d1191c-9e4a-4c57-9f2b-9201fef0f5f4', 'df9b04fe-29a1-4833-b377-bd6ef4ecc8b2', '2026-03-09 06:22:01.661+00', NULL, '2026-03-09 06:22:01.684212+00', 'player'),
	('3f9c3b1d-6e57-4133-8b2e-a92508997da4', 'ef5ddd34-912a-4ef5-8022-1c8f90662433', '20d1191c-9e4a-4c57-9f2b-9201fef0f5f4', 'df9b04fe-29a1-4833-b377-bd6ef4ecc8b2', '2026-03-09 06:22:10.494+00', NULL, '2026-03-09 06:22:10.527148+00', 'player'),
	('05e2cca9-75e2-4b3a-9a80-b1d3e4093e06', '07fc3ade-a039-412a-967b-9d319aa9d619', '20d1191c-9e4a-4c57-9f2b-9201fef0f5f4', 'df9b04fe-29a1-4833-b377-bd6ef4ecc8b2', '2026-03-09 06:22:17.164+00', NULL, '2026-03-09 06:22:17.200756+00', 'player'),
	('87c122b7-a2e4-404f-bdc9-77957858ba9e', 'eb68b404-78ce-4324-9fe3-6bf46684dbd2', '20d1191c-9e4a-4c57-9f2b-9201fef0f5f4', 'df9b04fe-29a1-4833-b377-bd6ef4ecc8b2', '2026-03-09 06:22:23.235+00', NULL, '2026-03-09 06:22:23.26796+00', 'player'),
	('6ab0a569-e820-4cc0-b5b8-c65e24609214', 'f831bd7d-5f2b-44b7-a82c-13f41a06939d', '20d1191c-9e4a-4c57-9f2b-9201fef0f5f4', 'df9b04fe-29a1-4833-b377-bd6ef4ecc8b2', '2026-03-09 06:22:30.578+00', NULL, '2026-03-09 06:22:30.60669+00', 'player'),
	('65d8edc3-8c22-4d47-b34a-389aabe6c3aa', 'd3e6ab05-626f-44fe-94b4-660fd6c38eb4', '20d1191c-9e4a-4c57-9f2b-9201fef0f5f4', 'df9b04fe-29a1-4833-b377-bd6ef4ecc8b2', '2026-03-09 06:22:42.69+00', NULL, '2026-03-09 06:22:42.724534+00', 'player'),
	('9edb0c3d-bf16-456b-8658-911742c917cb', '9739f357-1ba9-4bf0-a011-b0ee3d158e1b', '20d1191c-9e4a-4c57-9f2b-9201fef0f5f4', 'df9b04fe-29a1-4833-b377-bd6ef4ecc8b2', '2026-03-09 06:22:48.738+00', NULL, '2026-03-09 06:22:48.771677+00', 'player'),
	('2f5e5e61-f916-4f5a-8afa-b31c64ce2c66', '956e3e6a-3407-4a99-a44d-3215989b47fc', '20d1191c-9e4a-4c57-9f2b-9201fef0f5f4', 'df9b04fe-29a1-4833-b377-bd6ef4ecc8b2', '2026-03-09 06:22:54.654+00', NULL, '2026-03-09 06:22:54.686525+00', 'player'),
	('091c3e65-bd34-4096-a432-eaa79b415f27', '010adb62-cd17-4a7f-a31a-6bf479af9b5f', '7cde1c52-8c8f-4817-be9b-6ed423d200f6', 'df9b04fe-29a1-4833-b377-bd6ef4ecc8b2', '2026-03-09 06:23:28.945+00', NULL, '2026-03-09 06:23:28.985833+00', 'captain'),
	('27a2f304-14c9-424c-b59d-79f821af5312', '9e66b885-983b-4658-8e8f-b2876f9c3ce1', '7cde1c52-8c8f-4817-be9b-6ed423d200f6', 'df9b04fe-29a1-4833-b377-bd6ef4ecc8b2', '2026-03-09 06:39:24.543+00', NULL, '2026-03-09 06:39:25.017144+00', 'vice_captain'),
	('7c1dbf30-9196-4b8e-bdaf-5c66427a3f02', 'b92fef6a-6fc9-43be-a2f3-966aeb27b160', '7cde1c52-8c8f-4817-be9b-6ed423d200f6', 'df9b04fe-29a1-4833-b377-bd6ef4ecc8b2', '2026-03-09 06:39:47.043+00', NULL, '2026-03-09 06:39:47.08528+00', 'court_captain'),
	('b8bad002-936e-40af-a376-2e311b57f981', 'd50f9667-dc16-472a-aef0-cc3360eb7141', '7cde1c52-8c8f-4817-be9b-6ed423d200f6', 'df9b04fe-29a1-4833-b377-bd6ef4ecc8b2', '2026-03-09 06:39:59.558+00', NULL, '2026-03-09 06:39:59.593812+00', 'player'),
	('4d9ac2f5-2345-4041-9800-e6007684bbe3', '4e806056-0026-4d38-afc2-c63ea4791b35', '7cde1c52-8c8f-4817-be9b-6ed423d200f6', 'df9b04fe-29a1-4833-b377-bd6ef4ecc8b2', '2026-03-09 06:40:11.118+00', NULL, '2026-03-09 06:40:11.154807+00', 'player'),
	('8fda0b90-d9b4-4ca4-a9ea-9dbeb4cf95d2', '3f0c5349-2d51-4894-87b5-6bd00accdd6b', '7cde1c52-8c8f-4817-be9b-6ed423d200f6', 'df9b04fe-29a1-4833-b377-bd6ef4ecc8b2', '2026-03-09 06:40:16.418+00', NULL, '2026-03-09 06:40:16.444121+00', 'player'),
	('a6f7b029-e297-4b42-896b-c2f663d3ee15', '524c3981-e2e1-46e7-8eb2-860ad3a76fec', '7cde1c52-8c8f-4817-be9b-6ed423d200f6', 'df9b04fe-29a1-4833-b377-bd6ef4ecc8b2', '2026-03-09 06:40:21.97+00', NULL, '2026-03-09 06:40:22.006058+00', 'player'),
	('95136a24-a9ec-4ef4-8630-f062419a9442', '31eac2ad-f25c-49ca-94d0-186928ef6ee7', '7cde1c52-8c8f-4817-be9b-6ed423d200f6', 'df9b04fe-29a1-4833-b377-bd6ef4ecc8b2', '2026-03-09 06:40:27.747+00', NULL, '2026-03-09 06:40:27.979003+00', 'player'),
	('59012c71-06bf-4b3a-bbf8-bf76f36c4c9b', 'da991fcc-598f-4214-98c5-ef0d8b9a0ef7', '7cde1c52-8c8f-4817-be9b-6ed423d200f6', 'df9b04fe-29a1-4833-b377-bd6ef4ecc8b2', '2026-03-09 06:40:33.049+00', NULL, '2026-03-09 06:40:33.088352+00', 'player'),
	('5050d896-777a-439b-8612-506e100c220b', '6c063e16-799f-4fa8-85da-8aabe8595bd6', '7cde1c52-8c8f-4817-be9b-6ed423d200f6', 'df9b04fe-29a1-4833-b377-bd6ef4ecc8b2', '2026-03-09 06:40:39.024+00', NULL, '2026-03-09 06:40:39.051241+00', 'player'),
	('ddf3ee25-794c-4d18-a575-e1dc528f96a6', '2c1a1b56-612f-45ca-ac3d-41108e3a5ec1', '7cde1c52-8c8f-4817-be9b-6ed423d200f6', 'df9b04fe-29a1-4833-b377-bd6ef4ecc8b2', '2026-03-09 06:40:45.1+00', NULL, '2026-03-09 06:40:45.147756+00', 'player'),
	('7c9cbeb4-11cd-4278-b815-e460f28d33db', '4e242042-09b4-412f-a999-3d6c0cc85eaa', '7cde1c52-8c8f-4817-be9b-6ed423d200f6', 'df9b04fe-29a1-4833-b377-bd6ef4ecc8b2', '2026-03-09 06:40:50.317+00', NULL, '2026-03-09 06:40:50.34277+00', 'player'),
	('1c17f69f-97a3-48a8-8f80-8887719ac6e1', 'b864f4de-d764-4826-84ae-dba45e534acf', '7cde1c52-8c8f-4817-be9b-6ed423d200f6', 'df9b04fe-29a1-4833-b377-bd6ef4ecc8b2', '2026-03-09 06:42:27.315+00', NULL, '2026-03-09 06:42:27.366196+00', 'player'),
	('7ab77a0a-c7a6-482a-b3e3-61ade42769e1', 'b1d98504-3b34-4369-9c10-d30e14c4902c', '7cde1c52-8c8f-4817-be9b-6ed423d200f6', 'df9b04fe-29a1-4833-b377-bd6ef4ecc8b2', '2026-03-09 06:42:33.97+00', NULL, '2026-03-09 06:42:34.006892+00', 'player'),
	('28fcb978-9647-42a9-946f-3e03115968a9', '6287b9e0-c7c1-4812-8d9f-28e824cecc72', '7cde1c52-8c8f-4817-be9b-6ed423d200f6', 'df9b04fe-29a1-4833-b377-bd6ef4ecc8b2', '2026-03-09 06:42:40.906+00', NULL, '2026-03-09 06:42:40.985071+00', 'player'),
	('345e9427-0e6e-4cb2-b04d-c7b82305f9d7', '890a9b0c-6fed-4285-847e-9d4eb5c21699', '5e4979a4-d119-4b24-9d76-2ad7e234c744', 'df9b04fe-29a1-4833-b377-bd6ef4ecc8b2', '2026-03-09 13:20:29.22+00', NULL, '2026-03-09 13:20:30.027797+00', 'player'),
	('6e21e6c9-1c5c-4e61-9225-6671dc8fd0b3', 'e378dee9-cea5-4c75-804b-724f09b1a1a8', '5e4979a4-d119-4b24-9d76-2ad7e234c744', 'df9b04fe-29a1-4833-b377-bd6ef4ecc8b2', '2026-03-09 13:20:37.985+00', NULL, '2026-03-09 13:20:38.02045+00', 'player'),
	('83cd5200-6243-4830-b22f-5f151fb47a45', 'fa07154c-5680-4957-88a0-acbbc1815a29', '5e4979a4-d119-4b24-9d76-2ad7e234c744', 'df9b04fe-29a1-4833-b377-bd6ef4ecc8b2', '2026-03-09 13:40:11.808+00', NULL, '2026-03-09 13:40:11.832164+00', 'player'),
	('9e0844d4-088d-4a99-ad53-c9e6dfc5d2b0', '175cc6db-2165-41c3-b1cd-b5ef8812ee21', '5e4979a4-d119-4b24-9d76-2ad7e234c744', 'df9b04fe-29a1-4833-b377-bd6ef4ecc8b2', '2026-03-09 13:40:19.755+00', NULL, '2026-03-09 13:40:20.285342+00', 'player'),
	('c8b48e73-037f-4cfb-81e7-c810734e9701', '7cdec3f4-d5bd-46a7-bc3f-bbbe72770725', '5e4979a4-d119-4b24-9d76-2ad7e234c744', 'df9b04fe-29a1-4833-b377-bd6ef4ecc8b2', '2026-03-09 13:40:39.546+00', NULL, '2026-03-09 13:40:40.065399+00', 'player'),
	('9599773f-f53d-4625-aa28-edb7ac787cf9', 'eed42d71-3fda-4849-82eb-d9496f7c0793', '5e4979a4-d119-4b24-9d76-2ad7e234c744', 'df9b04fe-29a1-4833-b377-bd6ef4ecc8b2', '2026-03-09 13:41:12.388+00', NULL, '2026-03-09 13:41:12.429764+00', 'player'),
	('401246d7-0ebc-442b-95ba-052b7724c097', 'a0f010eb-d40b-4555-ba8c-53499b1025be', '5e4979a4-d119-4b24-9d76-2ad7e234c744', 'df9b04fe-29a1-4833-b377-bd6ef4ecc8b2', '2026-03-09 13:41:34.48+00', NULL, '2026-03-09 13:41:34.520529+00', 'player'),
	('461112c5-df0e-4819-adbd-718592f75a76', 'd526e7a4-0a7f-406d-aa51-d4b54ce3523d', '5e4979a4-d119-4b24-9d76-2ad7e234c744', 'df9b04fe-29a1-4833-b377-bd6ef4ecc8b2', '2026-03-09 13:41:40.293+00', NULL, '2026-03-09 13:41:40.327478+00', 'player'),
	('9146982f-523c-4f68-8343-d5ddb9de7f26', '7b234f6b-0bd9-4d54-9ca7-de984493f974', '5e4979a4-d119-4b24-9d76-2ad7e234c744', 'df9b04fe-29a1-4833-b377-bd6ef4ecc8b2', '2026-03-09 13:41:55.638+00', NULL, '2026-03-09 13:41:55.857742+00', 'player'),
	('7803e82b-4fcb-4db8-a8da-ca3e03d19aee', '781d8ef8-4de9-4f9a-ac4e-6aa34a63b48e', '5e4979a4-d119-4b24-9d76-2ad7e234c744', 'df9b04fe-29a1-4833-b377-bd6ef4ecc8b2', '2026-03-09 13:42:01.836+00', NULL, '2026-03-09 13:42:01.874786+00', 'player'),
	('f36222e3-07cc-46b0-916e-4c70ec078690', 'c66c6f89-3f1c-4f9c-a387-347da560b209', '5e4979a4-d119-4b24-9d76-2ad7e234c744', 'df9b04fe-29a1-4833-b377-bd6ef4ecc8b2', '2026-03-09 13:42:30.3+00', NULL, '2026-03-09 13:42:30.333308+00', 'player'),
	('f26ac7db-5b93-4662-af67-0307d3ff3452', '5b723e1f-7f87-4db3-afc8-0b0b86332a8c', '71fc4973-e0d6-4d87-97dc-7d010c069aef', 'df9b04fe-29a1-4833-b377-bd6ef4ecc8b2', '2026-03-09 13:43:04.344+00', NULL, '2026-03-09 13:43:04.389241+00', 'captain'),
	('22a17f3b-765c-4e25-875b-ec33d89b2aae', '61e673b6-b3c1-4b9e-938b-62bd86ca7eac', '71fc4973-e0d6-4d87-97dc-7d010c069aef', 'df9b04fe-29a1-4833-b377-bd6ef4ecc8b2', '2026-03-04 16:07:27.9+00', NULL, '2026-03-04 16:07:29.781819+00', 'vice_captain'),
	('8053cf36-3280-42fc-9dfc-3176d8a162f5', '22e84557-fe87-4b40-b1b6-236c653a3638', '71fc4973-e0d6-4d87-97dc-7d010c069aef', 'df9b04fe-29a1-4833-b377-bd6ef4ecc8b2', '2026-03-09 13:43:08.019+00', NULL, '2026-03-09 13:43:08.046267+00', 'court_captain'),
	('0f87c2a9-cb39-4028-bb7b-152f1ffd84ef', '9592b1e7-6cad-407a-b41d-85e887df6465', '71fc4973-e0d6-4d87-97dc-7d010c069aef', 'df9b04fe-29a1-4833-b377-bd6ef4ecc8b2', '2026-03-09 13:43:30.03+00', NULL, '2026-03-09 13:43:30.077731+00', 'player'),
	('3406ebd0-ef63-42f4-a99d-e8b367087aec', 'a44b1fea-bf45-451b-82ba-2895f86b5d7e', '71fc4973-e0d6-4d87-97dc-7d010c069aef', 'df9b04fe-29a1-4833-b377-bd6ef4ecc8b2', '2026-03-09 13:43:34.416+00', NULL, '2026-03-09 13:43:34.680635+00', 'player'),
	('0d913fe3-128b-4606-b31f-29e7dc694ab7', 'd7390ad2-7de6-4b9b-9f07-f2a18164f073', '71fc4973-e0d6-4d87-97dc-7d010c069aef', 'df9b04fe-29a1-4833-b377-bd6ef4ecc8b2', '2026-03-09 13:43:40.821+00', NULL, '2026-03-09 13:43:40.854719+00', 'player'),
	('277de271-c6a5-4a93-b9a5-9e1d680b88e5', 'b07ebc91-f385-4a8d-b577-f27add76b5a8', '71fc4973-e0d6-4d87-97dc-7d010c069aef', 'df9b04fe-29a1-4833-b377-bd6ef4ecc8b2', '2026-03-09 13:43:46.947+00', NULL, '2026-03-09 13:43:46.966796+00', 'player'),
	('2e37aeee-8991-427d-89f3-f15eb42f212b', '60a50852-6204-4dff-a215-190bff4549d7', '71fc4973-e0d6-4d87-97dc-7d010c069aef', 'df9b04fe-29a1-4833-b377-bd6ef4ecc8b2', '2026-03-09 13:43:53.63+00', NULL, '2026-03-09 13:43:53.665692+00', 'player'),
	('15998353-aa97-4b89-aff6-24cec435a358', 'a9cf0505-34b5-4a37-b55c-30d2fe777b74', '71fc4973-e0d6-4d87-97dc-7d010c069aef', 'df9b04fe-29a1-4833-b377-bd6ef4ecc8b2', '2026-03-09 13:43:58.411+00', NULL, '2026-03-09 13:43:58.445848+00', 'player'),
	('231242c6-7691-45a3-958d-a29e82dee72f', '599d9211-1ddf-48de-9244-a47970051535', '71fc4973-e0d6-4d87-97dc-7d010c069aef', 'df9b04fe-29a1-4833-b377-bd6ef4ecc8b2', '2026-03-09 13:44:02.939+00', NULL, '2026-03-09 13:44:02.994235+00', 'player'),
	('92727967-df20-4306-add2-2cd3e5d81d78', '7e2cdeee-e43c-4928-a925-5f82e93e401a', '71fc4973-e0d6-4d87-97dc-7d010c069aef', 'df9b04fe-29a1-4833-b377-bd6ef4ecc8b2', '2026-03-09 13:44:07.951+00', NULL, '2026-03-09 13:44:07.986318+00', 'player'),
	('8717f96a-4774-4733-816a-256200513f07', 'a12b71c4-3354-4e5d-832e-7817d9447537', '71fc4973-e0d6-4d87-97dc-7d010c069aef', 'df9b04fe-29a1-4833-b377-bd6ef4ecc8b2', '2026-03-09 13:44:12.228+00', NULL, '2026-03-09 13:44:12.268677+00', 'player'),
	('dafbab13-b98b-4294-94a9-a8536adfbe34', 'e37a6874-ff99-4f81-8706-c78388d175bc', '71fc4973-e0d6-4d87-97dc-7d010c069aef', 'df9b04fe-29a1-4833-b377-bd6ef4ecc8b2', '2026-03-09 13:44:16.443+00', NULL, '2026-03-09 13:44:16.463801+00', 'player'),
	('bac8a40c-0216-4ee6-af04-117dc26b2d4b', '8ee0bfb7-6f9c-4dc2-945f-1ecc64d36a38', '71fc4973-e0d6-4d87-97dc-7d010c069aef', 'df9b04fe-29a1-4833-b377-bd6ef4ecc8b2', '2026-03-09 13:44:21.038+00', NULL, '2026-03-09 13:44:21.065498+00', 'player'),
	('bb812210-4bdc-432c-8913-e8ea3ffc4b31', '0977f04e-5b85-46c3-9981-d80d239ee4b1', '71fc4973-e0d6-4d87-97dc-7d010c069aef', 'df9b04fe-29a1-4833-b377-bd6ef4ecc8b2', '2026-03-09 13:44:25.026+00', NULL, '2026-03-09 13:44:25.059693+00', 'player'),
	('79b09ca6-a411-4a07-8e7b-dfd048fcadff', 'f7ce9cff-d67b-44a0-ab22-190e3cf4b921', '703c7299-2d5b-42a4-8b32-79241c01070c', 'df9b04fe-29a1-4833-b377-bd6ef4ecc8b2', '2026-03-09 14:15:07.028+00', NULL, '2026-03-09 14:15:07.058664+00', 'player'),
	('c38d2be5-de7a-429d-9351-a3703f48f069', '57f6f22c-d521-40a0-96f2-2cac55fc7200', '703c7299-2d5b-42a4-8b32-79241c01070c', 'df9b04fe-29a1-4833-b377-bd6ef4ecc8b2', '2026-03-09 14:15:11.28+00', NULL, '2026-03-09 14:15:11.30812+00', 'player'),
	('2aac6cc6-653d-4575-822b-0758614bc0bf', 'a455daac-876a-439e-a69d-d4220243187a', '703c7299-2d5b-42a4-8b32-79241c01070c', 'df9b04fe-29a1-4833-b377-bd6ef4ecc8b2', '2026-03-09 14:15:17.328+00', NULL, '2026-03-09 14:15:17.443194+00', 'player'),
	('a743b38b-0ec3-480a-be79-34b39be507b4', '3ba61d1b-5acb-4150-9739-b071c9894d41', '703c7299-2d5b-42a4-8b32-79241c01070c', 'df9b04fe-29a1-4833-b377-bd6ef4ecc8b2', '2026-03-09 14:15:22.083+00', NULL, '2026-03-09 14:15:22.109784+00', 'player'),
	('19558ccc-7c0d-4876-ad10-fd1c37c5b17d', '2ab555d6-ad4a-4629-a442-9a65b8e251a6', '703c7299-2d5b-42a4-8b32-79241c01070c', 'df9b04fe-29a1-4833-b377-bd6ef4ecc8b2', '2026-03-09 14:15:26.549+00', NULL, '2026-03-09 14:15:26.582152+00', 'player'),
	('e88a52fc-2347-487a-80af-9b2ff1625054', '16b8aef2-0912-4652-b886-64aa9a528764', '703c7299-2d5b-42a4-8b32-79241c01070c', 'df9b04fe-29a1-4833-b377-bd6ef4ecc8b2', '2026-03-09 14:15:31.98+00', NULL, '2026-03-09 14:15:32.023311+00', 'player'),
	('fefdef9b-6104-426c-a860-97edbeef63c4', 'b1dec119-c18b-46c3-a557-174388e1bb99', '703c7299-2d5b-42a4-8b32-79241c01070c', 'df9b04fe-29a1-4833-b377-bd6ef4ecc8b2', '2026-03-09 14:15:36.288+00', NULL, '2026-03-09 14:15:36.324356+00', 'player'),
	('04a12518-215a-4d1d-89f7-54c617e2f152', 'd5b3aa29-5495-4e04-95b8-9422a13c82e3', '703c7299-2d5b-42a4-8b32-79241c01070c', 'df9b04fe-29a1-4833-b377-bd6ef4ecc8b2', '2026-03-09 14:15:40.02+00', NULL, '2026-03-09 14:15:40.054079+00', 'player'),
	('1b45d8d6-886c-4ca0-ba04-22ca1d6e0fd8', '34784070-4f06-412e-9a94-2a7792fa180d', '703c7299-2d5b-42a4-8b32-79241c01070c', 'df9b04fe-29a1-4833-b377-bd6ef4ecc8b2', '2026-03-09 14:15:44.342+00', NULL, '2026-03-09 14:15:44.376364+00', 'player'),
	('136b8e8d-bb09-49e3-9e98-3461042dbb21', '21934054-5b4c-450c-8796-f0d724a1b221', '703c7299-2d5b-42a4-8b32-79241c01070c', 'df9b04fe-29a1-4833-b377-bd6ef4ecc8b2', '2026-03-09 14:15:49.977+00', NULL, '2026-03-09 14:15:50.039982+00', 'player'),
	('dc8f3f92-c4e4-4d08-b432-db0ef7c2b53c', '7d744d94-b1aa-4f93-b244-9057202811d9', '703c7299-2d5b-42a4-8b32-79241c01070c', 'df9b04fe-29a1-4833-b377-bd6ef4ecc8b2', '2026-03-09 14:15:54.017+00', NULL, '2026-03-09 14:15:54.050335+00', 'player'),
	('24286ef1-30bf-4567-831b-5df73380bdc6', '0105a012-7bc7-4a0d-9bd0-a75eeecfd4f5', '703c7299-2d5b-42a4-8b32-79241c01070c', 'df9b04fe-29a1-4833-b377-bd6ef4ecc8b2', '2026-03-09 14:14:48.765+00', NULL, '2026-03-09 14:14:48.808821+00', 'vice_captain'),
	('8871146b-dce4-4da9-b7c8-1745452b854d', 'ac2568d7-1d4d-4c64-b8f6-0d8395ad2230', '703c7299-2d5b-42a4-8b32-79241c01070c', 'df9b04fe-29a1-4833-b377-bd6ef4ecc8b2', '2026-03-09 14:14:57.981+00', NULL, '2026-03-09 14:14:58.013139+00', 'court_captain'),
	('4f27edfc-1709-4e20-85b8-82a8025431a6', '2f762fe1-a0dc-4b4c-b9c5-bea866704980', '35899d6c-813e-48a1-8f0e-34bc5d8a567a', 'df9b04fe-29a1-4833-b377-bd6ef4ecc8b2', '2026-03-09 14:36:21.565+00', NULL, '2026-03-09 14:36:21.599306+00', 'player'),
	('a65c7c57-30b1-4677-86c4-996cbf63a662', 'd6dcf702-0ed7-4fef-b355-dd04781763f5', '35899d6c-813e-48a1-8f0e-34bc5d8a567a', 'df9b04fe-29a1-4833-b377-bd6ef4ecc8b2', '2026-03-09 14:36:26.01+00', NULL, '2026-03-09 14:36:26.042247+00', 'player'),
	('991db3d3-6adb-47f0-9851-f74ec0accf5c', 'c5c9a40b-c254-4a88-bb77-3fd159084f64', '35899d6c-813e-48a1-8f0e-34bc5d8a567a', 'df9b04fe-29a1-4833-b377-bd6ef4ecc8b2', '2026-03-09 14:36:30.327+00', NULL, '2026-03-09 14:36:30.383649+00', 'player'),
	('4bfe324c-85f8-4df9-b0ef-c027f373b2a6', '39ab481d-aa10-4ad9-831a-0857bbd6951a', '35899d6c-813e-48a1-8f0e-34bc5d8a567a', 'df9b04fe-29a1-4833-b377-bd6ef4ecc8b2', '2026-03-09 14:36:34.952+00', NULL, '2026-03-09 14:36:35.001821+00', 'player'),
	('e25d9e49-ea60-44e1-9486-eceaad908e9e', 'd9271ace-a7e9-4438-89c3-253bf94277f2', '35899d6c-813e-48a1-8f0e-34bc5d8a567a', 'df9b04fe-29a1-4833-b377-bd6ef4ecc8b2', '2026-03-09 14:36:39.297+00', NULL, '2026-03-09 14:36:39.330335+00', 'player'),
	('e854c20c-d212-48ab-a254-8678bab5ab96', '06a9a800-3643-470b-8cca-d7a876137d84', '35899d6c-813e-48a1-8f0e-34bc5d8a567a', 'df9b04fe-29a1-4833-b377-bd6ef4ecc8b2', '2026-03-09 14:36:43.06+00', NULL, '2026-03-09 14:36:43.096867+00', 'player'),
	('634dce72-2857-4918-b3a4-d7ad4f088b68', '23428d6a-06ad-4805-9aa2-232491bdb9da', '35899d6c-813e-48a1-8f0e-34bc5d8a567a', 'df9b04fe-29a1-4833-b377-bd6ef4ecc8b2', '2026-03-09 14:36:46.591+00', NULL, '2026-03-09 14:36:46.61634+00', 'player'),
	('a3ad428b-0a74-4532-89a8-da0fb6844c0a', 'fdc47ea0-500c-4e1e-b05e-1e4839e91de1', '35899d6c-813e-48a1-8f0e-34bc5d8a567a', 'df9b04fe-29a1-4833-b377-bd6ef4ecc8b2', '2026-03-09 14:36:50.243+00', NULL, '2026-03-09 14:36:50.269943+00', 'player'),
	('68d51879-390c-4b28-9115-df0b24c0507a', '243fe56e-b983-440a-9958-b2f04252887c', '35899d6c-813e-48a1-8f0e-34bc5d8a567a', 'df9b04fe-29a1-4833-b377-bd6ef4ecc8b2', '2026-03-09 14:36:54.526+00', NULL, '2026-03-09 14:36:54.563419+00', 'player'),
	('5db8d1d6-28e1-4da0-ad2e-43c1121446c4', '24f7896a-d270-4e6b-9942-465a8220124b', '35899d6c-813e-48a1-8f0e-34bc5d8a567a', 'df9b04fe-29a1-4833-b377-bd6ef4ecc8b2', '2026-03-09 14:36:57.936+00', NULL, '2026-03-09 14:36:57.97055+00', 'player'),
	('0f9dd965-f812-494f-8af8-aa642be655b9', 'ca53d661-16bd-496a-b48c-67291245dac4', '35899d6c-813e-48a1-8f0e-34bc5d8a567a', 'df9b04fe-29a1-4833-b377-bd6ef4ecc8b2', '2026-03-09 14:37:01.477+00', NULL, '2026-03-09 14:37:01.53758+00', 'player'),
	('6c23e156-731b-4a8d-8bb3-b9de7505b238', 'b53e7144-d44e-4331-b1dc-f720caed723b', '35899d6c-813e-48a1-8f0e-34bc5d8a567a', 'df9b04fe-29a1-4833-b377-bd6ef4ecc8b2', '2026-03-09 14:37:05.569+00', NULL, '2026-03-09 14:37:05.614446+00', 'player'),
	('614bc220-8915-4447-b47e-52d8d66a01a6', '0d9d380a-122c-43ff-b3f1-ca06be75b17e', '35899d6c-813e-48a1-8f0e-34bc5d8a567a', 'df9b04fe-29a1-4833-b377-bd6ef4ecc8b2', '2026-03-09 14:37:09.397+00', NULL, '2026-03-09 14:37:09.440051+00', 'player'),
	('8e4ae223-085c-4780-843b-4fe4c1b1c8c1', '2f027930-21db-48ec-a0cf-22ecdaf310cb', '35899d6c-813e-48a1-8f0e-34bc5d8a567a', 'df9b04fe-29a1-4833-b377-bd6ef4ecc8b2', '2026-03-09 14:36:07.594+00', NULL, '2026-03-09 14:36:08.061921+00', 'captain'),
	('b7a30f06-ece0-4371-aa1f-37dbf9cfcbe7', '07dcc83e-e595-467b-aa70-89ea9c76b2bf', '35899d6c-813e-48a1-8f0e-34bc5d8a567a', 'df9b04fe-29a1-4833-b377-bd6ef4ecc8b2', '2026-03-09 14:36:11.878+00', NULL, '2026-03-09 14:36:12.406886+00', 'vice_captain'),
	('ec0b807b-98c0-4df1-a16a-728dce2f25ee', '653c7633-6fe9-4faf-b066-72eda9fb7d21', '35899d6c-813e-48a1-8f0e-34bc5d8a567a', 'df9b04fe-29a1-4833-b377-bd6ef4ecc8b2', '2026-03-09 14:36:17.706+00', NULL, '2026-03-09 14:36:17.747002+00', 'court_captain'),
	('c4a341d2-1b46-428c-ace9-adf6b4f5875b', '4ba84395-ed0a-42fa-8c5f-9f443c105986', 'a932d1c5-fcf5-4331-92c9-b2805ce06b87', 'df9b04fe-29a1-4833-b377-bd6ef4ecc8b2', '2026-03-09 15:52:50.813+00', NULL, '2026-03-09 15:52:51.299991+00', 'player'),
	('bc5eea77-df14-4602-a183-5cf910cc303c', '577e9713-6bcf-4a84-97e2-97a546e09f95', 'a932d1c5-fcf5-4331-92c9-b2805ce06b87', 'df9b04fe-29a1-4833-b377-bd6ef4ecc8b2', '2026-03-09 15:52:56.744+00', NULL, '2026-03-09 15:52:56.781746+00', 'player'),
	('9ac943fd-76b1-4216-b82f-4638d2435825', 'e1c7e0ff-685e-40d6-bcfb-c4fd2ae04fd1', 'a932d1c5-fcf5-4331-92c9-b2805ce06b87', 'df9b04fe-29a1-4833-b377-bd6ef4ecc8b2', '2026-03-09 15:53:01.441+00', NULL, '2026-03-09 15:53:01.479606+00', 'player'),
	('89cddaa9-e19f-4b9a-abb3-74586722f3f4', '7369f646-f863-4d6b-9bc8-597eb037e3c3', 'a932d1c5-fcf5-4331-92c9-b2805ce06b87', 'df9b04fe-29a1-4833-b377-bd6ef4ecc8b2', '2026-03-09 15:53:06.541+00', NULL, '2026-03-09 15:53:06.576729+00', 'player'),
	('66c30254-ce1d-4de6-ad35-79e7ae194f1d', 'a233e47c-f84a-40c8-bf31-64e317f55a63', 'a932d1c5-fcf5-4331-92c9-b2805ce06b87', 'df9b04fe-29a1-4833-b377-bd6ef4ecc8b2', '2026-03-09 15:53:10.868+00', NULL, '2026-03-09 15:53:10.904651+00', 'player'),
	('03cb1329-016a-4914-956c-31d1a0e3a779', '44377bb2-44bb-4b81-8180-f5226a724258', 'a932d1c5-fcf5-4331-92c9-b2805ce06b87', 'df9b04fe-29a1-4833-b377-bd6ef4ecc8b2', '2026-03-09 15:53:14.934+00', NULL, '2026-03-09 15:53:14.976248+00', 'player'),
	('600a243a-92a0-43e2-8679-a8668c8feb07', '731d93be-3afc-4217-9890-837f783d638b', 'a932d1c5-fcf5-4331-92c9-b2805ce06b87', 'df9b04fe-29a1-4833-b377-bd6ef4ecc8b2', '2026-03-09 15:53:18.784+00', NULL, '2026-03-09 15:53:18.823812+00', 'player'),
	('40906df2-56c6-4ff4-9527-100a74e2d642', 'f935ebb1-838e-4e60-98d9-c17098169692', 'a932d1c5-fcf5-4331-92c9-b2805ce06b87', 'df9b04fe-29a1-4833-b377-bd6ef4ecc8b2', '2026-03-09 15:53:23.049+00', NULL, '2026-03-09 15:53:23.075761+00', 'player'),
	('18a2a58a-ac22-4628-80d9-61f0a6ba4076', '536197c5-2815-4cfe-859e-8157d6164e1d', 'a932d1c5-fcf5-4331-92c9-b2805ce06b87', 'df9b04fe-29a1-4833-b377-bd6ef4ecc8b2', '2026-03-09 15:53:26.519+00', NULL, '2026-03-09 15:53:26.55489+00', 'player'),
	('75e20da2-37ed-43d3-865a-25d61c48a8ca', 'e1fb8474-f346-4acd-8108-c03a4695d22a', 'a932d1c5-fcf5-4331-92c9-b2805ce06b87', 'df9b04fe-29a1-4833-b377-bd6ef4ecc8b2', '2026-03-09 15:53:30.468+00', NULL, '2026-03-09 15:53:30.523749+00', 'player'),
	('0b7435f0-6d6e-4d6d-8350-243b6cb5fbb2', '0a6d0d29-6f80-4d9f-ba7e-e2f998be3547', 'a932d1c5-fcf5-4331-92c9-b2805ce06b87', 'df9b04fe-29a1-4833-b377-bd6ef4ecc8b2', '2026-03-09 15:53:33.965+00', NULL, '2026-03-09 15:53:33.993257+00', 'player'),
	('23418b82-f7ec-4efa-8e2b-50fb6ba25c7c', 'f981f20a-ef0b-42d8-bd44-aeae32cf6583', 'a932d1c5-fcf5-4331-92c9-b2805ce06b87', 'df9b04fe-29a1-4833-b377-bd6ef4ecc8b2', '2026-03-09 15:53:37.734+00', NULL, '2026-03-09 15:53:37.764055+00', 'player'),
	('7c15ce18-9443-4ea8-9431-7d756d6878a5', 'f5e71693-a08e-40d9-9c6b-529668cfde40', 'a932d1c5-fcf5-4331-92c9-b2805ce06b87', 'df9b04fe-29a1-4833-b377-bd6ef4ecc8b2', '2026-03-09 15:53:41.375+00', NULL, '2026-03-09 15:53:41.415063+00', 'player'),
	('dcb5955d-5325-4c0c-9d61-e3dac36425d0', '77b2468b-35a7-44f8-8ad6-871c0c474fca', 'a932d1c5-fcf5-4331-92c9-b2805ce06b87', 'df9b04fe-29a1-4833-b377-bd6ef4ecc8b2', '2026-03-09 15:52:34.602+00', NULL, '2026-03-09 15:52:35.129538+00', 'captain'),
	('6cfa6e1b-38cd-4fe7-a48a-fd038c185271', 'b59d274d-6c68-485b-82fe-7ef303eb28a3', 'a932d1c5-fcf5-4331-92c9-b2805ce06b87', 'df9b04fe-29a1-4833-b377-bd6ef4ecc8b2', '2026-03-09 15:52:41.648+00', NULL, '2026-03-09 15:52:41.682384+00', 'vice_captain'),
	('de546861-5b84-4657-814b-a5bcf1faa9fc', '01217d73-5587-4c49-85ab-39f792c3d286', 'a932d1c5-fcf5-4331-92c9-b2805ce06b87', 'df9b04fe-29a1-4833-b377-bd6ef4ecc8b2', '2026-03-09 15:52:46.581+00', NULL, '2026-03-09 15:52:46.621972+00', 'court_captain'),
	('c40dfd66-3063-4f59-8a3c-d8663ebfca76', '697f6318-2dcf-42ee-b809-1c56a13d44a8', 'a512e347-a077-4aa2-a92c-2f0e991c0d65', 'df9b04fe-29a1-4833-b377-bd6ef4ecc8b2', '2026-03-09 16:11:14.032+00', NULL, '2026-03-09 16:11:14.872606+00', 'player'),
	('07fe8c51-2ac5-4b3c-911d-76a7526598bc', '0e584c78-23fc-4f2e-be57-d3c74acdb24f', 'a512e347-a077-4aa2-a92c-2f0e991c0d65', 'df9b04fe-29a1-4833-b377-bd6ef4ecc8b2', '2026-03-09 16:11:19.36+00', NULL, '2026-03-09 16:11:19.390311+00', 'player'),
	('0cea56fe-1304-414e-a8f7-545d6e966eba', 'e93f9fcb-07c9-4560-a292-519a949de68f', 'a512e347-a077-4aa2-a92c-2f0e991c0d65', 'df9b04fe-29a1-4833-b377-bd6ef4ecc8b2', '2026-03-09 16:11:23.387+00', NULL, '2026-03-09 16:11:23.423703+00', 'player'),
	('e1548bd6-1af2-4037-8225-2191d1662992', '9be8d5a6-fc16-48d3-a318-7f3e37084225', 'a512e347-a077-4aa2-a92c-2f0e991c0d65', 'df9b04fe-29a1-4833-b377-bd6ef4ecc8b2', '2026-03-09 16:11:27.573+00', NULL, '2026-03-09 16:11:27.609797+00', 'player'),
	('06f06e55-96db-4ed9-8f18-e33c496bddd2', 'fa161032-4c69-417e-a601-80ffce394e02', 'a512e347-a077-4aa2-a92c-2f0e991c0d65', 'df9b04fe-29a1-4833-b377-bd6ef4ecc8b2', '2026-03-09 16:11:31.965+00', NULL, '2026-03-09 16:11:32.000915+00', 'player'),
	('57635058-2f7a-4832-9584-9700bb4fca5e', 'b8fdbf1e-a540-474e-8f58-ca3df2ab2f67', 'a512e347-a077-4aa2-a92c-2f0e991c0d65', 'df9b04fe-29a1-4833-b377-bd6ef4ecc8b2', '2026-03-09 16:11:35.609+00', NULL, '2026-03-09 16:11:35.637753+00', 'player'),
	('859539f6-115b-4a78-992c-0142612e1a28', '4b9004ef-2b1d-4daa-b53d-9a63a64a592a', 'a512e347-a077-4aa2-a92c-2f0e991c0d65', 'df9b04fe-29a1-4833-b377-bd6ef4ecc8b2', '2026-03-09 16:11:40.615+00', NULL, '2026-03-09 16:11:40.662612+00', 'player'),
	('f416a8e1-be2b-4e5a-8f2c-8b3194fc496f', 'd805717f-4097-4db7-be23-d45088fd8bd4', 'a512e347-a077-4aa2-a92c-2f0e991c0d65', 'df9b04fe-29a1-4833-b377-bd6ef4ecc8b2', '2026-03-09 16:11:46.154+00', NULL, '2026-03-09 16:11:46.192483+00', 'player'),
	('75db3515-9a7b-4d64-8764-cad6db99c15a', '87fac97a-f132-4e5f-b4e5-146dcc369fcd', 'a512e347-a077-4aa2-a92c-2f0e991c0d65', 'df9b04fe-29a1-4833-b377-bd6ef4ecc8b2', '2026-03-09 16:11:05.44+00', NULL, '2026-03-09 16:11:05.486964+00', 'vice_captain'),
	('05923ba5-dd6c-48c3-acf4-8825fc1d02c4', '8bcb078c-e966-4e02-a117-4be017abe4f4', 'a512e347-a077-4aa2-a92c-2f0e991c0d65', 'df9b04fe-29a1-4833-b377-bd6ef4ecc8b2', '2026-03-09 16:11:10.192+00', NULL, '2026-03-09 16:11:10.220559+00', 'court_captain'),
	('9c4ed060-eabf-4d2d-9af1-7233441f70c3', '29838654-8105-4bb8-b9ca-2305340d7b5e', '3e710bf4-4f87-4562-b3f7-f611bbaf49f9', 'df9b04fe-29a1-4833-b377-bd6ef4ecc8b2', '2026-03-10 06:25:08.794+00', NULL, '2026-03-10 06:25:08.832324+00', 'captain'),
	('c8d39abc-4cb9-4b4e-b10a-69ad4b8e9ac5', '4246ca34-3c59-488c-8c34-2d70fbb4058b', '3e710bf4-4f87-4562-b3f7-f611bbaf49f9', 'df9b04fe-29a1-4833-b377-bd6ef4ecc8b2', '2026-03-10 06:25:14.856+00', NULL, '2026-03-10 06:25:14.890914+00', 'court_captain'),
	('bbc2c758-a502-409c-ba8c-17d9cf48d1c0', 'd20858b0-f733-4d23-a276-c3d799cbe13c', '3e710bf4-4f87-4562-b3f7-f611bbaf49f9', 'df9b04fe-29a1-4833-b377-bd6ef4ecc8b2', '2026-03-10 06:25:24.509+00', NULL, '2026-03-10 06:25:24.547781+00', 'player'),
	('476026fb-96ae-4a39-b7b3-b44b03443160', '607b3bcd-877e-4595-bc80-ffc242e96889', '3e710bf4-4f87-4562-b3f7-f611bbaf49f9', 'df9b04fe-29a1-4833-b377-bd6ef4ecc8b2', '2026-03-10 06:25:28.818+00', NULL, '2026-03-10 06:25:28.840288+00', 'player'),
	('3b8c356d-30a3-4f29-b92c-4703afc14284', 'b6299fe5-b684-46b5-b1bc-ab1952362b09', '3e710bf4-4f87-4562-b3f7-f611bbaf49f9', 'df9b04fe-29a1-4833-b377-bd6ef4ecc8b2', '2026-03-10 06:25:32.704+00', NULL, '2026-03-10 06:25:32.767523+00', 'player'),
	('82d22e04-f6b4-4e67-9c88-0839f800fdf1', '22dd8c6b-9b48-4f28-a109-995ea1408819', '3e710bf4-4f87-4562-b3f7-f611bbaf49f9', 'df9b04fe-29a1-4833-b377-bd6ef4ecc8b2', '2026-03-10 06:25:38.322+00', NULL, '2026-03-10 06:25:38.350905+00', 'player'),
	('d2b07b27-e4d6-43e8-8d56-42404095f182', '5bf6ca3d-c6ed-4a39-8269-d687ee062331', '3e710bf4-4f87-4562-b3f7-f611bbaf49f9', 'df9b04fe-29a1-4833-b377-bd6ef4ecc8b2', '2026-03-10 06:25:42.314+00', NULL, '2026-03-10 06:25:42.349626+00', 'player'),
	('4a3ed0ac-154e-4339-8e69-9b4a432e2cc3', 'e0091e5c-80c7-4383-96b6-41dc0c8d4f39', '3e710bf4-4f87-4562-b3f7-f611bbaf49f9', 'df9b04fe-29a1-4833-b377-bd6ef4ecc8b2', '2026-03-10 06:25:47.291+00', NULL, '2026-03-10 06:25:47.337295+00', 'player'),
	('1b7dbaec-179a-4e19-b3d7-3f58c46d85ba', '36702a15-6d71-404d-b094-cc3b557f0b24', '3e710bf4-4f87-4562-b3f7-f611bbaf49f9', 'df9b04fe-29a1-4833-b377-bd6ef4ecc8b2', '2026-03-10 06:25:51.401+00', NULL, '2026-03-10 06:25:51.437697+00', 'player'),
	('9d0b9bd4-0cbd-4f18-a126-f693b95ede08', '188ec14c-defa-4f7d-a672-4aa82958d895', '3e710bf4-4f87-4562-b3f7-f611bbaf49f9', 'df9b04fe-29a1-4833-b377-bd6ef4ecc8b2', '2026-03-10 06:25:56.148+00', NULL, '2026-03-10 06:25:56.182266+00', 'player'),
	('a6f7ddb7-b068-46cf-a60e-a2a1d9e2d85d', 'fffee4c8-a152-402d-bcb9-2585954bef6e', '3e710bf4-4f87-4562-b3f7-f611bbaf49f9', 'df9b04fe-29a1-4833-b377-bd6ef4ecc8b2', '2026-03-10 06:26:01.083+00', NULL, '2026-03-10 06:26:01.107472+00', 'player'),
	('e0a0cbb3-7a88-47a6-8c89-3c8c88164121', 'f971a150-ca04-4e77-94f6-a5faefdb6e0b', '3e710bf4-4f87-4562-b3f7-f611bbaf49f9', 'df9b04fe-29a1-4833-b377-bd6ef4ecc8b2', '2026-03-10 06:26:04.987+00', NULL, '2026-03-10 06:26:05.012115+00', 'player'),
	('4b493edc-b681-46d0-9561-a9fced434cc3', 'bfa0ccf5-5d2b-4ca6-a3d6-b9601f51273d', '3e710bf4-4f87-4562-b3f7-f611bbaf49f9', 'df9b04fe-29a1-4833-b377-bd6ef4ecc8b2', '2026-03-10 06:26:09.267+00', NULL, '2026-03-10 06:26:09.305975+00', 'player'),
	('8980816e-a0da-441f-9c66-d2dc5397776a', 'fa040c35-ef1e-4ec2-a8c0-8af972225508', '3e710bf4-4f87-4562-b3f7-f611bbaf49f9', 'df9b04fe-29a1-4833-b377-bd6ef4ecc8b2', '2026-03-10 06:26:13.768+00', NULL, '2026-03-10 06:26:13.793628+00', 'player'),
	('56111cd1-46e4-4295-b61e-bed365bef02b', 'a943230d-5d00-4c25-b6aa-90cc768434e6', '3e710bf4-4f87-4562-b3f7-f611bbaf49f9', 'df9b04fe-29a1-4833-b377-bd6ef4ecc8b2', '2026-03-10 06:26:17.756+00', NULL, '2026-03-10 06:26:17.796746+00', 'player'),
	('09c7eadf-594d-4557-9f43-30202f4143f3', '228a3c46-84a5-4c5e-b5d1-9ba37fcdfc49', 'e965449c-cce3-4ea4-ac78-13765ad8b39b', 'df9b04fe-29a1-4833-b377-bd6ef4ecc8b2', '2026-03-10 06:38:39.304+00', NULL, '2026-03-10 06:38:39.3314+00', 'player'),
	('b4b239c4-8cfc-4e58-aef7-9da85a59faec', 'b82a4cd6-3d9b-485e-9558-cf0629f746b4', 'e965449c-cce3-4ea4-ac78-13765ad8b39b', 'df9b04fe-29a1-4833-b377-bd6ef4ecc8b2', '2026-03-10 06:38:43.01+00', NULL, '2026-03-10 06:38:43.054787+00', 'player'),
	('8f3437be-841e-47cb-a6ac-15b79aafc58a', '962dc141-6b43-4339-8a9e-90608d36209c', 'e965449c-cce3-4ea4-ac78-13765ad8b39b', 'df9b04fe-29a1-4833-b377-bd6ef4ecc8b2', '2026-03-10 06:38:46.553+00', NULL, '2026-03-10 06:38:46.59166+00', 'player'),
	('13890e23-45e0-4d25-9fb1-985b8fe18fa1', '4c9ed82e-a147-44b6-98b3-ba300fbbdb16', 'e965449c-cce3-4ea4-ac78-13765ad8b39b', 'df9b04fe-29a1-4833-b377-bd6ef4ecc8b2', '2026-03-10 06:38:50.297+00', NULL, '2026-03-10 06:38:50.325694+00', 'player'),
	('fc9495ef-d9fc-4340-b222-69d3b2c2e588', 'e0afa9e8-c8b7-4f53-a4dd-5a4c4b99845f', 'e965449c-cce3-4ea4-ac78-13765ad8b39b', 'df9b04fe-29a1-4833-b377-bd6ef4ecc8b2', '2026-03-10 06:38:53.945+00', NULL, '2026-03-10 06:38:53.974358+00', 'player'),
	('33c393e5-f44a-41f8-a3be-36bbd730acb3', '922f7920-e3f7-487e-9926-4591bb617a47', 'e965449c-cce3-4ea4-ac78-13765ad8b39b', 'df9b04fe-29a1-4833-b377-bd6ef4ecc8b2', '2026-03-10 06:38:57.48+00', NULL, '2026-03-10 06:38:57.562304+00', 'player'),
	('16c42207-db88-43d8-bad6-678eae458ab7', 'f3a3dce0-adc1-4972-891d-112949207fa5', 'e965449c-cce3-4ea4-ac78-13765ad8b39b', 'df9b04fe-29a1-4833-b377-bd6ef4ecc8b2', '2026-03-10 06:39:02.017+00', NULL, '2026-03-10 06:39:02.069507+00', 'player'),
	('3fc3a3af-f865-434b-8166-bdc9b6e67617', '3d201fe2-4912-45d4-ae04-a79e03f767c4', 'e965449c-cce3-4ea4-ac78-13765ad8b39b', 'df9b04fe-29a1-4833-b377-bd6ef4ecc8b2', '2026-03-10 06:39:05.765+00', NULL, '2026-03-10 06:39:05.821831+00', 'player'),
	('c44fefea-90e5-43bc-be10-fe29925d982e', '05ac43d3-075c-4e35-89b7-7b377074b642', 'e965449c-cce3-4ea4-ac78-13765ad8b39b', 'df9b04fe-29a1-4833-b377-bd6ef4ecc8b2', '2026-03-10 06:39:09.662+00', NULL, '2026-03-10 06:39:09.704638+00', 'player'),
	('a94dbeaa-72e9-4834-a449-0a9794795280', 'bf7ddb18-a8ad-481f-b128-9fc5aece439b', 'e965449c-cce3-4ea4-ac78-13765ad8b39b', 'df9b04fe-29a1-4833-b377-bd6ef4ecc8b2', '2026-03-10 06:39:13.138+00', NULL, '2026-03-10 06:39:13.171326+00', 'player'),
	('36c909c2-fef5-4e6d-9c06-12e5997d3a6f', '75069313-5368-4e18-b005-e781a7665957', 'e965449c-cce3-4ea4-ac78-13765ad8b39b', 'df9b04fe-29a1-4833-b377-bd6ef4ecc8b2', '2026-03-10 06:39:16.83+00', NULL, '2026-03-10 06:39:16.854716+00', 'player'),
	('9e5c457c-3088-4a94-8e85-db2f39495d6f', '9df82435-debf-484e-a2ed-5c37049a690b', 'e965449c-cce3-4ea4-ac78-13765ad8b39b', 'df9b04fe-29a1-4833-b377-bd6ef4ecc8b2', '2026-03-10 06:39:20.523+00', NULL, '2026-03-10 06:39:20.55916+00', 'player'),
	('7cc7dbb0-6610-4316-a475-88de20b60559', 'ca465e20-d465-47b8-ad0e-8ba120869d19', 'e965449c-cce3-4ea4-ac78-13765ad8b39b', 'df9b04fe-29a1-4833-b377-bd6ef4ecc8b2', '2026-03-10 06:38:27.189+00', NULL, '2026-03-10 06:38:27.230061+00', 'captain'),
	('a311d437-b974-490e-887b-f74fa357e04a', '3dc0270d-975f-44b5-94df-d23dfcb435eb', 'e965449c-cce3-4ea4-ac78-13765ad8b39b', 'df9b04fe-29a1-4833-b377-bd6ef4ecc8b2', '2026-03-10 06:38:31.719+00', NULL, '2026-03-10 06:38:31.756964+00', 'vice_captain'),
	('664d8fb1-5ed1-4ff4-a771-a7c1ff91cc33', 'be83b008-b8d1-4960-a767-4286dfc5d7a3', 'e965449c-cce3-4ea4-ac78-13765ad8b39b', 'df9b04fe-29a1-4833-b377-bd6ef4ecc8b2', '2026-03-10 06:38:35.529+00', NULL, '2026-03-10 06:38:35.564889+00', 'court_captain'),
	('e2b0f34f-ca3b-481e-89bf-405b29685176', '9a4dd92d-435e-45e1-afdc-985a17e007ce', 'a743626a-f54f-4471-be1f-fb94708db317', 'df9b04fe-29a1-4833-b377-bd6ef4ecc8b2', '2026-03-11 02:28:53.738+00', NULL, '2026-03-11 02:28:53.770469+00', 'player'),
	('a05cde80-8848-406b-9d6b-c75608bc2878', 'e32fe549-b1fd-4c21-ba76-57b1cb191506', 'a743626a-f54f-4471-be1f-fb94708db317', 'df9b04fe-29a1-4833-b377-bd6ef4ecc8b2', '2026-03-11 02:28:58.749+00', NULL, '2026-03-11 02:28:58.779744+00', 'player'),
	('ccb35471-d0dd-4eff-b01b-068c7c68cf33', '31ba088a-f314-4cf3-8d63-fcef735c81bd', 'a743626a-f54f-4471-be1f-fb94708db317', 'df9b04fe-29a1-4833-b377-bd6ef4ecc8b2', '2026-03-11 02:29:03.264+00', NULL, '2026-03-11 02:29:03.742751+00', 'player'),
	('2210e81e-d47d-4c79-9bee-7cec9b8aba6b', '4f61bb96-53b6-42e1-9904-6710c6ea1557', 'a743626a-f54f-4471-be1f-fb94708db317', 'df9b04fe-29a1-4833-b377-bd6ef4ecc8b2', '2026-03-11 02:29:08.063+00', NULL, '2026-03-11 02:29:08.090926+00', 'player'),
	('e16181c6-054d-4964-bcb3-8de7b4670d47', 'e1dd557e-197f-42b9-b856-b5d72445705b', 'a743626a-f54f-4471-be1f-fb94708db317', 'df9b04fe-29a1-4833-b377-bd6ef4ecc8b2', '2026-03-11 02:29:12.112+00', NULL, '2026-03-11 02:29:12.13555+00', 'player'),
	('7b5cc1f0-0c40-4b3a-9052-090d7d5955ca', 'ece81eec-36d8-4dc1-9f26-db57c188dec9', 'a743626a-f54f-4471-be1f-fb94708db317', 'df9b04fe-29a1-4833-b377-bd6ef4ecc8b2', '2026-03-11 02:29:15.807+00', NULL, '2026-03-11 02:29:15.834297+00', 'player'),
	('aa80dbd7-f8b5-4198-a823-f69a501cec08', '5c89d03b-0388-4fc5-a52f-c49f8a9c32f2', 'a743626a-f54f-4471-be1f-fb94708db317', 'df9b04fe-29a1-4833-b377-bd6ef4ecc8b2', '2026-03-11 02:29:20.609+00', NULL, '2026-03-11 02:29:20.641471+00', 'player'),
	('d0dbfaeb-5014-4add-84ed-40a381cd2709', 'cb9bda3f-424b-478e-8c3c-5cb8d5f281bd', 'a743626a-f54f-4471-be1f-fb94708db317', 'df9b04fe-29a1-4833-b377-bd6ef4ecc8b2', '2026-03-11 02:29:25.003+00', NULL, '2026-03-11 02:29:25.036784+00', 'player'),
	('8b8138ef-36c8-4ee3-8f16-266d779bf3cf', 'f745f1bd-fa5e-4254-b5b0-874587266a2f', 'a743626a-f54f-4471-be1f-fb94708db317', 'df9b04fe-29a1-4833-b377-bd6ef4ecc8b2', '2026-03-11 02:29:28.907+00', NULL, '2026-03-11 02:29:28.932002+00', 'player'),
	('4f5abf2a-715a-4c0f-aaac-d3a2b4f039f0', '7bf8a75f-7c34-4cb7-b986-327b872c6d27', '310015ca-fca4-4aea-b6ff-5b6260671af3', 'df9b04fe-29a1-4833-b377-bd6ef4ecc8b2', '2026-03-11 03:17:25.478+00', NULL, '2026-03-11 03:17:25.507451+00', 'player'),
	('64e47015-622b-4916-9acd-2fb5d194a988', '82c6214c-1074-4413-8bda-0cd51c5169b6', '310015ca-fca4-4aea-b6ff-5b6260671af3', 'df9b04fe-29a1-4833-b377-bd6ef4ecc8b2', '2026-03-11 03:17:30.553+00', NULL, '2026-03-11 03:17:31.040333+00', 'player'),
	('65d48505-eb73-4e93-9d45-5d623bf11501', '72973f58-e49a-4f7b-ae1c-f27ea46e859a', '310015ca-fca4-4aea-b6ff-5b6260671af3', 'df9b04fe-29a1-4833-b377-bd6ef4ecc8b2', '2026-03-11 03:17:34.563+00', NULL, '2026-03-11 03:17:34.586561+00', 'player'),
	('bf832448-bed4-421f-a1a7-16ebb47cb422', '00f27d63-74c1-4295-a150-b2854cb77b49', '310015ca-fca4-4aea-b6ff-5b6260671af3', 'df9b04fe-29a1-4833-b377-bd6ef4ecc8b2', '2026-03-11 03:17:45.641+00', NULL, '2026-03-11 03:17:45.662573+00', 'player'),
	('e9fedd3a-85af-471e-b8af-ed6ce2dbff47', '2f38caea-379b-4384-b299-cb6b859af479', '310015ca-fca4-4aea-b6ff-5b6260671af3', 'df9b04fe-29a1-4833-b377-bd6ef4ecc8b2', '2026-03-11 03:17:49.636+00', NULL, '2026-03-11 03:17:49.659267+00', 'player'),
	('6a912a1f-5bfe-4574-92f9-4ad296fbdb65', 'b7f4381e-3ea7-49c8-b62e-772b1ddc5071', '310015ca-fca4-4aea-b6ff-5b6260671af3', 'df9b04fe-29a1-4833-b377-bd6ef4ecc8b2', '2026-03-11 03:17:53.836+00', NULL, '2026-03-11 03:17:53.855236+00', 'player'),
	('e7f15630-a521-43dc-98f1-3f44d6d7b50b', 'eda47601-c34c-4dbe-9a5f-6d1ba7c41de4', '310015ca-fca4-4aea-b6ff-5b6260671af3', 'df9b04fe-29a1-4833-b377-bd6ef4ecc8b2', '2026-03-11 03:17:57.732+00', NULL, '2026-03-11 03:17:57.755666+00', 'player'),
	('9dd6b3b2-ddc2-4483-9e7b-52db9c618e61', '9097736c-b9ca-44f6-ad37-de650d62ec81', '310015ca-fca4-4aea-b6ff-5b6260671af3', 'df9b04fe-29a1-4833-b377-bd6ef4ecc8b2', '2026-03-11 03:18:01.845+00', NULL, '2026-03-11 03:18:01.880455+00', 'player'),
	('b520e27b-f097-4028-beaf-0b8b6b151572', 'ece8b90e-9ef3-40ab-96a8-05dcae0e8b55', '310015ca-fca4-4aea-b6ff-5b6260671af3', 'df9b04fe-29a1-4833-b377-bd6ef4ecc8b2', '2026-03-11 03:18:06.045+00', NULL, '2026-03-11 03:18:06.072403+00', 'player'),
	('aa179d87-2438-4766-a30a-eb17a33d5079', '332b8273-5591-4b7c-bf3d-4eaa5c9d5630', '310015ca-fca4-4aea-b6ff-5b6260671af3', 'df9b04fe-29a1-4833-b377-bd6ef4ecc8b2', '2026-03-11 03:18:10.316+00', NULL, '2026-03-11 03:18:10.33633+00', 'player'),
	('75bc4e68-ac7c-4651-a432-cdd2bd40f3b6', 'aba60ca7-54ac-4850-bb0a-229cc78246c2', '310015ca-fca4-4aea-b6ff-5b6260671af3', 'df9b04fe-29a1-4833-b377-bd6ef4ecc8b2', '2026-03-11 03:18:14.481+00', NULL, '2026-03-11 03:18:14.510678+00', 'player'),
	('1a869427-31a3-46dd-86ad-ea7428df45f3', 'adfd7cc4-9554-4773-b694-22279837a81e', '310015ca-fca4-4aea-b6ff-5b6260671af3', 'df9b04fe-29a1-4833-b377-bd6ef4ecc8b2', '2026-03-11 03:18:18.958+00', NULL, '2026-03-11 03:18:18.982153+00', 'player'),
	('a428f4fe-31b7-40ab-a295-f220f644c43f', '2df777ef-231e-45a6-a392-36b6e777f93e', '310015ca-fca4-4aea-b6ff-5b6260671af3', 'df9b04fe-29a1-4833-b377-bd6ef4ecc8b2', '2026-03-11 03:18:22.668+00', NULL, '2026-03-11 03:18:22.686653+00', 'player'),
	('c56b7754-1df4-44cb-9e13-5888ba4b145f', 'cc294a2c-8a2b-442b-a2f6-c4c0a2e15acb', '310015ca-fca4-4aea-b6ff-5b6260671af3', 'df9b04fe-29a1-4833-b377-bd6ef4ecc8b2', '2026-03-11 03:17:08.628+00', NULL, '2026-03-11 03:17:09.086272+00', 'captain'),
	('e11199c5-34a1-4f6f-9e9a-51e958dcd347', 'cb6d38da-b651-4131-9c05-65b94e94270b', '310015ca-fca4-4aea-b6ff-5b6260671af3', 'df9b04fe-29a1-4833-b377-bd6ef4ecc8b2', '2026-03-11 03:17:16.171+00', NULL, '2026-03-11 03:17:16.192333+00', 'vice_captain'),
	('5b72ffb4-463c-47a1-86d8-05d7a3f3952b', 'f5669fef-2708-4590-939d-1f6f0418cb6f', '310015ca-fca4-4aea-b6ff-5b6260671af3', 'df9b04fe-29a1-4833-b377-bd6ef4ecc8b2', '2026-03-11 03:17:20.923+00', NULL, '2026-03-11 03:17:20.955063+00', 'court_captain'),
	('0b017915-a988-476e-aca2-a78087be7e7e', '1dd04b79-26cb-4e80-8ba7-f8b1942bacf9', 'a743626a-f54f-4471-be1f-fb94708db317', 'df9b04fe-29a1-4833-b377-bd6ef4ecc8b2', '2026-03-11 02:28:49.754+00', NULL, '2026-03-11 02:28:49.782838+00', 'captain'),
	('34564f3c-fbd2-4685-a2cd-992490a59fc7', 'c8444b79-fe0f-4c04-8c2c-2b17ce389a23', '467a64d6-8686-44c0-854a-d96e2e9566bc', 'df9b04fe-29a1-4833-b377-bd6ef4ecc8b2', '2026-03-11 03:30:32.972+00', NULL, '2026-03-11 03:30:32.997755+00', 'player'),
	('b683220f-f6b5-4936-8e96-7d8be0512c79', '9bc1d521-4895-4ef3-8579-c37bdd794247', '467a64d6-8686-44c0-854a-d96e2e9566bc', 'df9b04fe-29a1-4833-b377-bd6ef4ecc8b2', '2026-03-11 03:30:37.616+00', NULL, '2026-03-11 03:30:38.064231+00', 'player'),
	('c5365ed0-6ea0-442c-8561-5165cd8280a7', 'dd7b41f3-c2c6-4cb6-812e-765a76a677a6', '467a64d6-8686-44c0-854a-d96e2e9566bc', 'df9b04fe-29a1-4833-b377-bd6ef4ecc8b2', '2026-03-11 03:30:42.277+00', NULL, '2026-03-11 03:30:42.301445+00', 'player'),
	('75daa8c9-535c-44e6-b27b-cdee0e30637b', '9a71a4f7-5758-4079-8b09-e2e097577d97', '467a64d6-8686-44c0-854a-d96e2e9566bc', 'df9b04fe-29a1-4833-b377-bd6ef4ecc8b2', '2026-03-11 03:30:46.22+00', NULL, '2026-03-11 03:30:46.251248+00', 'player'),
	('a0892bdd-ec1e-4da8-bb1b-d3a5f2408642', '4ba2e15f-9d17-4089-ad5e-fe9cf3a37dd1', '467a64d6-8686-44c0-854a-d96e2e9566bc', 'df9b04fe-29a1-4833-b377-bd6ef4ecc8b2', '2026-03-11 03:30:50.639+00', NULL, '2026-03-11 03:30:50.668083+00', 'player'),
	('811f6c1a-b4b4-4f0d-ba78-e89c8a53e6ee', 'ded6e488-ab31-4d89-be1b-132fa22c95db', '467a64d6-8686-44c0-854a-d96e2e9566bc', 'df9b04fe-29a1-4833-b377-bd6ef4ecc8b2', '2026-03-11 03:30:55.243+00', NULL, '2026-03-11 03:30:55.264764+00', 'player'),
	('e59ccd50-2002-40e9-ba2e-55df94e7cc7e', 'b47da273-1b49-4195-adca-b92818451157', '467a64d6-8686-44c0-854a-d96e2e9566bc', 'df9b04fe-29a1-4833-b377-bd6ef4ecc8b2', '2026-03-11 03:30:59.504+00', NULL, '2026-03-11 03:30:59.532104+00', 'player'),
	('10eb03f1-876a-4f31-92c0-030ee5bb8343', '0ca8e8a9-1e0d-4bfa-97c3-2afca350ee2a', '467a64d6-8686-44c0-854a-d96e2e9566bc', 'df9b04fe-29a1-4833-b377-bd6ef4ecc8b2', '2026-03-11 03:31:03.647+00', NULL, '2026-03-11 03:31:03.665544+00', 'player'),
	('e8e0f72a-e09f-4fe6-ac50-9f2a52d5e38e', 'aa49ffa3-99d9-47d7-8667-7212025123e2', '467a64d6-8686-44c0-854a-d96e2e9566bc', 'df9b04fe-29a1-4833-b377-bd6ef4ecc8b2', '2026-03-11 03:31:07.647+00', NULL, '2026-03-11 03:31:07.694068+00', 'player'),
	('fb6792c0-c134-4219-b9ce-8c024b0753d8', '92404ee1-b303-4f77-9e1d-58fb107a7762', '467a64d6-8686-44c0-854a-d96e2e9566bc', 'df9b04fe-29a1-4833-b377-bd6ef4ecc8b2', '2026-03-11 03:31:11.476+00', NULL, '2026-03-11 03:31:11.497705+00', 'player'),
	('bced8f87-1f88-4ac0-8647-c1f3df620b2b', '6b5a8b25-7093-4a66-8e44-ba40a8809ff4', '467a64d6-8686-44c0-854a-d96e2e9566bc', 'df9b04fe-29a1-4833-b377-bd6ef4ecc8b2', '2026-03-11 03:31:15.657+00', NULL, '2026-03-11 03:31:15.68153+00', 'player'),
	('c0dbceeb-b991-4dd4-858e-fbf6e99b3fba', 'e2740cfa-ceac-4b64-afba-563bb9b1616f', '467a64d6-8686-44c0-854a-d96e2e9566bc', 'df9b04fe-29a1-4833-b377-bd6ef4ecc8b2', '2026-03-11 03:31:19.684+00', NULL, '2026-03-11 03:31:19.707521+00', 'player'),
	('dadf3066-6c2b-4f2e-a21b-21f377ff1353', '1a9e5f2a-bd68-4aee-9e9c-9e0faa5aac3d', '467a64d6-8686-44c0-854a-d96e2e9566bc', 'df9b04fe-29a1-4833-b377-bd6ef4ecc8b2', '2026-03-11 03:31:23.111+00', NULL, '2026-03-11 03:31:23.149153+00', 'player'),
	('32fd3b35-3a7f-43a2-b91d-134dc1607c24', 'eb874a93-43bc-463f-aee7-274f04d3a1a0', '467a64d6-8686-44c0-854a-d96e2e9566bc', 'df9b04fe-29a1-4833-b377-bd6ef4ecc8b2', '2026-03-11 03:30:07.536+00', NULL, '2026-03-11 03:30:07.561447+00', 'captain'),
	('21f89f01-f972-4339-bf65-c847f00d52c2', '1011b1e0-22e7-49a5-90b0-c02809993575', '467a64d6-8686-44c0-854a-d96e2e9566bc', 'df9b04fe-29a1-4833-b377-bd6ef4ecc8b2', '2026-03-11 03:30:14.983+00', NULL, '2026-03-11 03:30:15.015983+00', 'vice_captain'),
	('f522971b-457e-4b96-9d87-1d6067dc1cb4', '13fb778f-6d64-45a2-8183-05b2295ec2a1', '467a64d6-8686-44c0-854a-d96e2e9566bc', 'df9b04fe-29a1-4833-b377-bd6ef4ecc8b2', '2026-03-11 03:30:27.643+00', NULL, '2026-03-11 03:30:28.108236+00', 'court_captain'),
	('ca3e6243-7b5d-419f-bbcb-9a7639c21df2', '2f01cc51-bc39-44a1-929c-7c0203ab3eda', '3e074193-2a5f-4123-9db4-9c54591afed3', 'df9b04fe-29a1-4833-b377-bd6ef4ecc8b2', '2026-03-12 08:58:26.788+00', NULL, '2026-03-12 08:58:27.277133+00', 'player'),
	('b82d18a6-4ee0-4b24-8156-cddcd8910ed6', 'b93cb1a7-7675-4d16-8afc-a1c4a8b4ad62', '3e074193-2a5f-4123-9db4-9c54591afed3', 'df9b04fe-29a1-4833-b377-bd6ef4ecc8b2', '2026-03-12 08:58:33.048+00', NULL, '2026-03-12 08:58:33.091342+00', 'player'),
	('4e88e554-4c7a-4064-8924-fbe4688323f9', 'ada5d4c3-390a-4db1-87fe-09a20ed0f5af', '3e074193-2a5f-4123-9db4-9c54591afed3', 'df9b04fe-29a1-4833-b377-bd6ef4ecc8b2', '2026-03-12 08:58:39.329+00', NULL, '2026-03-12 08:58:39.350523+00', 'player'),
	('d67bfaa9-edc7-47c6-8ab7-e58090e8a942', 'cbab919b-2045-484a-a93f-14e70fa4e229', '3e074193-2a5f-4123-9db4-9c54591afed3', 'df9b04fe-29a1-4833-b377-bd6ef4ecc8b2', '2026-03-12 08:58:45.06+00', NULL, '2026-03-12 08:58:45.080925+00', 'player'),
	('2c19dd46-4adc-49a4-a9c2-9aa3eac0000f', 'f48f746c-6652-483d-bc07-f8a7c64b57ac', '3e074193-2a5f-4123-9db4-9c54591afed3', 'df9b04fe-29a1-4833-b377-bd6ef4ecc8b2', '2026-03-12 08:58:49.148+00', NULL, '2026-03-12 08:58:49.181943+00', 'player'),
	('077180b8-9698-4ad3-8229-7ba8ea1bcd4b', '02324ec6-9783-4b35-968a-f659cfc6f0d7', '3e074193-2a5f-4123-9db4-9c54591afed3', 'df9b04fe-29a1-4833-b377-bd6ef4ecc8b2', '2026-03-12 08:58:54.795+00', NULL, '2026-03-12 08:58:54.824471+00', 'player'),
	('82cca24e-f66c-4400-900f-26dd33a0a8fa', '70161eac-ded7-49c1-a9e8-1168c083b5bb', '3e074193-2a5f-4123-9db4-9c54591afed3', 'df9b04fe-29a1-4833-b377-bd6ef4ecc8b2', '2026-03-12 08:58:58.418+00', NULL, '2026-03-12 08:58:58.440212+00', 'player'),
	('23ad9fe5-bc2b-46df-822e-933fc10e777d', '11e45820-79c8-4587-8fec-27d803b11285', '3e074193-2a5f-4123-9db4-9c54591afed3', 'df9b04fe-29a1-4833-b377-bd6ef4ecc8b2', '2026-03-12 08:58:21.745+00', NULL, '2026-03-12 08:58:21.768029+00', 'captain'),
	('721867f3-4ed9-4dca-889e-b393cc1fa775', 'c4bffbc1-7564-4d19-99c3-a6deb9534def', '9da197c7-e0f1-4b6b-8c28-87d070e1dcef', 'df9b04fe-29a1-4833-b377-bd6ef4ecc8b2', '2026-03-14 13:36:38.222+00', NULL, '2026-03-14 13:36:38.248783+00', 'vice_captain'),
	('435587a3-0f29-4050-922c-0932da996873', '008334ae-3f30-43f4-8f98-87a1678b1e65', '9da197c7-e0f1-4b6b-8c28-87d070e1dcef', 'df9b04fe-29a1-4833-b377-bd6ef4ecc8b2', '2026-03-14 13:36:46.021+00', NULL, '2026-03-14 13:36:46.058704+00', 'player'),
	('7b7eaeb6-e150-4e3f-8de2-73db4f9b7886', 'add7efb1-39bf-4039-be74-b6f45d8d19fc', '9da197c7-e0f1-4b6b-8c28-87d070e1dcef', 'df9b04fe-29a1-4833-b377-bd6ef4ecc8b2', '2026-03-14 13:36:49.657+00', NULL, '2026-03-14 13:36:49.691856+00', 'player'),
	('314008fb-25b5-4a49-ab56-daf8d2f72622', '5f71545b-50af-47f9-8c01-e56265ee6443', '9da197c7-e0f1-4b6b-8c28-87d070e1dcef', 'df9b04fe-29a1-4833-b377-bd6ef4ecc8b2', '2026-03-14 13:36:57.037+00', NULL, '2026-03-14 13:36:57.062089+00', 'player'),
	('5c5583b5-7d6d-47b7-a193-b64f1ffbbfd5', 'e18c2ded-ef62-4f8d-ab5c-77d2b98935ac', '9da197c7-e0f1-4b6b-8c28-87d070e1dcef', 'df9b04fe-29a1-4833-b377-bd6ef4ecc8b2', '2026-03-14 13:37:06.92+00', NULL, '2026-03-14 13:37:06.946088+00', 'player'),
	('7d46d48e-bf70-4127-86ba-f22426a027df', '380de467-4f50-40fd-b607-dc74ab257781', '9da197c7-e0f1-4b6b-8c28-87d070e1dcef', 'df9b04fe-29a1-4833-b377-bd6ef4ecc8b2', '2026-03-14 13:37:10.488+00', NULL, '2026-03-14 13:37:10.511367+00', 'player'),
	('7a84e39c-446b-47ee-9838-74817d5d548a', '007500af-99ab-4b3f-ac47-37d9a640ba0c', '9da197c7-e0f1-4b6b-8c28-87d070e1dcef', 'df9b04fe-29a1-4833-b377-bd6ef4ecc8b2', '2026-03-14 13:37:20.108+00', NULL, '2026-03-14 13:37:20.144162+00', 'player'),
	('e0520d33-99ed-4650-ab17-252583ca5256', '6bb870a9-5292-43e3-aa63-8aff69080f34', '9da197c7-e0f1-4b6b-8c28-87d070e1dcef', 'df9b04fe-29a1-4833-b377-bd6ef4ecc8b2', '2026-03-14 13:37:26.709+00', NULL, '2026-03-14 13:37:26.731722+00', 'player'),
	('3af000d8-f8ab-460a-a0ee-57d20c27f46a', '8c125c84-5b40-48ce-a77d-1a07e073b93c', '9da197c7-e0f1-4b6b-8c28-87d070e1dcef', 'df9b04fe-29a1-4833-b377-bd6ef4ecc8b2', '2026-03-14 13:36:34.143+00', NULL, '2026-03-14 13:36:34.177606+00', 'captain'),
	('3d99f686-9e87-44c7-849d-dd8cf208b51f', '2ad4e76b-f33b-48e6-8c7f-7e667ff6aacf', '9da197c7-e0f1-4b6b-8c28-87d070e1dcef', 'df9b04fe-29a1-4833-b377-bd6ef4ecc8b2', '2026-03-14 13:36:41.752+00', NULL, '2026-03-14 13:36:41.782736+00', 'court_captain'),
	('5040f94f-1414-439e-8c08-eaa3f780bf47', 'f6290a64-471b-49c4-a27e-ab9b515c733e', '9da197c7-e0f1-4b6b-8c28-87d070e1dcef', 'df9b04fe-29a1-4833-b377-bd6ef4ecc8b2', '2026-03-14 13:36:53.081+00', NULL, '2026-03-14 13:36:53.106494+00', 'player'),
	('7f7c3934-db56-4479-906a-11a5f6465187', '780f1cc8-69f1-43d8-b9e6-718c7e52f2f0', '9da197c7-e0f1-4b6b-8c28-87d070e1dcef', 'df9b04fe-29a1-4833-b377-bd6ef4ecc8b2', '2026-03-14 13:37:00.221+00', NULL, '2026-03-14 13:37:00.254021+00', 'player'),
	('05a18ad3-6aa3-4b82-83ab-90dfdfae2a84', '129284ad-a59e-414a-a1af-da4f907c7d6d', '9da197c7-e0f1-4b6b-8c28-87d070e1dcef', 'df9b04fe-29a1-4833-b377-bd6ef4ecc8b2', '2026-03-14 13:37:03.649+00', NULL, '2026-03-14 13:37:03.687645+00', 'player'),
	('2c7e74e2-b2c3-4f92-9d77-c8e57aa0abea', '941da0a9-8a08-4f22-9e32-abe2eef0ac9e', '9da197c7-e0f1-4b6b-8c28-87d070e1dcef', 'df9b04fe-29a1-4833-b377-bd6ef4ecc8b2', '2026-03-14 13:37:13.604+00', NULL, '2026-03-14 13:37:13.627656+00', 'player'),
	('8ab7a571-8c92-44a1-b115-f41a4a25027b', '316f2a51-2a2c-4496-a0cd-dca897808afe', '9da197c7-e0f1-4b6b-8c28-87d070e1dcef', 'df9b04fe-29a1-4833-b377-bd6ef4ecc8b2', '2026-03-14 13:37:16.965+00', NULL, '2026-03-14 13:37:16.988361+00', 'player'),
	('90316ab8-964e-4d72-a2fe-4bbb60ce6f88', 'f832718c-c0f1-40b0-bac6-5179b0afb9e7', '9da197c7-e0f1-4b6b-8c28-87d070e1dcef', 'df9b04fe-29a1-4833-b377-bd6ef4ecc8b2', '2026-03-14 13:37:23.453+00', NULL, '2026-03-14 13:37:23.4936+00', 'player'),
	('3dc1ffc6-f024-45cc-8a21-dcc7edafff31', '08824c10-2daa-428a-ace5-a5d8d8d33f30', '825ef03c-091f-4564-8835-087031027f4f', 'df9b04fe-29a1-4833-b377-bd6ef4ecc8b2', '2026-03-14 13:44:23.257+00', NULL, '2026-03-14 13:44:23.883791+00', 'player'),
	('b19a9193-7148-4136-a5fd-e2401fedec9c', '4ff1474d-1042-4f97-aa0a-6870a032c2a7', '825ef03c-091f-4564-8835-087031027f4f', 'df9b04fe-29a1-4833-b377-bd6ef4ecc8b2', '2026-03-14 13:44:26.909+00', NULL, '2026-03-14 13:44:26.935763+00', 'player'),
	('819692a5-5709-4dfb-87ce-bf859ead614f', '2be5bed0-824f-4e21-9bbb-c52fc434ad74', '825ef03c-091f-4564-8835-087031027f4f', 'df9b04fe-29a1-4833-b377-bd6ef4ecc8b2', '2026-03-14 13:44:31.164+00', NULL, '2026-03-14 13:44:31.191915+00', 'player'),
	('2a596683-d353-4d7b-99ad-39e9259406a8', '90c2edfc-3471-4cec-8ebd-3f0e588cabb1', '825ef03c-091f-4564-8835-087031027f4f', 'df9b04fe-29a1-4833-b377-bd6ef4ecc8b2', '2026-03-14 13:44:34.875+00', NULL, '2026-03-14 13:44:34.910076+00', 'player'),
	('c7404909-bc56-438c-9ef2-99cccecf9338', 'bf425019-64e4-4e79-b5e9-a5d4839bde16', '825ef03c-091f-4564-8835-087031027f4f', 'df9b04fe-29a1-4833-b377-bd6ef4ecc8b2', '2026-03-14 13:44:38.316+00', NULL, '2026-03-14 13:44:38.354833+00', 'player'),
	('ed6f59fa-0522-4089-99f5-52a7823f5aca', 'f316fa59-1512-4c2f-9bb0-1706efe75d37', '825ef03c-091f-4564-8835-087031027f4f', 'df9b04fe-29a1-4833-b377-bd6ef4ecc8b2', '2026-03-14 13:44:41.96+00', NULL, '2026-03-14 13:44:42.538966+00', 'player'),
	('bbb62c3b-078d-4d54-9b0f-41066f957e69', 'b5abed0d-a582-4c30-82e5-bd122c6449e1', '825ef03c-091f-4564-8835-087031027f4f', 'df9b04fe-29a1-4833-b377-bd6ef4ecc8b2', '2026-03-14 13:44:46.421+00', NULL, '2026-03-14 13:44:46.457582+00', 'player'),
	('85565de3-0099-480f-adec-6dc1dd610ebc', '32aacae7-4e64-49be-8ee7-b84e04e9a0da', '825ef03c-091f-4564-8835-087031027f4f', 'df9b04fe-29a1-4833-b377-bd6ef4ecc8b2', '2026-03-14 13:44:49.523+00', NULL, '2026-03-14 13:44:49.551207+00', 'player'),
	('4334531d-b7d4-430a-89e0-f678bbf626b3', 'c5649fa7-67b5-4e98-b37a-f7fd333a222b', '825ef03c-091f-4564-8835-087031027f4f', 'df9b04fe-29a1-4833-b377-bd6ef4ecc8b2', '2026-03-14 13:44:53.303+00', NULL, '2026-03-14 13:44:53.361245+00', 'player'),
	('b224b14c-0f78-4785-abe1-4b000928eaed', 'c0883041-bd05-4561-877a-b05514abb612', '825ef03c-091f-4564-8835-087031027f4f', 'df9b04fe-29a1-4833-b377-bd6ef4ecc8b2', '2026-03-14 13:44:56.166+00', NULL, '2026-03-14 13:44:56.192983+00', 'player'),
	('026ba210-2a5d-432b-b39b-9cb1dec4a8d9', '3c3ca4d1-79f4-4422-8206-247ea32306f4', '825ef03c-091f-4564-8835-087031027f4f', 'df9b04fe-29a1-4833-b377-bd6ef4ecc8b2', '2026-03-14 13:44:10.719+00', NULL, '2026-03-14 13:44:10.745898+00', 'captain'),
	('33c392f7-4eed-4eb2-81a6-2c15ca5ad3d8', 'fa1c8b4b-8c32-49f9-bce2-b79dc469c70d', '825ef03c-091f-4564-8835-087031027f4f', 'df9b04fe-29a1-4833-b377-bd6ef4ecc8b2', '2026-03-14 13:44:16.032+00', NULL, '2026-03-14 13:44:16.619963+00', 'vice_captain'),
	('dcc0b458-eba3-463e-9f7a-3a4055a2add2', 'bed68e28-cb9d-415b-87f3-9fade64c468b', '825ef03c-091f-4564-8835-087031027f4f', 'df9b04fe-29a1-4833-b377-bd6ef4ecc8b2', '2026-03-14 13:44:20.046+00', NULL, '2026-03-14 13:44:20.07389+00', 'court_captain'),
	('7ca8a794-8fb1-49c9-9429-6f6b99554eac', '6675355c-09ff-4781-8ee0-cfbcd65829ca', '3b29ebcc-9d35-4f64-8db3-a847349c671e', 'df9b04fe-29a1-4833-b377-bd6ef4ecc8b2', '2026-03-14 13:45:59.813+00', NULL, '2026-03-14 13:45:59.856838+00', 'player'),
	('71ad04e7-ddd1-4c49-8dc9-a940e1a82ae7', '1c36e4d7-c629-4223-ae41-a9b2d3aa201f', '3b29ebcc-9d35-4f64-8db3-a847349c671e', 'df9b04fe-29a1-4833-b377-bd6ef4ecc8b2', '2026-03-14 13:46:02.909+00', NULL, '2026-03-14 13:46:02.933756+00', 'player'),
	('b3773fc5-32d0-40c9-a295-14a1b88d7ce4', '3c464480-170d-4488-ae1c-35f60714ec69', '3b29ebcc-9d35-4f64-8db3-a847349c671e', 'df9b04fe-29a1-4833-b377-bd6ef4ecc8b2', '2026-03-14 13:46:05.882+00', NULL, '2026-03-14 13:46:05.917184+00', 'player'),
	('ac612632-6b6b-43b4-b3ca-0ec1b1553c63', '61dbd598-283f-4c6d-a490-88aa75e7750b', '3b29ebcc-9d35-4f64-8db3-a847349c671e', 'df9b04fe-29a1-4833-b377-bd6ef4ecc8b2', '2026-03-14 13:46:09.302+00', NULL, '2026-03-14 13:46:09.324222+00', 'player'),
	('c1c2cebd-733e-46ec-b589-95e715788a6b', '622e88c2-bd06-4dac-8102-0052a37a4d11', '3b29ebcc-9d35-4f64-8db3-a847349c671e', 'df9b04fe-29a1-4833-b377-bd6ef4ecc8b2', '2026-03-14 13:46:12.519+00', NULL, '2026-03-14 13:46:12.543572+00', 'player'),
	('6794af58-107f-4ca6-97e9-0e9b273b9407', 'a0dbfbe9-dec7-4d76-8af6-339a23bad075', '3b29ebcc-9d35-4f64-8db3-a847349c671e', 'df9b04fe-29a1-4833-b377-bd6ef4ecc8b2', '2026-03-14 13:46:16.113+00', NULL, '2026-03-14 13:46:16.154221+00', 'player'),
	('98cb74f1-ec82-4e32-aaea-912b3098ba63', '8400656a-b272-4d0b-be8b-6ed4d4245c50', '3b29ebcc-9d35-4f64-8db3-a847349c671e', 'df9b04fe-29a1-4833-b377-bd6ef4ecc8b2', '2026-03-14 13:46:20.24+00', NULL, '2026-03-14 13:46:20.270271+00', 'player'),
	('b26e19c0-e0b8-43dc-9880-315d0c4edf05', '527bfff0-1ff5-46f3-8137-1c79283fd49e', '3b29ebcc-9d35-4f64-8db3-a847349c671e', 'df9b04fe-29a1-4833-b377-bd6ef4ecc8b2', '2026-03-14 13:46:23.789+00', NULL, '2026-03-14 13:46:23.823453+00', 'player'),
	('c460075a-9914-4e14-ba6f-b3865296dcde', 'a29a8600-f015-4bcf-8b80-5a1454f0e529', '3b29ebcc-9d35-4f64-8db3-a847349c671e', 'df9b04fe-29a1-4833-b377-bd6ef4ecc8b2', '2026-03-14 13:46:27.011+00', NULL, '2026-03-14 13:46:27.036362+00', 'player'),
	('66b51c9a-7d84-44e9-a157-930ca473523c', '49a28320-5137-454c-b2cf-fdc4ed7df890', '3b29ebcc-9d35-4f64-8db3-a847349c671e', 'df9b04fe-29a1-4833-b377-bd6ef4ecc8b2', '2026-03-14 13:46:29.977+00', NULL, '2026-03-14 13:46:30.005638+00', 'player'),
	('fb3a1829-5301-440f-be46-e536f27bc589', '73493d43-73e8-4a8a-b63c-51a4909f8ba2', '3b29ebcc-9d35-4f64-8db3-a847349c671e', 'df9b04fe-29a1-4833-b377-bd6ef4ecc8b2', '2026-03-14 13:45:47.819+00', NULL, '2026-03-14 13:45:48.101269+00', 'captain'),
	('9091e379-b105-4baa-985b-5e2b1475fe28', 'c2b09a8e-0797-450a-9dab-52f3ad7a5862', '3b29ebcc-9d35-4f64-8db3-a847349c671e', 'df9b04fe-29a1-4833-b377-bd6ef4ecc8b2', '2026-03-14 13:45:51.866+00', NULL, '2026-03-14 13:45:51.898146+00', 'vice_captain'),
	('5bed992b-9150-47dd-aae0-cf7870b327ca', '051a7c97-eb95-4137-a8e2-b9519d1bb2cf', '3b29ebcc-9d35-4f64-8db3-a847349c671e', 'df9b04fe-29a1-4833-b377-bd6ef4ecc8b2', '2026-03-14 13:45:55.389+00', NULL, '2026-03-14 13:45:55.602307+00', 'court_captain'),
	('50265429-9d34-4329-b5f6-36e275002fc2', '6391228e-1dc3-4dea-8b0e-a96c81abde99', '71cf4756-9037-4c6b-aa4b-9fa434d94abb', 'df9b04fe-29a1-4833-b377-bd6ef4ecc8b2', '2026-04-18 07:25:35.329+00', NULL, '2026-04-18 07:25:35.360293+00', 'player'),
	('42a2c1f4-8cfb-46ac-88c5-9fe06559357a', '93f6b1cc-070f-4c82-a8fb-655093d9eff3', '71cf4756-9037-4c6b-aa4b-9fa434d94abb', 'df9b04fe-29a1-4833-b377-bd6ef4ecc8b2', '2026-04-18 07:25:39.29+00', NULL, '2026-04-18 07:25:39.329404+00', 'player'),
	('8a75d1d7-fe7f-4db1-88fa-0e621ddfb01b', '6c64aa6d-25f5-41f7-8494-15eaf18006cf', '71cf4756-9037-4c6b-aa4b-9fa434d94abb', 'df9b04fe-29a1-4833-b377-bd6ef4ecc8b2', '2026-04-18 07:25:42.869+00', NULL, '2026-04-18 07:25:42.913031+00', 'player'),
	('59d65947-519e-4f00-8690-0225dafc7d17', '6f3482c7-06d9-4e69-9e27-074a0de0242e', '71cf4756-9037-4c6b-aa4b-9fa434d94abb', 'df9b04fe-29a1-4833-b377-bd6ef4ecc8b2', '2026-04-18 07:25:47.001+00', NULL, '2026-04-18 07:25:47.039223+00', 'player'),
	('2f91e661-27dd-4f3f-bf00-6b57eb64bbf3', 'e0d2b52b-6856-436c-a77d-e5d26a717373', '71cf4756-9037-4c6b-aa4b-9fa434d94abb', 'df9b04fe-29a1-4833-b377-bd6ef4ecc8b2', '2026-04-18 07:25:50.629+00', NULL, '2026-04-18 07:25:50.658787+00', 'player'),
	('02958a5d-cc4b-48ce-8244-042599fa1b21', '2969961e-d9e2-4f6a-bc3c-9df4050f12eb', '71cf4756-9037-4c6b-aa4b-9fa434d94abb', 'df9b04fe-29a1-4833-b377-bd6ef4ecc8b2', '2026-04-18 07:25:54.044+00', NULL, '2026-04-18 07:25:54.078846+00', 'player'),
	('e9260994-7112-4f01-988b-f42d5a37e4fd', '253150cc-7e44-47eb-a5c7-dbb95eb8103c', '71cf4756-9037-4c6b-aa4b-9fa434d94abb', 'df9b04fe-29a1-4833-b377-bd6ef4ecc8b2', '2026-04-18 07:25:58.067+00', NULL, '2026-04-18 07:25:58.123382+00', 'player'),
	('8db09a2f-4912-4399-89c2-e310d5db08be', '224b9d34-47ce-489a-b21e-9ef250e3432d', '71cf4756-9037-4c6b-aa4b-9fa434d94abb', 'df9b04fe-29a1-4833-b377-bd6ef4ecc8b2', '2026-04-18 07:26:01.42+00', NULL, '2026-04-18 07:26:01.449821+00', 'player'),
	('0e09c65b-7b3e-48f6-b1df-c0d868cda65d', '0b217988-3202-4825-8135-c336eeb60e8e', '71cf4756-9037-4c6b-aa4b-9fa434d94abb', 'df9b04fe-29a1-4833-b377-bd6ef4ecc8b2', '2026-04-18 07:26:04.761+00', NULL, '2026-04-18 07:26:04.788547+00', 'player'),
	('45869ad3-d704-4474-a99c-cb0ee1e71c3e', '5cd02592-1730-4d2a-9a1e-54be2184ea52', '71cf4756-9037-4c6b-aa4b-9fa434d94abb', 'df9b04fe-29a1-4833-b377-bd6ef4ecc8b2', '2026-04-18 07:26:08.255+00', NULL, '2026-04-18 07:26:08.319455+00', 'player'),
	('9bb1de92-5435-43e4-9dfa-4053d7d0c3ae', '41454498-c083-4614-a65e-5199d7bd5cc2', '71cf4756-9037-4c6b-aa4b-9fa434d94abb', 'df9b04fe-29a1-4833-b377-bd6ef4ecc8b2', '2026-04-18 07:26:11.768+00', NULL, '2026-04-18 07:26:11.800511+00', 'player'),
	('2844f857-4d30-4afc-8136-fe322bdc44e6', 'e599b4fd-b0e1-4433-bc60-7782e112aa19', '71cf4756-9037-4c6b-aa4b-9fa434d94abb', 'df9b04fe-29a1-4833-b377-bd6ef4ecc8b2', '2026-04-18 07:26:15.541+00', NULL, '2026-04-18 07:26:15.575711+00', 'player'),
	('fc7f1b54-66ae-4d89-9913-59557507cfa7', '3ae0fab3-4ffd-4f60-87dd-40c6b4591aeb', '71cf4756-9037-4c6b-aa4b-9fa434d94abb', 'df9b04fe-29a1-4833-b377-bd6ef4ecc8b2', '2026-04-18 07:27:24.612+00', NULL, '2026-04-18 07:27:24.813288+00', 'player'),
	('cef0dc3f-6d19-4238-bfb8-33ce29b38bd0', '9c883c5a-f20f-475f-b3b5-87422363c56e', 'bc0b94c1-24ce-4641-ad10-280d461751fd', 'df9b04fe-29a1-4833-b377-bd6ef4ecc8b2', '2026-04-18 07:27:53.276+00', NULL, '2026-04-18 07:27:53.312225+00', 'player'),
	('13a752ff-32f4-47ea-ae87-f839ee266778', '53f1d43a-ae49-4550-b401-d043a417e2a9', 'bc0b94c1-24ce-4641-ad10-280d461751fd', 'df9b04fe-29a1-4833-b377-bd6ef4ecc8b2', '2026-04-18 07:27:58.238+00', NULL, '2026-04-18 07:27:58.456253+00', 'player'),
	('460e1b8a-3e96-4abf-9152-cf146a851628', '699cad05-bb5a-4a85-a7f9-99345df3a206', 'bc0b94c1-24ce-4641-ad10-280d461751fd', 'df9b04fe-29a1-4833-b377-bd6ef4ecc8b2', '2026-04-18 07:28:02.138+00', NULL, '2026-04-18 07:28:02.169207+00', 'player'),
	('3d902398-a4de-4c22-b4c8-095f8abe0649', 'b544f64a-895d-48ad-90c5-c2a66b5e262d', 'bc0b94c1-24ce-4641-ad10-280d461751fd', 'df9b04fe-29a1-4833-b377-bd6ef4ecc8b2', '2026-04-18 07:28:05.378+00', NULL, '2026-04-18 07:28:05.410345+00', 'player'),
	('b5c5d9c2-4258-4f9c-8b24-d757ffd34804', '6529feed-923a-4b15-8acc-4bd6679092ec', 'bc0b94c1-24ce-4641-ad10-280d461751fd', 'df9b04fe-29a1-4833-b377-bd6ef4ecc8b2', '2026-04-18 07:28:09.597+00', NULL, '2026-04-18 07:28:09.626739+00', 'player'),
	('76a3d036-2ba6-4ea2-8cb0-524670a234b2', '88562609-6c42-473c-9088-26d09372a8db', 'bc0b94c1-24ce-4641-ad10-280d461751fd', 'df9b04fe-29a1-4833-b377-bd6ef4ecc8b2', '2026-04-18 07:28:13.34+00', NULL, '2026-04-18 07:28:13.375832+00', 'player'),
	('ee4aa616-5d42-49b5-ac14-cddeb3ea3e46', 'fdc23444-5558-4d4d-9047-7a5ad9aed799', 'bc0b94c1-24ce-4641-ad10-280d461751fd', 'df9b04fe-29a1-4833-b377-bd6ef4ecc8b2', '2026-04-18 07:28:16.521+00', NULL, '2026-04-18 07:28:16.556464+00', 'player'),
	('9e77824e-d78c-45d6-ae99-f64bc0165ace', 'bf7ec401-00c7-4b43-9d6e-68d07bad6d34', 'bc0b94c1-24ce-4641-ad10-280d461751fd', 'df9b04fe-29a1-4833-b377-bd6ef4ecc8b2', '2026-04-18 07:28:20.995+00', NULL, '2026-04-18 07:28:21.040257+00', 'player'),
	('9844e033-c7cc-4752-9c88-9cf52a688a46', '6d7772b0-bd49-4e02-8da0-0b50edd5b224', 'bc0b94c1-24ce-4641-ad10-280d461751fd', 'df9b04fe-29a1-4833-b377-bd6ef4ecc8b2', '2026-04-18 07:28:24.428+00', NULL, '2026-04-18 07:28:24.471661+00', 'player'),
	('ac16ef86-9c09-46ed-b05e-1976112f4384', 'e9518f01-680a-41eb-9fa1-067137e59386', 'bc0b94c1-24ce-4641-ad10-280d461751fd', 'df9b04fe-29a1-4833-b377-bd6ef4ecc8b2', '2026-04-18 07:28:29.548+00', NULL, '2026-04-18 07:28:29.583255+00', 'player'),
	('3c372050-0a1c-4991-a670-a3b7cdbde6d5', '7aacf86d-f2d4-4e39-b59e-ac9aea513833', 'bc0b94c1-24ce-4641-ad10-280d461751fd', 'df9b04fe-29a1-4833-b377-bd6ef4ecc8b2', '2026-04-18 07:27:48.439+00', NULL, '2026-04-18 07:27:48.467965+00', 'captain'),
	('78a407fa-2e16-4407-8fa7-61ec8e1d21f2', 'e6958fe2-c85a-48a1-a106-020617908c65', '71cf4756-9037-4c6b-aa4b-9fa434d94abb', 'df9b04fe-29a1-4833-b377-bd6ef4ecc8b2', '2026-04-18 07:25:22.252+00', NULL, '2026-04-18 07:25:22.722456+00', 'captain'),
	('b308037c-1f79-4dba-8ff8-ca0f0788ada7', '6414812f-fc2e-4707-b239-effad79f1146', '71cf4756-9037-4c6b-aa4b-9fa434d94abb', 'df9b04fe-29a1-4833-b377-bd6ef4ecc8b2', '2026-04-18 07:25:26.287+00', NULL, '2026-04-18 07:25:26.755318+00', 'vice_captain'),
	('e901305e-42e1-42aa-9d53-023bf60496ad', 'de85d5d9-1e2d-4ea6-a417-9a6b1d7ef286', '71cf4756-9037-4c6b-aa4b-9fa434d94abb', 'df9b04fe-29a1-4833-b377-bd6ef4ecc8b2', '2026-04-18 07:25:31.45+00', NULL, '2026-04-18 07:25:31.479806+00', 'court_captain'),
	('65ffe908-7d62-4e1e-96c8-f420ab9f3694', '099faa28-ce74-4917-a980-72142faa3a99', '84a6b9a6-bf90-4b39-b3f0-a979736a7d64', 'df9b04fe-29a1-4833-b377-bd6ef4ecc8b2', '2026-04-18 07:29:43.195+00', NULL, '2026-04-18 07:29:43.228328+00', 'player'),
	('4457d2ab-f408-4492-ae70-57893cb29696', '9dc133bd-0a1f-4ef5-a4bc-7ec09a988681', '84a6b9a6-bf90-4b39-b3f0-a979736a7d64', 'df9b04fe-29a1-4833-b377-bd6ef4ecc8b2', '2026-04-18 07:29:47.23+00', NULL, '2026-04-18 07:29:47.265822+00', 'player'),
	('82e1efec-1be8-426e-8a67-4ba3ab5be01e', 'eaca012e-d1cb-431e-97ec-2fae1d14349e', '84a6b9a6-bf90-4b39-b3f0-a979736a7d64', 'df9b04fe-29a1-4833-b377-bd6ef4ecc8b2', '2026-04-18 07:29:51.101+00', NULL, '2026-04-18 07:29:51.130876+00', 'player'),
	('fcc20e6a-6817-4d8d-92d9-92b46779f700', '42fa8a6a-a0fa-431f-9943-04feb9445b58', '84a6b9a6-bf90-4b39-b3f0-a979736a7d64', 'df9b04fe-29a1-4833-b377-bd6ef4ecc8b2', '2026-04-18 07:29:55.48+00', NULL, '2026-04-18 07:29:55.509439+00', 'player'),
	('e5905be4-c92c-42e5-905d-6ff25c70c691', 'f434fdc5-3eab-4307-a0ce-b0e987360599', '84a6b9a6-bf90-4b39-b3f0-a979736a7d64', 'df9b04fe-29a1-4833-b377-bd6ef4ecc8b2', '2026-04-18 07:29:59.063+00', NULL, '2026-04-18 07:29:59.092967+00', 'player'),
	('d749e72f-539a-4c35-b2b1-f6d1037ceab4', '8046cc9a-2c98-4a74-95e7-044399a2aeed', '84a6b9a6-bf90-4b39-b3f0-a979736a7d64', 'df9b04fe-29a1-4833-b377-bd6ef4ecc8b2', '2026-04-18 07:30:03.158+00', NULL, '2026-04-18 07:30:03.198645+00', 'player'),
	('8b75a67f-2970-46db-8844-0fee24f5f5b7', 'b62bab2f-d782-437e-8ff7-c6a05bb93fa9', '84a6b9a6-bf90-4b39-b3f0-a979736a7d64', 'df9b04fe-29a1-4833-b377-bd6ef4ecc8b2', '2026-04-18 07:30:06.624+00', NULL, '2026-04-18 07:30:06.655539+00', 'player'),
	('6d2072c9-d6e6-4719-b0b1-f4acd4caf212', '9129c888-1e46-4ad0-926f-c6e5eee8eccb', '84a6b9a6-bf90-4b39-b3f0-a979736a7d64', 'df9b04fe-29a1-4833-b377-bd6ef4ecc8b2', '2026-04-18 07:29:33.682+00', NULL, '2026-04-18 07:29:33.718711+00', 'vice_captain'),
	('bbfb5935-5539-4aa4-b444-f64cf114e7bc', 'd5a8c9e3-e1c1-44d1-afc6-0bf2ae417f00', '84a6b9a6-bf90-4b39-b3f0-a979736a7d64', 'df9b04fe-29a1-4833-b377-bd6ef4ecc8b2', '2026-04-18 07:29:37.253+00', NULL, '2026-04-18 07:29:37.296662+00', 'court_captain'),
	('b6288d36-a989-40c1-b2df-c10b4c8d48db', 'e875f22a-9c9d-4979-8ce2-d9563445c645', '84a6b9a6-bf90-4b39-b3f0-a979736a7d64', 'df9b04fe-29a1-4833-b377-bd6ef4ecc8b2', '2026-04-18 07:30:09.94+00', NULL, '2026-04-18 07:30:09.972582+00', 'player'),
	('680d9471-4297-4e19-8ec3-d2b5ce91123c', '34de58c2-408e-4379-aaa0-ffc0f2daa2cd', '84a6b9a6-bf90-4b39-b3f0-a979736a7d64', 'df9b04fe-29a1-4833-b377-bd6ef4ecc8b2', '2026-04-18 07:29:29.747+00', NULL, '2026-04-18 07:29:29.947267+00', 'captain'),
	('724f2dda-8ac0-4973-b48a-869ea046da5a', 'eaf1ffec-f5cb-4839-bb7d-245219afd355', '84a6b9a6-bf90-4b39-b3f0-a979736a7d64', 'df9b04fe-29a1-4833-b377-bd6ef4ecc8b2', '2026-04-18 07:30:18.243+00', NULL, '2026-04-18 07:30:18.271986+00', 'player'),
	('e471a7b0-d452-436e-80eb-19f4ab0b02a7', 'b3dabf46-52a8-4706-92bb-7dac8f9f2e21', '84a6b9a6-bf90-4b39-b3f0-a979736a7d64', 'df9b04fe-29a1-4833-b377-bd6ef4ecc8b2', '2026-04-18 07:30:23.842+00', NULL, '2026-04-18 07:30:23.871867+00', 'player'),
	('653c1f95-a843-4b21-ac85-732c06ca59c7', 'a1850506-01ce-44fa-a7bf-24b76bf11db5', 'ae9ce8a8-29de-48af-be5d-6b3c2f1636b7', 'df9b04fe-29a1-4833-b377-bd6ef4ecc8b2', '2026-04-18 07:31:36.019+00', NULL, '2026-04-18 07:31:36.234717+00', 'player'),
	('4b55210f-119e-4515-a4ca-13600e77548e', 'c2268763-429d-4ad1-b4dc-0c0cedf682a1', 'ae9ce8a8-29de-48af-be5d-6b3c2f1636b7', 'df9b04fe-29a1-4833-b377-bd6ef4ecc8b2', '2026-04-18 07:31:39.828+00', NULL, '2026-04-18 07:31:39.865095+00', 'player'),
	('7d981842-2a61-4435-a0b2-65f62c85c227', 'e86d2d65-b679-40f9-a63f-2ef4972f720b', 'ae9ce8a8-29de-48af-be5d-6b3c2f1636b7', 'df9b04fe-29a1-4833-b377-bd6ef4ecc8b2', '2026-04-18 07:31:42.945+00', NULL, '2026-04-18 07:31:42.974359+00', 'player'),
	('1b9671bc-3ab7-42bc-83ce-8305bcac4a78', '35de2604-8e3c-4eef-b769-06a97a908d27', 'ae9ce8a8-29de-48af-be5d-6b3c2f1636b7', 'df9b04fe-29a1-4833-b377-bd6ef4ecc8b2', '2026-04-18 07:31:46.897+00', NULL, '2026-04-18 07:31:46.925049+00', 'player'),
	('546d1ba2-4ad8-49da-aa91-b6711f3da932', '46425172-84a0-4395-8a93-0f06f60dfb32', 'ae9ce8a8-29de-48af-be5d-6b3c2f1636b7', 'df9b04fe-29a1-4833-b377-bd6ef4ecc8b2', '2026-04-18 07:31:50.567+00', NULL, '2026-04-18 07:31:50.600297+00', 'player'),
	('150ce676-a4e8-45f0-a17d-8e9aa4daf847', '5d1dc652-4808-4907-9e4c-7e24bfeff9ca', 'ae9ce8a8-29de-48af-be5d-6b3c2f1636b7', 'df9b04fe-29a1-4833-b377-bd6ef4ecc8b2', '2026-04-18 07:31:54.14+00', NULL, '2026-04-18 07:31:54.180583+00', 'player'),
	('e429963d-801e-42c5-b592-0d483f70a440', 'b490139d-2a57-4fa1-baa1-a7872656fec0', 'ae9ce8a8-29de-48af-be5d-6b3c2f1636b7', 'df9b04fe-29a1-4833-b377-bd6ef4ecc8b2', '2026-04-18 07:31:57.548+00', NULL, '2026-04-18 07:31:57.585852+00', 'player'),
	('6255409f-cd7e-42df-a112-49a6d9033c4c', '82ef978b-42d3-4d2b-a013-a8ba9802c5d9', 'ae9ce8a8-29de-48af-be5d-6b3c2f1636b7', 'df9b04fe-29a1-4833-b377-bd6ef4ecc8b2', '2026-04-18 07:32:02.581+00', NULL, '2026-04-18 07:32:02.631323+00', 'player'),
	('f14932f9-c919-4a38-a023-8adf4ff6eb17', '7be477a4-7caa-46ec-afa9-bbacc2d6a3e2', 'ae9ce8a8-29de-48af-be5d-6b3c2f1636b7', 'df9b04fe-29a1-4833-b377-bd6ef4ecc8b2', '2026-04-18 07:32:06.212+00', NULL, '2026-04-18 07:32:06.25722+00', 'player'),
	('e8b79dfc-3b53-4ed7-80a9-57dbab4bbcd6', 'f665dfc5-e205-493b-95b4-f9b9b128c054', 'ae9ce8a8-29de-48af-be5d-6b3c2f1636b7', 'df9b04fe-29a1-4833-b377-bd6ef4ecc8b2', '2026-04-18 07:32:09.718+00', NULL, '2026-04-18 07:32:09.754614+00', 'player'),
	('47543986-841d-46c2-bc80-a6b03f81f31c', '056c35a2-8f09-4334-97bf-ee3c395d232e', 'ae9ce8a8-29de-48af-be5d-6b3c2f1636b7', 'df9b04fe-29a1-4833-b377-bd6ef4ecc8b2', '2026-04-18 07:32:13.385+00', NULL, '2026-04-18 07:32:13.415081+00', 'player'),
	('73ae7024-dc10-41fe-8b94-f84887e42c4c', 'a4d371db-fc00-413f-85c7-0a38e795f774', 'ae9ce8a8-29de-48af-be5d-6b3c2f1636b7', 'df9b04fe-29a1-4833-b377-bd6ef4ecc8b2', '2026-04-18 07:32:21.706+00', NULL, '2026-04-18 07:32:21.747366+00', 'player'),
	('501045e3-f574-4eaf-8ce1-0d5efc62f8d7', '0e91c3fa-9164-4e2a-8bc8-9203c84c33c9', 'ae9ce8a8-29de-48af-be5d-6b3c2f1636b7', 'df9b04fe-29a1-4833-b377-bd6ef4ecc8b2', '2026-04-18 07:31:24.552+00', NULL, '2026-04-18 07:31:24.58827+00', 'captain'),
	('c5c701b9-25d2-46e8-8d22-e889fe24680f', '47da084b-94d6-4a62-abc2-820ac9791de1', 'ae9ce8a8-29de-48af-be5d-6b3c2f1636b7', 'df9b04fe-29a1-4833-b377-bd6ef4ecc8b2', '2026-04-18 07:31:28.192+00', NULL, '2026-04-18 07:31:28.228856+00', 'vice_captain'),
	('39cbfd11-1eb5-4a3c-9994-f14009ef585d', '6aaaf3d8-84f1-4e01-b134-fe2802cf9f64', 'ae9ce8a8-29de-48af-be5d-6b3c2f1636b7', 'df9b04fe-29a1-4833-b377-bd6ef4ecc8b2', '2026-04-18 07:31:31.718+00', NULL, '2026-04-18 07:31:31.751655+00', 'court_captain'),
	('adf355d4-95bc-4e9a-a819-3195f9c2f6bd', '4671a817-781e-4c6a-a509-4d149429cac6', '7d8de2d1-27ae-4e2f-a3ef-6199d11b7214', 'df9b04fe-29a1-4833-b377-bd6ef4ecc8b2', '2026-04-18 07:36:37.092+00', NULL, '2026-04-18 07:36:37.120479+00', 'player'),
	('5e7bf1de-ab5e-4076-b672-27ec056b9f93', '3098b913-9cc4-4ea9-af63-b50933be5678', '7d8de2d1-27ae-4e2f-a3ef-6199d11b7214', 'df9b04fe-29a1-4833-b377-bd6ef4ecc8b2', '2026-04-18 07:36:40.228+00', NULL, '2026-04-18 07:36:40.263193+00', 'player'),
	('d94d6776-1697-48ad-a941-1929544beb73', '4d8cc75e-1dba-4ffc-9ff6-f81d3960eafd', '7d8de2d1-27ae-4e2f-a3ef-6199d11b7214', 'df9b04fe-29a1-4833-b377-bd6ef4ecc8b2', '2026-04-18 07:36:43.527+00', NULL, '2026-04-18 07:36:43.564023+00', 'player'),
	('ccdd5562-57cf-4c1e-8cd5-3f40d2da2f13', '50bb1174-3cbd-4826-b481-ca3ed2b68707', '7d8de2d1-27ae-4e2f-a3ef-6199d11b7214', 'df9b04fe-29a1-4833-b377-bd6ef4ecc8b2', '2026-04-18 07:36:46.88+00', NULL, '2026-04-18 07:36:46.918018+00', 'player'),
	('cbdc51d1-9bcc-4bcd-89d9-3ec7daa66f28', '8cda7c53-ab11-44dd-b2c5-6336a2a7ccf3', '7d8de2d1-27ae-4e2f-a3ef-6199d11b7214', 'df9b04fe-29a1-4833-b377-bd6ef4ecc8b2', '2026-04-18 07:36:50.008+00', NULL, '2026-04-18 07:36:50.046029+00', 'player'),
	('56ce70ca-2c9b-43f6-9a3c-86cd5043e5eb', '8b6a7cde-1413-4df7-9d18-bd3651b033a8', '7d8de2d1-27ae-4e2f-a3ef-6199d11b7214', 'df9b04fe-29a1-4833-b377-bd6ef4ecc8b2', '2026-04-18 07:36:53.223+00', NULL, '2026-04-18 07:36:53.255474+00', 'player'),
	('413ee0f6-6968-482e-b168-86a37f3742f7', '5920dd1b-c60c-4aee-8045-a3e21703254d', '7d8de2d1-27ae-4e2f-a3ef-6199d11b7214', 'df9b04fe-29a1-4833-b377-bd6ef4ecc8b2', '2026-04-18 07:36:56.949+00', NULL, '2026-04-18 07:36:56.981087+00', 'player'),
	('aab23d2d-9fcf-4636-87a5-7a25e913512b', 'c099a870-ae58-459d-a3bb-91ee68fb9a1f', '7d8de2d1-27ae-4e2f-a3ef-6199d11b7214', 'df9b04fe-29a1-4833-b377-bd6ef4ecc8b2', '2026-04-18 07:37:02.357+00', NULL, '2026-04-18 07:37:02.384042+00', 'player'),
	('cc1a133f-8d8b-4a10-af84-dd3d7e7117d1', '249d0f41-4134-4f15-ad01-ee8a43bd4a87', '7d8de2d1-27ae-4e2f-a3ef-6199d11b7214', 'df9b04fe-29a1-4833-b377-bd6ef4ecc8b2', '2026-04-18 07:37:05.65+00', NULL, '2026-04-18 07:37:05.68128+00', 'player'),
	('da517a61-d4f4-4023-9a29-1a4bc1692e50', '18185d79-d427-4cf0-820c-f759fa84121f', '7d8de2d1-27ae-4e2f-a3ef-6199d11b7214', 'df9b04fe-29a1-4833-b377-bd6ef4ecc8b2', '2026-04-18 07:37:08.852+00', NULL, '2026-04-18 07:37:08.882856+00', 'player'),
	('3d8ad3f8-7d58-41b5-80dc-55db995736d5', 'f66f5b98-b0e0-4e4e-88cb-17a0ff7e11f4', '7d8de2d1-27ae-4e2f-a3ef-6199d11b7214', 'df9b04fe-29a1-4833-b377-bd6ef4ecc8b2', '2026-04-18 07:37:12.317+00', NULL, '2026-04-18 07:37:12.348977+00', 'player'),
	('f03376fd-7138-464c-9a62-64bbda7be9f7', '1ccfbc39-18a9-4ff5-b4a1-b6d4b80262d6', '7d8de2d1-27ae-4e2f-a3ef-6199d11b7214', 'df9b04fe-29a1-4833-b377-bd6ef4ecc8b2', '2026-04-18 07:37:15.709+00', NULL, '2026-04-18 07:37:15.752769+00', 'player'),
	('45272db2-2fb1-4567-a1d4-65fa67c2e731', '73484fec-fd65-42a6-806c-71459ebd88f9', '7d8de2d1-27ae-4e2f-a3ef-6199d11b7214', 'df9b04fe-29a1-4833-b377-bd6ef4ecc8b2', '2026-04-18 07:37:18.661+00', NULL, '2026-04-18 07:37:18.691086+00', 'player'),
	('c049d2b9-81b0-4ff9-8f29-3a5871d17110', '3a35dc38-71d4-4069-9873-4504f66cf757', '7d8de2d1-27ae-4e2f-a3ef-6199d11b7214', 'df9b04fe-29a1-4833-b377-bd6ef4ecc8b2', '2026-04-18 07:36:26.327+00', NULL, '2026-04-18 07:36:26.362652+00', 'captain'),
	('8b5d2fdc-32e9-4028-b092-0b32a4ee5886', 'ae500781-bd13-492c-95b9-6ef8b9e45728', '7d8de2d1-27ae-4e2f-a3ef-6199d11b7214', 'df9b04fe-29a1-4833-b377-bd6ef4ecc8b2', '2026-04-18 07:36:29.846+00', NULL, '2026-04-18 07:36:29.884478+00', 'vice_captain'),
	('c208702e-41f1-448c-80fc-a67098c55a0d', 'a2cb90a0-f795-4903-8ce8-4bc36094f4bc', '7d8de2d1-27ae-4e2f-a3ef-6199d11b7214', 'df9b04fe-29a1-4833-b377-bd6ef4ecc8b2', '2026-04-18 07:36:33.651+00', NULL, '2026-04-18 07:36:33.68884+00', 'court_captain'),
	('298cce7a-f3d5-4d48-9ee8-0c3d049e7726', 'ded33f47-4b17-4c89-a31e-4d8419a8621a', '858c56b2-833c-4d8e-8f25-6d7e66fd4114', 'df9b04fe-29a1-4833-b377-bd6ef4ecc8b2', '2026-04-18 07:37:56.018+00', NULL, '2026-04-18 07:37:56.061754+00', 'player'),
	('bce0b075-0aec-4d63-bd8c-46d4c840f7bd', '4ae00d21-d74c-4272-be7d-ede43df7a693', '858c56b2-833c-4d8e-8f25-6d7e66fd4114', 'df9b04fe-29a1-4833-b377-bd6ef4ecc8b2', '2026-04-18 07:37:59.146+00', NULL, '2026-04-18 07:37:59.176693+00', 'player'),
	('5194856f-217e-41c0-965f-432339ee2c4b', 'bb1a2008-b179-431d-9dc6-463b332b7350', '858c56b2-833c-4d8e-8f25-6d7e66fd4114', 'df9b04fe-29a1-4833-b377-bd6ef4ecc8b2', '2026-04-18 07:38:02.524+00', NULL, '2026-04-18 07:38:02.559315+00', 'player'),
	('76b1da17-1bda-4ed3-a2a7-4be74a131e97', '2986eba6-646d-4fee-a1fc-fab60cbd2ca1', '858c56b2-833c-4d8e-8f25-6d7e66fd4114', 'df9b04fe-29a1-4833-b377-bd6ef4ecc8b2', '2026-04-18 07:38:06.103+00', NULL, '2026-04-18 07:38:06.13467+00', 'player'),
	('98f0836b-2993-4de8-bdee-29c8547d9a1c', '4899500f-96da-49c6-89f2-b001e3bf8be0', '858c56b2-833c-4d8e-8f25-6d7e66fd4114', 'df9b04fe-29a1-4833-b377-bd6ef4ecc8b2', '2026-04-18 07:38:10.097+00', NULL, '2026-04-18 07:38:10.133236+00', 'player'),
	('3d4382d0-94ec-4b4b-b20e-56b6e7e94da4', 'fb0f1f2f-0bbb-44c2-ba19-767849d50d94', '858c56b2-833c-4d8e-8f25-6d7e66fd4114', 'df9b04fe-29a1-4833-b377-bd6ef4ecc8b2', '2026-04-18 07:38:14.611+00', NULL, '2026-04-18 07:38:14.646758+00', 'player'),
	('94443dc6-f585-4d19-b2fe-68b8b4331f45', '0c5b786c-1034-4cd2-a209-998aeb312574', '858c56b2-833c-4d8e-8f25-6d7e66fd4114', 'df9b04fe-29a1-4833-b377-bd6ef4ecc8b2', '2026-04-18 07:38:18.046+00', NULL, '2026-04-18 07:38:18.075161+00', 'player'),
	('6a1001d4-8e7d-4b9c-9dbb-7cc60bfcf93d', 'ffe31e12-8270-475f-a6c3-aa668ef6ff3c', '858c56b2-833c-4d8e-8f25-6d7e66fd4114', 'df9b04fe-29a1-4833-b377-bd6ef4ecc8b2', '2026-04-18 07:38:21.783+00', NULL, '2026-04-18 07:38:21.815616+00', 'player'),
	('f1916b70-2458-41b1-b368-c09e72b77104', '10184643-d712-456d-82c7-9ff6c745c691', '858c56b2-833c-4d8e-8f25-6d7e66fd4114', 'df9b04fe-29a1-4833-b377-bd6ef4ecc8b2', '2026-04-18 07:38:25.343+00', NULL, '2026-04-18 07:38:25.386405+00', 'player'),
	('fca04230-55a5-4e1a-8bc7-b276ed6412da', '7340fc40-180d-40a9-bc56-d7f9c71b944c', '858c56b2-833c-4d8e-8f25-6d7e66fd4114', 'df9b04fe-29a1-4833-b377-bd6ef4ecc8b2', '2026-04-18 07:37:48.643+00', NULL, '2026-04-18 07:37:48.68248+00', 'captain'),
	('5f706188-82d2-41a6-9a16-338320e00409', 'e9f5edfc-eb0c-42de-a5ee-343aba88a868', '858c56b2-833c-4d8e-8f25-6d7e66fd4114', 'df9b04fe-29a1-4833-b377-bd6ef4ecc8b2', '2026-04-18 07:37:52.531+00', NULL, '2026-04-18 07:37:52.565546+00', 'court_captain'),
	('90a5a2e2-2006-4b36-b2c8-15881c21f2e7', '82d356c3-ff7d-41f9-a68e-e55a8088060f', '41e0c87b-5ddc-4b47-9ab8-0509f55498ea', 'df9b04fe-29a1-4833-b377-bd6ef4ecc8b2', '2026-04-18 07:52:41.329+00', NULL, '2026-04-18 07:52:41.814081+00', 'player'),
	('cf99dbd4-97c9-4f75-89e1-ac52c392532c', 'd7fb0131-cdc1-4c59-a544-02375de4e5b7', '41e0c87b-5ddc-4b47-9ab8-0509f55498ea', 'df9b04fe-29a1-4833-b377-bd6ef4ecc8b2', '2026-04-18 07:52:45.488+00', NULL, '2026-04-18 07:52:45.519292+00', 'player'),
	('5b74b4dc-0fe8-412b-8e88-ae247c34fac1', '933fa35c-3388-4c61-9355-869111591c7f', '41e0c87b-5ddc-4b47-9ab8-0509f55498ea', 'df9b04fe-29a1-4833-b377-bd6ef4ecc8b2', '2026-04-18 07:52:49.489+00', NULL, '2026-04-18 07:52:49.522133+00', 'player'),
	('72d02cc7-a137-4bd4-9d60-c141d446b496', 'a4d0f185-6bbf-4d9b-82d3-69a51d160ba1', '41e0c87b-5ddc-4b47-9ab8-0509f55498ea', 'df9b04fe-29a1-4833-b377-bd6ef4ecc8b2', '2026-04-18 07:52:54.418+00', NULL, '2026-04-18 07:52:54.456159+00', 'player'),
	('07105553-a538-4a5f-859f-bcb9901768ff', '57969195-5d4c-4f17-be1d-7de4d74de1af', '41e0c87b-5ddc-4b47-9ab8-0509f55498ea', 'df9b04fe-29a1-4833-b377-bd6ef4ecc8b2', '2026-04-18 07:52:58.039+00', NULL, '2026-04-18 07:52:58.074644+00', 'player'),
	('52a18652-4550-4784-9867-c566465ec497', 'd6de2c98-cccf-482a-b979-90232fba4af8', '41e0c87b-5ddc-4b47-9ab8-0509f55498ea', 'df9b04fe-29a1-4833-b377-bd6ef4ecc8b2', '2026-04-18 07:53:01.836+00', NULL, '2026-04-18 07:53:01.870184+00', 'player'),
	('fce841d4-82d9-4d5b-90f5-fef594a722cf', 'c41f31ea-64a8-40f9-98c9-b1de8c45c68e', '41e0c87b-5ddc-4b47-9ab8-0509f55498ea', 'df9b04fe-29a1-4833-b377-bd6ef4ecc8b2', '2026-04-18 07:53:05.346+00', NULL, '2026-04-18 07:53:05.376354+00', 'player'),
	('289f55a1-a7cf-4088-87ab-35bfd4c5017d', 'dc80cf50-9a92-455e-8770-69543ce9c272', '41e0c87b-5ddc-4b47-9ab8-0509f55498ea', 'df9b04fe-29a1-4833-b377-bd6ef4ecc8b2', '2026-04-18 07:53:08.727+00', NULL, '2026-04-18 07:53:08.756944+00', 'player'),
	('f7b418a5-d5a6-43ce-98be-ededb71f4e3f', '9f25c197-63fc-4a3f-959a-ee2419d3ad46', '41e0c87b-5ddc-4b47-9ab8-0509f55498ea', 'df9b04fe-29a1-4833-b377-bd6ef4ecc8b2', '2026-04-18 07:53:11.76+00', NULL, '2026-04-18 07:53:11.806072+00', 'player'),
	('2324062e-6e36-4e23-86a1-65f48efbe1d6', 'd43faa5e-f92a-4116-8ba8-778f36e1e963', '41e0c87b-5ddc-4b47-9ab8-0509f55498ea', 'df9b04fe-29a1-4833-b377-bd6ef4ecc8b2', '2026-04-18 07:53:15.215+00', NULL, '2026-04-18 07:53:15.249639+00', 'player'),
	('74c3b13f-802e-4270-bb76-3197315ca744', 'b54f1cfd-0cf8-4256-891f-598987e67787', '41e0c87b-5ddc-4b47-9ab8-0509f55498ea', 'df9b04fe-29a1-4833-b377-bd6ef4ecc8b2', '2026-04-18 07:53:18.655+00', NULL, '2026-04-18 07:53:18.687259+00', 'player'),
	('ee160b52-1adf-4065-9d92-aab3c5c556c4', '4eeb543f-0fe9-48b1-ad02-af29822e9cd6', '41e0c87b-5ddc-4b47-9ab8-0509f55498ea', 'df9b04fe-29a1-4833-b377-bd6ef4ecc8b2', '2026-04-18 07:53:22.063+00', NULL, '2026-04-18 07:53:22.102689+00', 'player'),
	('f6b239dd-c1c0-4ae3-a5d5-9fd905037e5b', '2d56da72-5d89-45a2-98e5-893715e25451', '41e0c87b-5ddc-4b47-9ab8-0509f55498ea', 'df9b04fe-29a1-4833-b377-bd6ef4ecc8b2', '2026-04-18 07:51:45.874+00', NULL, '2026-04-18 07:51:46.363397+00', 'captain'),
	('f6c9a80a-3401-4e9e-b3ee-7f66a492f6d6', '9a730326-b059-410e-ba52-09b35cc77fa1', '41e0c87b-5ddc-4b47-9ab8-0509f55498ea', 'df9b04fe-29a1-4833-b377-bd6ef4ecc8b2', '2026-04-18 07:51:50.631+00', NULL, '2026-04-18 07:51:50.672659+00', 'vice_captain'),
	('7648ef6e-a9e0-40c8-8263-fe50d54445cd', 'a45a7a27-89a9-4b1e-9e39-7700341b031f', '41e0c87b-5ddc-4b47-9ab8-0509f55498ea', 'df9b04fe-29a1-4833-b377-bd6ef4ecc8b2', '2026-04-18 07:52:30.614+00', NULL, '2026-04-18 07:52:30.647481+00', 'court_captain');


--
-- Data for Name: playoff_brackets; Type: TABLE DATA; Schema: public; Owner: postgres
--

INSERT INTO "public"."playoff_brackets" ("id", "season_id", "round", "match_id", "seed_home", "seed_away", "next_bracket_id", "winner_position", "created_at", "loser_next_bracket_id", "loser_position") VALUES
	('57c48f35-c927-4790-92c4-9f1489c2a2ce', 'df9b04fe-29a1-4833-b377-bd6ef4ecc8b2', 'round_of_16', '75ab8bd6-2571-43f1-9ca8-271f8eb0a631', 8, 9, 'ce4053f4-699f-49ec-a37b-3e89a2b251dd', 'away', '2026-03-22 16:02:51.620689+00', NULL, NULL),
	('86f60164-6083-4caf-a55a-7ed3c4396d34', 'df9b04fe-29a1-4833-b377-bd6ef4ecc8b2', 'round_of_16', 'a8e3dbb0-4f4b-4c79-892d-7e01efdfe42d', 6, 11, '73cdd7d3-0411-407d-828a-b0a0ec8b81ef', 'away', '2026-03-22 16:02:51.620689+00', NULL, NULL),
	('de7e1b25-1cb7-470b-a8bc-7374cbee5ba2', 'df9b04fe-29a1-4833-b377-bd6ef4ecc8b2', 'round_of_16', 'e8d90f8b-1c5d-47f9-8a8e-33320fa73c91', 7, 10, '1fa538b9-1580-40cf-9e61-fba67ac28102', 'away', '2026-03-22 16:02:51.620689+00', NULL, NULL),
	('bd30186c-44bd-4356-afdb-169b8913b3cd', 'df9b04fe-29a1-4833-b377-bd6ef4ecc8b2', 'play_in', '34df5ce3-8f50-4b53-bfa6-ba89c360c6db', 16, 17, 'bd18b8b6-6c03-4a36-8483-a8a051b655d0', 'away', '2026-03-22 16:02:51.620689+00', NULL, NULL),
	('3a0726e6-6167-437d-8794-fd288e75ee4f', 'df9b04fe-29a1-4833-b377-bd6ef4ecc8b2', 'round_of_16', 'cc233a2b-9fdf-47c2-870b-8d13252d8c78', 5, 12, 'af486c4d-2c6f-4675-bf03-393e5ec33ce7', 'away', '2026-03-22 16:02:51.620689+00', NULL, NULL),
	('235d65f6-b825-45b1-b9d4-f5429ad4acb5', 'df9b04fe-29a1-4833-b377-bd6ef4ecc8b2', 'play_in', '5b54eda8-c51e-4bee-8744-3db02c0a5cc1', 13, 20, 'e193ec8f-1c64-4814-87a5-70c0425d74a0', 'away', '2026-03-22 16:02:51.620689+00', NULL, NULL),
	('e193ec8f-1c64-4814-87a5-70c0425d74a0', 'df9b04fe-29a1-4833-b377-bd6ef4ecc8b2', 'round_of_16', '4bb1a05b-7d7e-4e9c-b9a8-327877b8c285', 4, 20, 'af486c4d-2c6f-4675-bf03-393e5ec33ce7', 'home', '2026-03-22 16:02:51.620689+00', NULL, NULL),
	('84157b4b-f301-4e98-99b9-79d3cfdf0b65', 'df9b04fe-29a1-4833-b377-bd6ef4ecc8b2', 'round_of_16', '6e21d9c5-b443-4db7-ade2-e65c919b8764', 3, 14, '73cdd7d3-0411-407d-828a-b0a0ec8b81ef', 'home', '2026-03-22 16:02:51.620689+00', NULL, NULL),
	('033582b1-8e03-48e1-9607-030013b6dcd3', 'df9b04fe-29a1-4833-b377-bd6ef4ecc8b2', 'round_of_16', '49aa8175-282c-4a8c-8a5e-6d371ed12527', 2, 15, '1fa538b9-1580-40cf-9e61-fba67ac28102', 'home', '2026-03-22 16:02:51.620689+00', NULL, NULL),
	('f88055c6-9325-43ba-ba38-c5650593bd9c', 'df9b04fe-29a1-4833-b377-bd6ef4ecc8b2', 'final', 'c80edf63-7e4f-41bd-bce6-e0fe2e87ed12', 12, 6, NULL, NULL, '2026-03-22 16:02:51.620689+00', NULL, NULL),
	('bd18b8b6-6c03-4a36-8483-a8a051b655d0', 'df9b04fe-29a1-4833-b377-bd6ef4ecc8b2', 'round_of_16', '2d9c88b8-d485-4bd3-a55e-708f0a341956', 1, 16, 'ce4053f4-699f-49ec-a37b-3e89a2b251dd', 'home', '2026-03-22 16:02:51.620689+00', NULL, NULL),
	('4b63a3db-4963-4c1f-95d8-70619dfa7589', 'df9b04fe-29a1-4833-b377-bd6ef4ecc8b2', 'third_place', '5e8176ec-ce1a-499e-a339-5587e31f3e24', 1, 2, NULL, NULL, '2026-03-22 16:02:51.620689+00', NULL, NULL),
	('af486c4d-2c6f-4675-bf03-393e5ec33ce7', 'df9b04fe-29a1-4833-b377-bd6ef4ecc8b2', 'quarterfinal', '2158a6c5-dadb-4311-bf69-bee5eb4019f1', 20, 12, '2f599cb8-9a7f-4836-873c-5f1de670214a', 'away', '2026-03-22 16:02:51.620689+00', NULL, NULL),
	('73cdd7d3-0411-407d-828a-b0a0ec8b81ef', 'df9b04fe-29a1-4833-b377-bd6ef4ecc8b2', 'quarterfinal', 'de5182be-3472-4939-8d0c-2426df9893d7', 14, 6, '629ce205-45e0-4dfd-82d1-b32e341a5832', 'away', '2026-03-22 16:02:51.620689+00', NULL, NULL),
	('786b668d-0fe2-45de-9af0-0d65cd75411f', 'df9b04fe-29a1-4833-b377-bd6ef4ecc8b2', 'play_in', '88fb74cb-dd7e-4815-b09d-3332220f9347', 14, 19, '84157b4b-f301-4e98-99b9-79d3cfdf0b65', 'away', '2026-03-22 16:02:51.620689+00', NULL, NULL),
	('9c6073b7-1e2e-4d2f-934d-2a4c67058804', 'df9b04fe-29a1-4833-b377-bd6ef4ecc8b2', 'play_in', '2e3c27e5-521f-4301-aa0c-b890f1a4c095', 15, 18, '033582b1-8e03-48e1-9607-030013b6dcd3', 'away', '2026-03-22 16:02:51.620689+00', NULL, NULL),
	('1fa538b9-1580-40cf-9e61-fba67ac28102', 'df9b04fe-29a1-4833-b377-bd6ef4ecc8b2', 'quarterfinal', '4bbb4c06-cfea-475e-b518-8c118665a74f', 2, 10, '629ce205-45e0-4dfd-82d1-b32e341a5832', 'home', '2026-03-22 16:02:51.620689+00', NULL, NULL),
	('ce4053f4-699f-49ec-a37b-3e89a2b251dd', 'df9b04fe-29a1-4833-b377-bd6ef4ecc8b2', 'quarterfinal', '281b24cf-af4b-454d-ae61-809bcf242a55', 1, 8, '2f599cb8-9a7f-4836-873c-5f1de670214a', 'home', '2026-03-22 16:02:51.620689+00', NULL, NULL),
	('629ce205-45e0-4dfd-82d1-b32e341a5832', 'df9b04fe-29a1-4833-b377-bd6ef4ecc8b2', 'semifinal', 'd67a8a51-dec0-48d0-86b1-6b07ebbc2c1a', 2, 6, 'f88055c6-9325-43ba-ba38-c5650593bd9c', 'away', '2026-03-22 16:02:51.620689+00', '4b63a3db-4963-4c1f-95d8-70619dfa7589', 'away'),
	('2f599cb8-9a7f-4836-873c-5f1de670214a', 'df9b04fe-29a1-4833-b377-bd6ef4ecc8b2', 'semifinal', '05052ece-2c9a-4b54-8994-a1bffc16fcea', 1, 12, 'f88055c6-9325-43ba-ba38-c5650593bd9c', 'home', '2026-03-22 16:02:51.620689+00', '4b63a3db-4963-4c1f-95d8-70619dfa7589', 'home');


--
-- Data for Name: user_roles; Type: TABLE DATA; Schema: public; Owner: postgres
--

INSERT INTO "public"."user_roles" ("id", "user_id", "role", "promoted_by", "promoted_at", "created_at", "updated_at") VALUES
	('19bfa33a-a9a5-4991-aaf8-962cbc784202', 'bc5a6bea-7a6b-4946-990f-ef2ba0ad78bc', 'super_admin', NULL, '2026-02-24 09:46:29+00', '2026-02-24 09:46:31+00', '2026-02-24 09:46:32+00'),
	('70110e4c-cae4-4dd1-a84f-1bdf61f4c261', 'ede4f9c4-2f56-431e-b6fc-6b420dabc1d1', 'admin', 'bc5a6bea-7a6b-4946-990f-ef2ba0ad78bc', '2026-03-04 08:39:58.246476+00', '2026-03-04 08:39:58.246476+00', NULL),
	('2981f3ff-9e9e-434d-b378-bcdbe222ed73', '28701cc0-5ea5-4083-8953-65493a8a05d0', 'admin', 'bc5a6bea-7a6b-4946-990f-ef2ba0ad78bc', '2026-03-04 08:41:08.166763+00', '2026-03-04 08:41:08.166763+00', NULL);


--
-- Data for Name: buckets; Type: TABLE DATA; Schema: storage; Owner: supabase_storage_admin
--

INSERT INTO "storage"."buckets" ("id", "name", "owner", "created_at", "updated_at", "public", "avif_autodetection", "file_size_limit", "allowed_mime_types", "owner_id", "type") VALUES
	('public-assets', 'public-assets', NULL, '2026-02-07 06:16:51.320359+00', '2026-02-07 06:16:51.320359+00', true, false, NULL, NULL, NULL, 'STANDARD');


--
-- Data for Name: buckets_analytics; Type: TABLE DATA; Schema: storage; Owner: supabase_storage_admin
--



--
-- Data for Name: buckets_vectors; Type: TABLE DATA; Schema: storage; Owner: supabase_storage_admin
--



--
-- Data for Name: objects; Type: TABLE DATA; Schema: storage; Owner: supabase_storage_admin
--

INSERT INTO "storage"."objects" ("id", "bucket_id", "name", "owner", "created_at", "updated_at", "last_accessed_at", "metadata", "version", "owner_id", "user_metadata") VALUES
	('e4b7e3d1-2953-435a-9660-4e11e1d11031', 'public-assets', 'teams/7d8de2d1-27ae-4e2f-a3ef-6199d11b7214_1773039170079.webp', 'bc5a6bea-7a6b-4946-990f-ef2ba0ad78bc', '2026-03-09 06:52:50.694465+00', '2026-03-09 06:52:50.694465+00', '2026-03-09 06:52:50.694465+00', '{"eTag": "\"1e5b24625fbee27044a9633afbbb3c31\"", "size": 22210, "mimetype": "image/webp", "cacheControl": "max-age=3600", "lastModified": "2026-03-09T06:52:51.000Z", "contentLength": 22210, "httpStatusCode": 200}', '77229979-f57c-4cd9-b978-205073e0d9aa', 'bc5a6bea-7a6b-4946-990f-ef2ba0ad78bc', '{}'),
	('8ad7b3e6-5b50-4ba9-9093-e7411213d584', 'public-assets', 'teams/.emptyFolderPlaceholder', NULL, '2026-02-28 08:10:35.664686+00', '2026-02-28 08:10:35.664686+00', '2026-02-28 08:10:35.664686+00', '{"eTag": "\"d41d8cd98f00b204e9800998ecf8427e\"", "size": 0, "mimetype": "application/octet-stream", "cacheControl": "max-age=3600", "lastModified": "2026-02-28T08:10:35.672Z", "contentLength": 0, "httpStatusCode": 200}', 'ceb984de-2917-47b4-9956-987fe95785b8', NULL, '{}'),
	('d9cd8ea1-4426-407f-a7a3-ccfe58795894', 'public-assets', 'teams/5e4979a4-d119-4b24-9d76-2ad7e234c744.png', 'bc5a6bea-7a6b-4946-990f-ef2ba0ad78bc', '2026-02-28 08:17:02.69252+00', '2026-02-28 08:17:02.69252+00', '2026-02-28 08:17:02.69252+00', '{"eTag": "\"34d154336e13f0c2f09de6de82867aa1\"", "size": 5398, "mimetype": "image/png", "cacheControl": "max-age=3600", "lastModified": "2026-02-28T08:17:03.000Z", "contentLength": 5398, "httpStatusCode": 200}', '5e8eac5b-b3a1-4367-8f76-6f9f049bd8ba', 'bc5a6bea-7a6b-4946-990f-ef2ba0ad78bc', '{}'),
	('656ad9dd-510f-45e5-a554-92f6fd1c4c0b', 'public-assets', 'teams/71fc4973-e0d6-4d87-97dc-7d010c069aef.png', 'bc5a6bea-7a6b-4946-990f-ef2ba0ad78bc', '2026-03-01 15:31:29.942813+00', '2026-03-01 15:31:29.942813+00', '2026-03-01 15:31:29.942813+00', '{"eTag": "\"f12249795011fe4240b6462508c65796\"", "size": 44202, "mimetype": "image/png", "cacheControl": "max-age=3600", "lastModified": "2026-03-01T15:31:30.000Z", "contentLength": 44202, "httpStatusCode": 200}', 'ddf44358-741a-4237-9098-08c0f015c26b', 'bc5a6bea-7a6b-4946-990f-ef2ba0ad78bc', '{}'),
	('f4ade893-a4d8-4bda-b684-f933e33d7ecc', 'public-assets', 'teams/5e09b019-7325-4bb5-a2db-1f1dd5cf5a7f.png', 'bc5a6bea-7a6b-4946-990f-ef2ba0ad78bc', '2026-03-01 15:31:48.82854+00', '2026-03-01 15:31:48.82854+00', '2026-03-01 15:31:48.82854+00', '{"eTag": "\"09387599840fbed660b7155ba2a3e381\"", "size": 12209, "mimetype": "image/png", "cacheControl": "max-age=3600", "lastModified": "2026-03-01T15:31:49.000Z", "contentLength": 12209, "httpStatusCode": 200}', '87181344-d123-4443-98af-f8f4ccb59f11', 'bc5a6bea-7a6b-4946-990f-ef2ba0ad78bc', '{}'),
	('fdf13ab1-d5d8-4f59-913a-d23446c38a9b', 'public-assets', 'teams/d05fdbdf-d4d9-43b5-b3c1-78a81b31138b.png', 'bc5a6bea-7a6b-4946-990f-ef2ba0ad78bc', '2026-03-01 15:33:06.746285+00', '2026-03-01 15:33:06.746285+00', '2026-03-01 15:33:06.746285+00', '{"eTag": "\"1bfa46c61bc2c3b22db02b5c8f87559d\"", "size": 12003, "mimetype": "image/png", "cacheControl": "max-age=3600", "lastModified": "2026-03-01T15:33:07.000Z", "contentLength": 12003, "httpStatusCode": 200}', 'c713c486-d917-4f0f-a7da-7dafced88223', 'bc5a6bea-7a6b-4946-990f-ef2ba0ad78bc', '{}'),
	('8c6536f1-be81-4bec-a860-e7f56defbde8', 'public-assets', 'teams/703c7299-2d5b-42a4-8b32-79241c01070c.png', 'bc5a6bea-7a6b-4946-990f-ef2ba0ad78bc', '2026-03-05 07:53:04.254258+00', '2026-03-05 07:53:04.254258+00', '2026-03-05 07:53:04.254258+00', '{"eTag": "\"f70883ea9b8587741fb98fe582e2dc46\"", "size": 11683, "mimetype": "image/png", "cacheControl": "max-age=3600", "lastModified": "2026-03-05T07:53:05.000Z", "contentLength": 11683, "httpStatusCode": 200}', 'f83f74ad-2857-43e5-b270-b90498122b79', 'bc5a6bea-7a6b-4946-990f-ef2ba0ad78bc', '{}'),
	('b32b340a-ff46-4fbe-b810-7d1d7acd4570', 'public-assets', 'teams/35899d6c-813e-48a1-8f0e-34bc5d8a567a.png', 'bc5a6bea-7a6b-4946-990f-ef2ba0ad78bc', '2026-03-05 12:53:58.446062+00', '2026-03-05 12:53:58.446062+00', '2026-03-05 12:53:58.446062+00', '{"eTag": "\"a7bb475d44e1d128a260b83cdde850d5\"", "size": 5033, "mimetype": "image/png", "cacheControl": "max-age=3600", "lastModified": "2026-03-05T12:53:59.000Z", "contentLength": 5033, "httpStatusCode": 200}', '4e9fed0e-5d13-4bfb-81d0-ed9ee6c4faaf', 'bc5a6bea-7a6b-4946-990f-ef2ba0ad78bc', '{}'),
	('766bdf22-27bd-4180-9a6a-3da641c1d5d1', 'public-assets', 'teams/a932d1c5-fcf5-4331-92c9-b2805ce06b87.png', 'bc5a6bea-7a6b-4946-990f-ef2ba0ad78bc', '2026-03-05 12:54:51.149713+00', '2026-03-05 12:54:51.149713+00', '2026-03-05 12:54:51.149713+00', '{"eTag": "\"620182e93a6aa10cd8785fba52a0c51d\"", "size": 2918, "mimetype": "image/png", "cacheControl": "max-age=3600", "lastModified": "2026-03-05T12:54:52.000Z", "contentLength": 2918, "httpStatusCode": 200}', '9cbcb32b-51a6-41f0-951f-9cd95bcad4cc', 'bc5a6bea-7a6b-4946-990f-ef2ba0ad78bc', '{}'),
	('820c6a5e-94bc-4748-a1bf-683f19c90cae', 'public-assets', 'teams/a512e347-a077-4aa2-a92c-2f0e991c0d65.png', 'bc5a6bea-7a6b-4946-990f-ef2ba0ad78bc', '2026-03-05 12:55:32.502974+00', '2026-03-05 12:55:32.502974+00', '2026-03-05 12:55:32.502974+00', '{"eTag": "\"df76d8172b0539ea8da3b92d3852423f\"", "size": 19390, "mimetype": "image/png", "cacheControl": "max-age=3600", "lastModified": "2026-03-05T12:55:33.000Z", "contentLength": 19390, "httpStatusCode": 200}', '26843d31-910f-40d3-8e00-6827351367d7', 'bc5a6bea-7a6b-4946-990f-ef2ba0ad78bc', '{}'),
	('ef13996b-3af0-461f-a2a7-b91f9d54afbe', 'public-assets', 'teams/9d938e02-c7bb-45d4-a41e-5d7ee30aea58.png', 'bc5a6bea-7a6b-4946-990f-ef2ba0ad78bc', '2026-03-05 12:57:04.858838+00', '2026-03-05 12:57:04.858838+00', '2026-03-05 12:57:04.858838+00', '{"eTag": "\"e7f2ab287c225c95d1e83e304c9d610d\"", "size": 81076, "mimetype": "image/png", "cacheControl": "max-age=3600", "lastModified": "2026-03-05T12:57:05.000Z", "contentLength": 81076, "httpStatusCode": 200}', '9459c0f7-1379-4d2c-85d7-93ed7e32045e', 'bc5a6bea-7a6b-4946-990f-ef2ba0ad78bc', '{}'),
	('9677d326-9881-4141-979f-c31a513cef83', 'public-assets', 'teams/9045442a-78f9-4849-b8e6-79ba9cda3dfb.png', 'bc5a6bea-7a6b-4946-990f-ef2ba0ad78bc', '2026-03-05 12:57:34.8285+00', '2026-03-05 12:57:34.8285+00', '2026-03-05 12:57:34.8285+00', '{"eTag": "\"99cc2ac3c863fc89d3cbdb6339ca630d\"", "size": 4989, "mimetype": "image/png", "cacheControl": "max-age=3600", "lastModified": "2026-03-05T12:57:35.000Z", "contentLength": 4989, "httpStatusCode": 200}', '48d98164-4c9c-4302-943d-f0b4fd702668', 'bc5a6bea-7a6b-4946-990f-ef2ba0ad78bc', '{}'),
	('824e619e-b8fc-4908-9f94-d52fc2627b64', 'public-assets', 'teams/3e710bf4-4f87-4562-b3f7-f611bbaf49f9.webp', 'bc5a6bea-7a6b-4946-990f-ef2ba0ad78bc', '2026-03-06 00:44:47.377761+00', '2026-03-06 00:44:47.377761+00', '2026-03-06 00:44:47.377761+00', '{"eTag": "\"7f4e06cd984be608fd0c121f3fc47a5f\"", "size": 31666, "mimetype": "image/webp", "cacheControl": "max-age=3600", "lastModified": "2026-03-06T00:44:48.000Z", "contentLength": 31666, "httpStatusCode": 200}', '59021302-0228-439d-8a89-165d058abf97', 'bc5a6bea-7a6b-4946-990f-ef2ba0ad78bc', '{}'),
	('fb8e5ae6-4783-4a85-8384-5e2305449575', 'public-assets', 'teams/8a4778cd-3d91-493d-b5f8-5db7bd20dd4a.webp', 'bc5a6bea-7a6b-4946-990f-ef2ba0ad78bc', '2026-03-09 06:03:15.913584+00', '2026-03-09 06:03:15.913584+00', '2026-03-09 06:03:15.913584+00', '{"eTag": "\"571fed08f59af56be5c9b4db7764e110\"", "size": 14056, "mimetype": "image/webp", "cacheControl": "max-age=3600", "lastModified": "2026-03-09T06:03:16.000Z", "contentLength": 14056, "httpStatusCode": 200}', 'a1831d57-4a96-4e67-a587-6c0a358c893a', 'bc5a6bea-7a6b-4946-990f-ef2ba0ad78bc', '{}'),
	('769a113b-afac-4ee4-ac9d-8dbeb1ef3300', 'public-assets', 'teams/e965449c-cce3-4ea4-ac78-13765ad8b39b.webp', 'bc5a6bea-7a6b-4946-990f-ef2ba0ad78bc', '2026-03-09 06:06:02.791327+00', '2026-03-09 06:06:02.791327+00', '2026-03-09 06:06:02.791327+00', '{"eTag": "\"5ac8c40f35487b363ee49568f8e226c3\"", "size": 17338, "mimetype": "image/webp", "cacheControl": "max-age=3600", "lastModified": "2026-03-09T06:06:03.000Z", "contentLength": 17338, "httpStatusCode": 200}', '5944019f-beb2-4f35-b5e3-499a1d9d6e82', 'bc5a6bea-7a6b-4946-990f-ef2ba0ad78bc', '{}'),
	('303ed665-85fd-4dfe-8ce5-cdefba4f2ca1', 'public-assets', 'teams/84a6b9a6-bf90-4b39-b3f0-a979736a7d64_1773039197244.webp', 'bc5a6bea-7a6b-4946-990f-ef2ba0ad78bc', '2026-03-09 06:53:17.398001+00', '2026-03-09 06:53:17.398001+00', '2026-03-09 06:53:17.398001+00', '{"eTag": "\"9a27fa39cb02b2f38544a6d8cf99c7f9\"", "size": 22240, "mimetype": "image/webp", "cacheControl": "max-age=3600", "lastModified": "2026-03-09T06:53:18.000Z", "contentLength": 22240, "httpStatusCode": 200}', '8989af5d-7d81-4124-9418-840843b19325', 'bc5a6bea-7a6b-4946-990f-ef2ba0ad78bc', '{}'),
	('e6ee949f-d959-4889-aad0-8fe76637eb2d', 'public-assets', 'teams/a743626a-f54f-4471-be1f-fb94708db317.webp', 'bc5a6bea-7a6b-4946-990f-ef2ba0ad78bc', '2026-03-09 06:08:47.300588+00', '2026-03-09 06:08:47.300588+00', '2026-03-09 06:08:47.300588+00', '{"eTag": "\"68aac41e9af3e495576eca3a1d0eb1cd\"", "size": 13362, "mimetype": "image/webp", "cacheControl": "max-age=3600", "lastModified": "2026-03-09T06:08:48.000Z", "contentLength": 13362, "httpStatusCode": 200}', 'bda10c60-ca09-4b0a-b72d-d8361e3cb376', 'bc5a6bea-7a6b-4946-990f-ef2ba0ad78bc', '{}'),
	('0dae1ebd-627e-4d45-b7f1-7e61d1fa3d6e', 'public-assets', 'teams/310015ca-fca4-4aea-b6ff-5b6260671af3.webp', 'bc5a6bea-7a6b-4946-990f-ef2ba0ad78bc', '2026-03-09 06:09:23.664768+00', '2026-03-09 06:09:23.664768+00', '2026-03-09 06:09:23.664768+00', '{"eTag": "\"4bbf5404f131e78088c0774ea60d6f98\"", "size": 36548, "mimetype": "image/webp", "cacheControl": "max-age=3600", "lastModified": "2026-03-09T06:09:24.000Z", "contentLength": 36548, "httpStatusCode": 200}', '89a925d3-45aa-4cc0-a018-0a71a7e8d0ed', 'bc5a6bea-7a6b-4946-990f-ef2ba0ad78bc', '{}'),
	('9185da8c-692c-4c54-9475-2528014faad9', 'public-assets', 'teams/20d1191c-9e4a-4c57-9f2b-9201fef0f5f4.webp', 'bc5a6bea-7a6b-4946-990f-ef2ba0ad78bc', '2026-03-09 06:09:44.063253+00', '2026-03-09 06:09:44.063253+00', '2026-03-09 06:09:44.063253+00', '{"eTag": "\"a7802b3c0cf15684e4c8b4248c7babcf\"", "size": 13678, "mimetype": "image/webp", "cacheControl": "max-age=3600", "lastModified": "2026-03-09T06:09:45.000Z", "contentLength": 13678, "httpStatusCode": 200}', '91a1896f-d40f-422f-9269-17cf11ad97a3', 'bc5a6bea-7a6b-4946-990f-ef2ba0ad78bc', '{}'),
	('7edd4cd8-189a-4eee-9747-7e3a19263a17', 'public-assets', 'teams/7cde1c52-8c8f-4817-be9b-6ed423d200f6.webp', 'bc5a6bea-7a6b-4946-990f-ef2ba0ad78bc', '2026-03-09 06:10:28.947847+00', '2026-03-09 06:10:28.947847+00', '2026-03-09 06:10:28.947847+00', '{"eTag": "\"1d3c65676ef2350eaed782467d9f488b\"", "size": 22088, "mimetype": "image/webp", "cacheControl": "max-age=3600", "lastModified": "2026-03-09T06:10:29.000Z", "contentLength": 22088, "httpStatusCode": 200}', 'a8ecbff8-8a47-4847-99c0-41dbca2cb2ca', 'bc5a6bea-7a6b-4946-990f-ef2ba0ad78bc', '{}'),
	('f783e5e2-2a8d-450a-8063-2ed994e32b3a', 'public-assets', 'teams/41e0c87b-5ddc-4b47-9ab8-0509f55498ea_1773114375726.webp', 'bc5a6bea-7a6b-4946-990f-ef2ba0ad78bc', '2026-03-10 03:46:16.393089+00', '2026-03-10 03:46:16.393089+00', '2026-03-10 03:46:16.393089+00', '{"eTag": "\"8e6346d680970cf7d7addd57061f1cb7\"", "size": 12284, "mimetype": "image/webp", "cacheControl": "max-age=3600", "lastModified": "2026-03-10T03:46:17.000Z", "contentLength": 12284, "httpStatusCode": 200}', '87060f50-6a5b-45d5-ba5b-3b12412b60d6', 'bc5a6bea-7a6b-4946-990f-ef2ba0ad78bc', '{}'),
	('d147bbd1-5155-4f4b-8bba-7efe1fc73883', 'public-assets', 'teams/467a64d6-8686-44c0-854a-d96e2e9566bc.webp', 'bc5a6bea-7a6b-4946-990f-ef2ba0ad78bc', '2026-03-09 06:10:55.000234+00', '2026-03-09 06:10:55.000234+00', '2026-03-09 06:10:55.000234+00', '{"eTag": "\"86362a3470129c311378a15900ff507e\"", "size": 21018, "mimetype": "image/webp", "cacheControl": "max-age=3600", "lastModified": "2026-03-09T06:10:55.000Z", "contentLength": 21018, "httpStatusCode": 200}', '55661082-8ca1-4705-83ce-001c9f059d58', 'bc5a6bea-7a6b-4946-990f-ef2ba0ad78bc', '{}'),
	('81311b45-8c39-4c68-96b3-198a5127d26f', 'public-assets', 'teams/3e074193-2a5f-4123-9db4-9c54591afed3.webp', 'bc5a6bea-7a6b-4946-990f-ef2ba0ad78bc', '2026-03-09 06:12:07.714224+00', '2026-03-09 06:12:07.714224+00', '2026-03-09 06:12:07.714224+00', '{"eTag": "\"415236c15636c2c2a9e4a5e3bfcbea2b\"", "size": 42654, "mimetype": "image/webp", "cacheControl": "max-age=3600", "lastModified": "2026-03-09T06:12:08.000Z", "contentLength": 42654, "httpStatusCode": 200}', '938386f5-a22c-4b79-8c75-a2ab8b9dcd4b', 'bc5a6bea-7a6b-4946-990f-ef2ba0ad78bc', '{}'),
	('60dbfe6c-27a3-4d61-b4f9-403bc270c186', 'public-assets', 'teams/9da197c7-e0f1-4b6b-8c28-87d070e1dcef.webp', 'bc5a6bea-7a6b-4946-990f-ef2ba0ad78bc', '2026-03-09 06:12:51.172191+00', '2026-03-09 06:12:51.172191+00', '2026-03-09 06:12:51.172191+00', '{"eTag": "\"694d48af63a1510b92c0c7508219e4f2\"", "size": 5184, "mimetype": "image/webp", "cacheControl": "max-age=3600", "lastModified": "2026-03-09T06:12:52.000Z", "contentLength": 5184, "httpStatusCode": 200}', '81bfb1f2-e951-4f4b-8ec4-be23ec35ba89', 'bc5a6bea-7a6b-4946-990f-ef2ba0ad78bc', '{}'),
	('6cb2a06d-87aa-42ab-8103-20aedb8790f4', 'public-assets', 'teams/825ef03c-091f-4564-8835-087031027f4f_1773039221279.webp', 'bc5a6bea-7a6b-4946-990f-ef2ba0ad78bc', '2026-03-09 06:53:41.450312+00', '2026-03-09 06:53:41.450312+00', '2026-03-09 06:53:41.450312+00', '{"eTag": "\"24ddff3da50b3de0eb3b1ac98bbef90e\"", "size": 11828, "mimetype": "image/webp", "cacheControl": "max-age=3600", "lastModified": "2026-03-09T06:53:42.000Z", "contentLength": 11828, "httpStatusCode": 200}', '78a8b09b-6501-4ab8-ac70-2139e175d8a9', 'bc5a6bea-7a6b-4946-990f-ef2ba0ad78bc', '{}'),
	('0dd21929-0ffb-4565-b920-426057e517e3', 'public-assets', 'teams/ae9ce8a8-29de-48af-be5d-6b3c2f1636b7_1773123758403.webp', 'bc5a6bea-7a6b-4946-990f-ef2ba0ad78bc', '2026-03-10 06:22:38.90423+00', '2026-03-10 06:22:38.90423+00', '2026-03-10 06:22:38.90423+00', '{"eTag": "\"57fdd590aa06b9f633f42b91478d6e16\"", "size": 5664, "mimetype": "image/webp", "cacheControl": "max-age=3600", "lastModified": "2026-03-10T06:22:39.000Z", "contentLength": 5664, "httpStatusCode": 200}', 'c43c6c32-da02-4da7-b495-72f7c0b78e04', 'bc5a6bea-7a6b-4946-990f-ef2ba0ad78bc', '{}'),
	('a9135918-bd64-4be9-b456-c478abe25e29', 'public-assets', 'teams/71cf4756-9037-4c6b-aa4b-9fa434d94abb.webp', 'bc5a6bea-7a6b-4946-990f-ef2ba0ad78bc', '2026-03-09 06:13:13.219069+00', '2026-03-09 06:13:13.219069+00', '2026-03-09 06:13:13.219069+00', '{"eTag": "\"e6377e4b9a5ba5f0619201749c25f15f\"", "size": 23074, "mimetype": "image/webp", "cacheControl": "max-age=3600", "lastModified": "2026-03-09T06:13:14.000Z", "contentLength": 23074, "httpStatusCode": 200}', '709863da-340c-4e8e-8c7d-2db50d448fba', 'bc5a6bea-7a6b-4946-990f-ef2ba0ad78bc', '{}'),
	('6867da3a-20bf-4bcd-87db-0274b117839f', 'public-assets', 'teams/3b29ebcc-9d35-4f64-8db3-a847349c671e_1773042009473.webp', 'bc5a6bea-7a6b-4946-990f-ef2ba0ad78bc', '2026-03-09 07:40:09.703881+00', '2026-03-09 07:40:09.703881+00', '2026-03-09 07:40:09.703881+00', '{"eTag": "\"da5c2088f27105ad35dce92345a1a514\"", "size": 16418, "mimetype": "image/webp", "cacheControl": "max-age=3600", "lastModified": "2026-03-09T07:40:10.000Z", "contentLength": 16418, "httpStatusCode": 200}', 'bd31ff10-e3f6-402f-95e4-ec78ee9a5f5e', 'bc5a6bea-7a6b-4946-990f-ef2ba0ad78bc', '{}'),
	('6d4e2242-8b2c-4b55-b48b-8c0788ab76d0', 'public-assets', 'teams/bc0b94c1-24ce-4641-ad10-280d461751fd_1773038388951.webp', 'bc5a6bea-7a6b-4946-990f-ef2ba0ad78bc', '2026-03-09 06:39:49.557774+00', '2026-03-09 06:39:49.557774+00', '2026-03-09 06:39:49.557774+00', '{"eTag": "\"34ebacf9276d5f67b9fc19d591b5f484\"", "size": 7298, "mimetype": "image/webp", "cacheControl": "max-age=3600", "lastModified": "2026-03-09T06:39:50.000Z", "contentLength": 7298, "httpStatusCode": 200}', '6786f730-206d-41cd-9bc9-2383336656d8', 'bc5a6bea-7a6b-4946-990f-ef2ba0ad78bc', '{}'),
	('9305a108-3238-477b-b78e-1aeb6110f220', 'public-assets', 'teams/858c56b2-833c-4d8e-8f25-6d7e66fd4114_1773306140163.webp', 'bc5a6bea-7a6b-4946-990f-ef2ba0ad78bc', '2026-03-12 09:02:20.864614+00', '2026-03-12 09:02:20.864614+00', '2026-03-12 09:02:20.864614+00', '{"eTag": "\"9e8c4d9e24b0464f6bc12b7464419b65\"", "size": 22898, "mimetype": "image/webp", "cacheControl": "max-age=3600", "lastModified": "2026-03-12T09:02:21.000Z", "contentLength": 22898, "httpStatusCode": 200}', '3e0497ff-db24-4f7e-b5d9-baae916c96c4', 'bc5a6bea-7a6b-4946-990f-ef2ba0ad78bc', '{}');


--
-- Data for Name: s3_multipart_uploads; Type: TABLE DATA; Schema: storage; Owner: supabase_storage_admin
--



--
-- Data for Name: s3_multipart_uploads_parts; Type: TABLE DATA; Schema: storage; Owner: supabase_storage_admin
--



--
-- Data for Name: vector_indexes; Type: TABLE DATA; Schema: storage; Owner: supabase_storage_admin
--



--
-- Name: refresh_tokens_id_seq; Type: SEQUENCE SET; Schema: auth; Owner: supabase_auth_admin
--

SELECT pg_catalog.setval('"auth"."refresh_tokens_id_seq"', 384, true);


--
-- PostgreSQL database dump complete
--

-- \unrestrict mtPqWPYD8IsoYRKrgnSWPagzzdIuVyUzS9ecJoe2uWJmjTWdmfkVKVOCQj9FYEh

RESET ALL;
